ISO-10303-21;
HEADER;
/* Generated by software containing ST-Developer
 * from STEP Tools, Inc. (www.steptools.com) 
 */

FILE_DESCRIPTION(
/* description */ (''),
/* implementation_level */ '2;1');

FILE_NAME(
/* name */ 'back-tab-clamp-right.step',
/* time_stamp */ '2026-01-16T09:56:43-08:00',
/* author */ (''),
/* organization */ (''),
/* preprocessor_version */ 'ST-DEVELOPER v20.1',
/* originating_system */ 'Autodesk Translation Framework v14.21.0.0',
/* authorisation */ '');

FILE_SCHEMA (('AUTOMOTIVE_DESIGN { 1 0 10303 214 3 1 1 }'));
ENDSEC;

DATA;
#10=MECHANICAL_DESIGN_GEOMETRIC_PRESENTATION_REPRESENTATION('',(#13),#3371);
#11=SHAPE_REPRESENTATION_RELATIONSHIP('SRR','None',#3378,#12);
#12=ADVANCED_BREP_SHAPE_REPRESENTATION('',(#14),#3370);
#13=STYLED_ITEM('',(#3387),#14);
#14=MANIFOLD_SOLID_BREP('Body1',#2119);
#15=CYLINDRICAL_SURFACE('',#2141,1.55);
#16=CYLINDRICAL_SURFACE('',#2145,1.);
#17=CYLINDRICAL_SURFACE('',#2152,1.);
#18=CYLINDRICAL_SURFACE('',#2155,1.);
#19=CYLINDRICAL_SURFACE('',#2156,1.);
#20=CYLINDRICAL_SURFACE('',#2239,1.55);
#21=FACE_BOUND('',#140,.T.);
#22=FACE_BOUND('',#238,.T.);
#23=FACE_BOUND('',#240,.T.);
#24=FACE_BOUND('',#243,.T.);
#25=CIRCLE('',#2134,1.55);
#26=CIRCLE('',#2136,1.);
#27=CIRCLE('',#2137,1.);
#28=CIRCLE('',#2138,1.);
#29=CIRCLE('',#2139,1.);
#30=CIRCLE('',#2142,1.55);
#31=CIRCLE('',#2146,1.);
#32=CIRCLE('',#2149,1.);
#33=CIRCLE('',#2150,1.);
#34=CIRCLE('',#2151,1.);
#35=CIRCLE('',#2240,1.55);
#36=CIRCLE('',#2241,1.55);
#37=FACE_OUTER_BOUND('',#139,.T.);
#38=FACE_OUTER_BOUND('',#141,.T.);
#39=FACE_OUTER_BOUND('',#142,.T.);
#40=FACE_OUTER_BOUND('',#143,.T.);
#41=FACE_OUTER_BOUND('',#144,.T.);
#42=FACE_OUTER_BOUND('',#145,.T.);
#43=FACE_OUTER_BOUND('',#146,.T.);
#44=FACE_OUTER_BOUND('',#147,.T.);
#45=FACE_OUTER_BOUND('',#148,.T.);
#46=FACE_OUTER_BOUND('',#149,.T.);
#47=FACE_OUTER_BOUND('',#150,.T.);
#48=FACE_OUTER_BOUND('',#151,.T.);
#49=FACE_OUTER_BOUND('',#152,.T.);
#50=FACE_OUTER_BOUND('',#153,.T.);
#51=FACE_OUTER_BOUND('',#154,.T.);
#52=FACE_OUTER_BOUND('',#155,.T.);
#53=FACE_OUTER_BOUND('',#156,.T.);
#54=FACE_OUTER_BOUND('',#157,.T.);
#55=FACE_OUTER_BOUND('',#158,.T.);
#56=FACE_OUTER_BOUND('',#159,.T.);
#57=FACE_OUTER_BOUND('',#160,.T.);
#58=FACE_OUTER_BOUND('',#161,.T.);
#59=FACE_OUTER_BOUND('',#162,.T.);
#60=FACE_OUTER_BOUND('',#163,.T.);
#61=FACE_OUTER_BOUND('',#164,.T.);
#62=FACE_OUTER_BOUND('',#165,.T.);
#63=FACE_OUTER_BOUND('',#166,.T.);
#64=FACE_OUTER_BOUND('',#167,.T.);
#65=FACE_OUTER_BOUND('',#168,.T.);
#66=FACE_OUTER_BOUND('',#169,.T.);
#67=FACE_OUTER_BOUND('',#170,.T.);
#68=FACE_OUTER_BOUND('',#171,.T.);
#69=FACE_OUTER_BOUND('',#172,.T.);
#70=FACE_OUTER_BOUND('',#173,.T.);
#71=FACE_OUTER_BOUND('',#174,.T.);
#72=FACE_OUTER_BOUND('',#175,.T.);
#73=FACE_OUTER_BOUND('',#176,.T.);
#74=FACE_OUTER_BOUND('',#177,.T.);
#75=FACE_OUTER_BOUND('',#178,.T.);
#76=FACE_OUTER_BOUND('',#179,.T.);
#77=FACE_OUTER_BOUND('',#180,.T.);
#78=FACE_OUTER_BOUND('',#181,.T.);
#79=FACE_OUTER_BOUND('',#182,.T.);
#80=FACE_OUTER_BOUND('',#183,.T.);
#81=FACE_OUTER_BOUND('',#184,.T.);
#82=FACE_OUTER_BOUND('',#185,.T.);
#83=FACE_OUTER_BOUND('',#186,.T.);
#84=FACE_OUTER_BOUND('',#187,.T.);
#85=FACE_OUTER_BOUND('',#188,.T.);
#86=FACE_OUTER_BOUND('',#189,.T.);
#87=FACE_OUTER_BOUND('',#190,.T.);
#88=FACE_OUTER_BOUND('',#191,.T.);
#89=FACE_OUTER_BOUND('',#192,.T.);
#90=FACE_OUTER_BOUND('',#193,.T.);
#91=FACE_OUTER_BOUND('',#194,.T.);
#92=FACE_OUTER_BOUND('',#195,.T.);
#93=FACE_OUTER_BOUND('',#196,.T.);
#94=FACE_OUTER_BOUND('',#197,.T.);
#95=FACE_OUTER_BOUND('',#198,.T.);
#96=FACE_OUTER_BOUND('',#199,.T.);
#97=FACE_OUTER_BOUND('',#200,.T.);
#98=FACE_OUTER_BOUND('',#201,.T.);
#99=FACE_OUTER_BOUND('',#202,.T.);
#100=FACE_OUTER_BOUND('',#203,.T.);
#101=FACE_OUTER_BOUND('',#204,.T.);
#102=FACE_OUTER_BOUND('',#205,.T.);
#103=FACE_OUTER_BOUND('',#206,.T.);
#104=FACE_OUTER_BOUND('',#207,.T.);
#105=FACE_OUTER_BOUND('',#208,.T.);
#106=FACE_OUTER_BOUND('',#209,.T.);
#107=FACE_OUTER_BOUND('',#210,.T.);
#108=FACE_OUTER_BOUND('',#211,.T.);
#109=FACE_OUTER_BOUND('',#212,.T.);
#110=FACE_OUTER_BOUND('',#213,.T.);
#111=FACE_OUTER_BOUND('',#214,.T.);
#112=FACE_OUTER_BOUND('',#215,.T.);
#113=FACE_OUTER_BOUND('',#216,.T.);
#114=FACE_OUTER_BOUND('',#217,.T.);
#115=FACE_OUTER_BOUND('',#218,.T.);
#116=FACE_OUTER_BOUND('',#219,.T.);
#117=FACE_OUTER_BOUND('',#220,.T.);
#118=FACE_OUTER_BOUND('',#221,.T.);
#119=FACE_OUTER_BOUND('',#222,.T.);
#120=FACE_OUTER_BOUND('',#223,.T.);
#121=FACE_OUTER_BOUND('',#224,.T.);
#122=FACE_OUTER_BOUND('',#225,.T.);
#123=FACE_OUTER_BOUND('',#226,.T.);
#124=FACE_OUTER_BOUND('',#227,.T.);
#125=FACE_OUTER_BOUND('',#228,.T.);
#126=FACE_OUTER_BOUND('',#229,.T.);
#127=FACE_OUTER_BOUND('',#230,.T.);
#128=FACE_OUTER_BOUND('',#231,.T.);
#129=FACE_OUTER_BOUND('',#232,.T.);
#130=FACE_OUTER_BOUND('',#233,.T.);
#131=FACE_OUTER_BOUND('',#234,.T.);
#132=FACE_OUTER_BOUND('',#235,.T.);
#133=FACE_OUTER_BOUND('',#236,.T.);
#134=FACE_OUTER_BOUND('',#237,.T.);
#135=FACE_OUTER_BOUND('',#239,.T.);
#136=FACE_OUTER_BOUND('',#241,.T.);
#137=FACE_OUTER_BOUND('',#242,.T.);
#138=FACE_OUTER_BOUND('',#244,.T.);
#139=EDGE_LOOP('',(#1321,#1322,#1323,#1324));
#140=EDGE_LOOP('',(#1325));
#141=EDGE_LOOP('',(#1326,#1327,#1328,#1329,#1330,#1331,#1332,#1333,#1334,
#1335,#1336,#1337,#1338,#1339,#1340,#1341,#1342,#1343,#1344,#1345,#1346,
#1347,#1348,#1349,#1350,#1351,#1352,#1353,#1354,#1355,#1356,#1357,#1358,
#1359,#1360,#1361,#1362,#1363,#1364,#1365,#1366,#1367,#1368,#1369,#1370,
#1371,#1372,#1373,#1374,#1375,#1376,#1377,#1378,#1379,#1380,#1381,#1382,
#1383,#1384,#1385,#1386,#1387,#1388,#1389,#1390,#1391,#1392,#1393,#1394,
#1395,#1396,#1397,#1398,#1399,#1400,#1401,#1402,#1403,#1404,#1405,#1406,
#1407,#1408,#1409,#1410,#1411,#1412,#1413,#1414,#1415,#1416,#1417,#1418,
#1419,#1420,#1421,#1422,#1423));
#142=EDGE_LOOP('',(#1424,#1425,#1426,#1427));
#143=EDGE_LOOP('',(#1428,#1429,#1430,#1431));
#144=EDGE_LOOP('',(#1432,#1433,#1434,#1435));
#145=EDGE_LOOP('',(#1436,#1437,#1438,#1439));
#146=EDGE_LOOP('',(#1440,#1441,#1442,#1443));
#147=EDGE_LOOP('',(#1444,#1445,#1446,#1447));
#148=EDGE_LOOP('',(#1448,#1449,#1450,#1451,#1452,#1453,#1454,#1455,#1456,
#1457,#1458,#1459,#1460,#1461,#1462,#1463,#1464,#1465,#1466,#1467,#1468,
#1469,#1470,#1471,#1472,#1473,#1474,#1475,#1476,#1477,#1478,#1479,#1480,
#1481,#1482,#1483,#1484,#1485,#1486,#1487,#1488,#1489,#1490,#1491,#1492,
#1493,#1494,#1495,#1496,#1497,#1498,#1499,#1500,#1501,#1502,#1503,#1504,
#1505,#1506,#1507,#1508,#1509,#1510,#1511,#1512,#1513,#1514,#1515,#1516,
#1517,#1518,#1519,#1520,#1521,#1522,#1523,#1524,#1525,#1526,#1527,#1528,
#1529,#1530,#1531,#1532,#1533,#1534,#1535,#1536,#1537,#1538,#1539,#1540,
#1541,#1542,#1543,#1544,#1545));
#149=EDGE_LOOP('',(#1546,#1547,#1548,#1549));
#150=EDGE_LOOP('',(#1550,#1551,#1552,#1553));
#151=EDGE_LOOP('',(#1554,#1555,#1556,#1557));
#152=EDGE_LOOP('',(#1558,#1559,#1560,#1561));
#153=EDGE_LOOP('',(#1562,#1563,#1564,#1565));
#154=EDGE_LOOP('',(#1566,#1567,#1568,#1569));
#155=EDGE_LOOP('',(#1570,#1571,#1572,#1573));
#156=EDGE_LOOP('',(#1574,#1575,#1576,#1577));
#157=EDGE_LOOP('',(#1578,#1579,#1580,#1581));
#158=EDGE_LOOP('',(#1582,#1583,#1584,#1585));
#159=EDGE_LOOP('',(#1586,#1587,#1588,#1589));
#160=EDGE_LOOP('',(#1590,#1591,#1592,#1593));
#161=EDGE_LOOP('',(#1594,#1595,#1596,#1597));
#162=EDGE_LOOP('',(#1598,#1599,#1600,#1601));
#163=EDGE_LOOP('',(#1602,#1603,#1604,#1605));
#164=EDGE_LOOP('',(#1606,#1607,#1608,#1609));
#165=EDGE_LOOP('',(#1610,#1611,#1612,#1613));
#166=EDGE_LOOP('',(#1614,#1615,#1616,#1617));
#167=EDGE_LOOP('',(#1618,#1619,#1620,#1621));
#168=EDGE_LOOP('',(#1622,#1623,#1624,#1625));
#169=EDGE_LOOP('',(#1626,#1627,#1628,#1629));
#170=EDGE_LOOP('',(#1630,#1631,#1632,#1633));
#171=EDGE_LOOP('',(#1634,#1635,#1636,#1637));
#172=EDGE_LOOP('',(#1638,#1639,#1640,#1641));
#173=EDGE_LOOP('',(#1642,#1643,#1644,#1645));
#174=EDGE_LOOP('',(#1646,#1647,#1648,#1649));
#175=EDGE_LOOP('',(#1650,#1651,#1652,#1653));
#176=EDGE_LOOP('',(#1654,#1655,#1656,#1657));
#177=EDGE_LOOP('',(#1658,#1659,#1660,#1661));
#178=EDGE_LOOP('',(#1662,#1663,#1664,#1665));
#179=EDGE_LOOP('',(#1666,#1667,#1668,#1669));
#180=EDGE_LOOP('',(#1670,#1671,#1672,#1673));
#181=EDGE_LOOP('',(#1674,#1675,#1676,#1677));
#182=EDGE_LOOP('',(#1678,#1679,#1680,#1681));
#183=EDGE_LOOP('',(#1682,#1683,#1684,#1685));
#184=EDGE_LOOP('',(#1686,#1687,#1688,#1689));
#185=EDGE_LOOP('',(#1690,#1691,#1692,#1693));
#186=EDGE_LOOP('',(#1694,#1695,#1696,#1697));
#187=EDGE_LOOP('',(#1698,#1699,#1700,#1701));
#188=EDGE_LOOP('',(#1702,#1703,#1704,#1705));
#189=EDGE_LOOP('',(#1706,#1707,#1708,#1709));
#190=EDGE_LOOP('',(#1710,#1711,#1712,#1713));
#191=EDGE_LOOP('',(#1714,#1715,#1716,#1717));
#192=EDGE_LOOP('',(#1718,#1719,#1720,#1721));
#193=EDGE_LOOP('',(#1722,#1723,#1724,#1725));
#194=EDGE_LOOP('',(#1726,#1727,#1728,#1729));
#195=EDGE_LOOP('',(#1730,#1731,#1732,#1733));
#196=EDGE_LOOP('',(#1734,#1735,#1736,#1737));
#197=EDGE_LOOP('',(#1738,#1739,#1740,#1741));
#198=EDGE_LOOP('',(#1742,#1743,#1744,#1745));
#199=EDGE_LOOP('',(#1746,#1747,#1748,#1749));
#200=EDGE_LOOP('',(#1750,#1751,#1752,#1753));
#201=EDGE_LOOP('',(#1754,#1755,#1756,#1757));
#202=EDGE_LOOP('',(#1758,#1759,#1760,#1761));
#203=EDGE_LOOP('',(#1762,#1763,#1764,#1765));
#204=EDGE_LOOP('',(#1766,#1767,#1768,#1769));
#205=EDGE_LOOP('',(#1770,#1771,#1772,#1773));
#206=EDGE_LOOP('',(#1774,#1775,#1776,#1777));
#207=EDGE_LOOP('',(#1778,#1779,#1780,#1781));
#208=EDGE_LOOP('',(#1782,#1783,#1784,#1785));
#209=EDGE_LOOP('',(#1786,#1787,#1788,#1789));
#210=EDGE_LOOP('',(#1790,#1791,#1792,#1793));
#211=EDGE_LOOP('',(#1794,#1795,#1796,#1797));
#212=EDGE_LOOP('',(#1798,#1799,#1800,#1801));
#213=EDGE_LOOP('',(#1802,#1803,#1804,#1805));
#214=EDGE_LOOP('',(#1806,#1807,#1808,#1809));
#215=EDGE_LOOP('',(#1810,#1811,#1812,#1813));
#216=EDGE_LOOP('',(#1814,#1815,#1816,#1817));
#217=EDGE_LOOP('',(#1818,#1819,#1820,#1821));
#218=EDGE_LOOP('',(#1822,#1823,#1824,#1825));
#219=EDGE_LOOP('',(#1826,#1827,#1828,#1829));
#220=EDGE_LOOP('',(#1830,#1831,#1832,#1833));
#221=EDGE_LOOP('',(#1834,#1835,#1836,#1837));
#222=EDGE_LOOP('',(#1838,#1839,#1840,#1841));
#223=EDGE_LOOP('',(#1842,#1843,#1844,#1845));
#224=EDGE_LOOP('',(#1846,#1847,#1848,#1849));
#225=EDGE_LOOP('',(#1850,#1851,#1852,#1853));
#226=EDGE_LOOP('',(#1854,#1855,#1856,#1857));
#227=EDGE_LOOP('',(#1858,#1859,#1860,#1861));
#228=EDGE_LOOP('',(#1862,#1863,#1864,#1865));
#229=EDGE_LOOP('',(#1866,#1867,#1868,#1869));
#230=EDGE_LOOP('',(#1870,#1871,#1872,#1873));
#231=EDGE_LOOP('',(#1874,#1875,#1876,#1877));
#232=EDGE_LOOP('',(#1878,#1879,#1880,#1881));
#233=EDGE_LOOP('',(#1882,#1883,#1884,#1885));
#234=EDGE_LOOP('',(#1886,#1887,#1888,#1889));
#235=EDGE_LOOP('',(#1890,#1891,#1892,#1893));
#236=EDGE_LOOP('',(#1894,#1895,#1896,#1897));
#237=EDGE_LOOP('',(#1898,#1899,#1900,#1901));
#238=EDGE_LOOP('',(#1902));
#239=EDGE_LOOP('',(#1903,#1904,#1905,#1906));
#240=EDGE_LOOP('',(#1907));
#241=EDGE_LOOP('',(#1908,#1909,#1910,#1911));
#242=EDGE_LOOP('',(#1912,#1913,#1914,#1915));
#243=EDGE_LOOP('',(#1916));
#244=EDGE_LOOP('',(#1917,#1918,#1919,#1920));
#245=LINE('',#2769,#533);
#246=LINE('',#2771,#534);
#247=LINE('',#2773,#535);
#248=LINE('',#2774,#536);
#249=LINE('',#2779,#537);
#250=LINE('',#2783,#538);
#251=LINE('',#2787,#539);
#252=LINE('',#2791,#540);
#253=LINE('',#2795,#541);
#254=LINE('',#2797,#542);
#255=LINE('',#2799,#543);
#256=LINE('',#2801,#544);
#257=LINE('',#2803,#545);
#258=LINE('',#2805,#546);
#259=LINE('',#2807,#547);
#260=LINE('',#2809,#548);
#261=LINE('',#2811,#549);
#262=LINE('',#2813,#550);
#263=LINE('',#2815,#551);
#264=LINE('',#2817,#552);
#265=LINE('',#2819,#553);
#266=LINE('',#2821,#554);
#267=LINE('',#2823,#555);
#268=LINE('',#2825,#556);
#269=LINE('',#2827,#557);
#270=LINE('',#2829,#558);
#271=LINE('',#2831,#559);
#272=LINE('',#2833,#560);
#273=LINE('',#2835,#561);
#274=LINE('',#2837,#562);
#275=LINE('',#2839,#563);
#276=LINE('',#2841,#564);
#277=LINE('',#2843,#565);
#278=LINE('',#2845,#566);
#279=LINE('',#2847,#567);
#280=LINE('',#2849,#568);
#281=LINE('',#2851,#569);
#282=LINE('',#2853,#570);
#283=LINE('',#2855,#571);
#284=LINE('',#2857,#572);
#285=LINE('',#2859,#573);
#286=LINE('',#2861,#574);
#287=LINE('',#2863,#575);
#288=LINE('',#2865,#576);
#289=LINE('',#2867,#577);
#290=LINE('',#2869,#578);
#291=LINE('',#2871,#579);
#292=LINE('',#2873,#580);
#293=LINE('',#2875,#581);
#294=LINE('',#2877,#582);
#295=LINE('',#2879,#583);
#296=LINE('',#2881,#584);
#297=LINE('',#2883,#585);
#298=LINE('',#2885,#586);
#299=LINE('',#2887,#587);
#300=LINE('',#2889,#588);
#301=LINE('',#2891,#589);
#302=LINE('',#2893,#590);
#303=LINE('',#2895,#591);
#304=LINE('',#2897,#592);
#305=LINE('',#2899,#593);
#306=LINE('',#2901,#594);
#307=LINE('',#2903,#595);
#308=LINE('',#2905,#596);
#309=LINE('',#2907,#597);
#310=LINE('',#2909,#598);
#311=LINE('',#2911,#599);
#312=LINE('',#2913,#600);
#313=LINE('',#2915,#601);
#314=LINE('',#2917,#602);
#315=LINE('',#2919,#603);
#316=LINE('',#2921,#604);
#317=LINE('',#2923,#605);
#318=LINE('',#2925,#606);
#319=LINE('',#2927,#607);
#320=LINE('',#2929,#608);
#321=LINE('',#2931,#609);
#322=LINE('',#2933,#610);
#323=LINE('',#2935,#611);
#324=LINE('',#2937,#612);
#325=LINE('',#2939,#613);
#326=LINE('',#2941,#614);
#327=LINE('',#2943,#615);
#328=LINE('',#2945,#616);
#329=LINE('',#2947,#617);
#330=LINE('',#2949,#618);
#331=LINE('',#2951,#619);
#332=LINE('',#2953,#620);
#333=LINE('',#2955,#621);
#334=LINE('',#2957,#622);
#335=LINE('',#2959,#623);
#336=LINE('',#2961,#624);
#337=LINE('',#2963,#625);
#338=LINE('',#2965,#626);
#339=LINE('',#2967,#627);
#340=LINE('',#2969,#628);
#341=LINE('',#2970,#629);
#342=LINE('',#2973,#630);
#343=LINE('',#2974,#631);
#344=LINE('',#2977,#632);
#345=LINE('',#2981,#633);
#346=LINE('',#2982,#634);
#347=LINE('',#2985,#635);
#348=LINE('',#2987,#636);
#349=LINE('',#2988,#637);
#350=LINE('',#2991,#638);
#351=LINE('',#2994,#639);
#352=LINE('',#2997,#640);
#353=LINE('',#2998,#641);
#354=LINE('',#3001,#642);
#355=LINE('',#3003,#643);
#356=LINE('',#3005,#644);
#357=LINE('',#3007,#645);
#358=LINE('',#3009,#646);
#359=LINE('',#3011,#647);
#360=LINE('',#3013,#648);
#361=LINE('',#3015,#649);
#362=LINE('',#3017,#650);
#363=LINE('',#3019,#651);
#364=LINE('',#3021,#652);
#365=LINE('',#3023,#653);
#366=LINE('',#3025,#654);
#367=LINE('',#3027,#655);
#368=LINE('',#3029,#656);
#369=LINE('',#3031,#657);
#370=LINE('',#3033,#658);
#371=LINE('',#3035,#659);
#372=LINE('',#3037,#660);
#373=LINE('',#3039,#661);
#374=LINE('',#3041,#662);
#375=LINE('',#3043,#663);
#376=LINE('',#3045,#664);
#377=LINE('',#3047,#665);
#378=LINE('',#3049,#666);
#379=LINE('',#3051,#667);
#380=LINE('',#3053,#668);
#381=LINE('',#3055,#669);
#382=LINE('',#3057,#670);
#383=LINE('',#3059,#671);
#384=LINE('',#3061,#672);
#385=LINE('',#3063,#673);
#386=LINE('',#3065,#674);
#387=LINE('',#3067,#675);
#388=LINE('',#3069,#676);
#389=LINE('',#3071,#677);
#390=LINE('',#3073,#678);
#391=LINE('',#3075,#679);
#392=LINE('',#3077,#680);
#393=LINE('',#3079,#681);
#394=LINE('',#3081,#682);
#395=LINE('',#3083,#683);
#396=LINE('',#3085,#684);
#397=LINE('',#3087,#685);
#398=LINE('',#3089,#686);
#399=LINE('',#3091,#687);
#400=LINE('',#3093,#688);
#401=LINE('',#3095,#689);
#402=LINE('',#3097,#690);
#403=LINE('',#3099,#691);
#404=LINE('',#3101,#692);
#405=LINE('',#3103,#693);
#406=LINE('',#3105,#694);
#407=LINE('',#3107,#695);
#408=LINE('',#3109,#696);
#409=LINE('',#3111,#697);
#410=LINE('',#3113,#698);
#411=LINE('',#3115,#699);
#412=LINE('',#3117,#700);
#413=LINE('',#3119,#701);
#414=LINE('',#3121,#702);
#415=LINE('',#3123,#703);
#416=LINE('',#3125,#704);
#417=LINE('',#3127,#705);
#418=LINE('',#3129,#706);
#419=LINE('',#3131,#707);
#420=LINE('',#3133,#708);
#421=LINE('',#3135,#709);
#422=LINE('',#3137,#710);
#423=LINE('',#3139,#711);
#424=LINE('',#3141,#712);
#425=LINE('',#3143,#713);
#426=LINE('',#3145,#714);
#427=LINE('',#3147,#715);
#428=LINE('',#3149,#716);
#429=LINE('',#3151,#717);
#430=LINE('',#3153,#718);
#431=LINE('',#3155,#719);
#432=LINE('',#3157,#720);
#433=LINE('',#3159,#721);
#434=LINE('',#3161,#722);
#435=LINE('',#3163,#723);
#436=LINE('',#3165,#724);
#437=LINE('',#3167,#725);
#438=LINE('',#3168,#726);
#439=LINE('',#3170,#727);
#440=LINE('',#3172,#728);
#441=LINE('',#3175,#729);
#442=LINE('',#3179,#730);
#443=LINE('',#3182,#731);
#444=LINE('',#3183,#732);
#445=LINE('',#3185,#733);
#446=LINE('',#3189,#734);
#447=LINE('',#3191,#735);
#448=LINE('',#3193,#736);
#449=LINE('',#3194,#737);
#450=LINE('',#3196,#738);
#451=LINE('',#3198,#739);
#452=LINE('',#3200,#740);
#453=LINE('',#3202,#741);
#454=LINE('',#3204,#742);
#455=LINE('',#3206,#743);
#456=LINE('',#3207,#744);
#457=LINE('',#3209,#745);
#458=LINE('',#3211,#746);
#459=LINE('',#3213,#747);
#460=LINE('',#3215,#748);
#461=LINE('',#3217,#749);
#462=LINE('',#3219,#750);
#463=LINE('',#3220,#751);
#464=LINE('',#3222,#752);
#465=LINE('',#3224,#753);
#466=LINE('',#3227,#754);
#467=LINE('',#3229,#755);
#468=LINE('',#3230,#756);
#469=LINE('',#3232,#757);
#470=LINE('',#3234,#758);
#471=LINE('',#3236,#759);
#472=LINE('',#3238,#760);
#473=LINE('',#3240,#761);
#474=LINE('',#3242,#762);
#475=LINE('',#3244,#763);
#476=LINE('',#3246,#764);
#477=LINE('',#3249,#765);
#478=LINE('',#3250,#766);
#479=LINE('',#3252,#767);
#480=LINE('',#3254,#768);
#481=LINE('',#3256,#769);
#482=LINE('',#3258,#770);
#483=LINE('',#3260,#771);
#484=LINE('',#3262,#772);
#485=LINE('',#3263,#773);
#486=LINE('',#3265,#774);
#487=LINE('',#3267,#775);
#488=LINE('',#3269,#776);
#489=LINE('',#3271,#777);
#490=LINE('',#3273,#778);
#491=LINE('',#3275,#779);
#492=LINE('',#3277,#780);
#493=LINE('',#3279,#781);
#494=LINE('',#3281,#782);
#495=LINE('',#3283,#783);
#496=LINE('',#3285,#784);
#497=LINE('',#3287,#785);
#498=LINE('',#3289,#786);
#499=LINE('',#3292,#787);
#500=LINE('',#3293,#788);
#501=LINE('',#3295,#789);
#502=LINE('',#3297,#790);
#503=LINE('',#3300,#791);
#504=LINE('',#3302,#792);
#505=LINE('',#3304,#793);
#506=LINE('',#3306,#794);
#507=LINE('',#3308,#795);
#508=LINE('',#3310,#796);
#509=LINE('',#3312,#797);
#510=LINE('',#3314,#798);
#511=LINE('',#3316,#799);
#512=LINE('',#3319,#800);
#513=LINE('',#3320,#801);
#514=LINE('',#3322,#802);
#515=LINE('',#3324,#803);
#516=LINE('',#3327,#804);
#517=LINE('',#3329,#805);
#518=LINE('',#3330,#806);
#519=LINE('',#3332,#807);
#520=LINE('',#3334,#808);
#521=LINE('',#3337,#809);
#522=LINE('',#3339,#810);
#523=LINE('',#3341,#811);
#524=LINE('',#3343,#812);
#525=LINE('',#3346,#813);
#526=LINE('',#3348,#814);
#527=LINE('',#3350,#815);
#528=LINE('',#3352,#816);
#529=LINE('',#3354,#817);
#530=LINE('',#3359,#818);
#531=LINE('',#3363,#819);
#532=LINE('',#3366,#820);
#533=VECTOR('',#2251,10.);
#534=VECTOR('',#2252,10.);
#535=VECTOR('',#2253,10.);
#536=VECTOR('',#2254,10.);
#537=VECTOR('',#2259,10.);
#538=VECTOR('',#2262,10.);
#539=VECTOR('',#2265,10.);
#540=VECTOR('',#2268,10.);
#541=VECTOR('',#2271,10.);
#542=VECTOR('',#2272,10.);
#543=VECTOR('',#2273,10.);
#544=VECTOR('',#2274,10.);
#545=VECTOR('',#2275,10.);
#546=VECTOR('',#2276,10.);
#547=VECTOR('',#2277,10.);
#548=VECTOR('',#2278,10.);
#549=VECTOR('',#2279,10.);
#550=VECTOR('',#2280,10.);
#551=VECTOR('',#2281,10.);
#552=VECTOR('',#2282,10.);
#553=VECTOR('',#2283,10.);
#554=VECTOR('',#2284,10.);
#555=VECTOR('',#2285,10.);
#556=VECTOR('',#2286,10.);
#557=VECTOR('',#2287,10.);
#558=VECTOR('',#2288,10.);
#559=VECTOR('',#2289,10.);
#560=VECTOR('',#2290,10.);
#561=VECTOR('',#2291,10.);
#562=VECTOR('',#2292,10.);
#563=VECTOR('',#2293,10.);
#564=VECTOR('',#2294,10.);
#565=VECTOR('',#2295,10.);
#566=VECTOR('',#2296,10.);
#567=VECTOR('',#2297,10.);
#568=VECTOR('',#2298,10.);
#569=VECTOR('',#2299,10.);
#570=VECTOR('',#2300,10.);
#571=VECTOR('',#2301,10.);
#572=VECTOR('',#2302,10.);
#573=VECTOR('',#2303,10.);
#574=VECTOR('',#2304,10.);
#575=VECTOR('',#2305,10.);
#576=VECTOR('',#2306,10.);
#577=VECTOR('',#2307,10.);
#578=VECTOR('',#2308,10.);
#579=VECTOR('',#2309,10.);
#580=VECTOR('',#2310,10.);
#581=VECTOR('',#2311,10.);
#582=VECTOR('',#2312,10.);
#583=VECTOR('',#2313,10.);
#584=VECTOR('',#2314,10.);
#585=VECTOR('',#2315,10.);
#586=VECTOR('',#2316,10.);
#587=VECTOR('',#2317,10.);
#588=VECTOR('',#2318,10.);
#589=VECTOR('',#2319,10.);
#590=VECTOR('',#2320,10.);
#591=VECTOR('',#2321,10.);
#592=VECTOR('',#2322,10.);
#593=VECTOR('',#2323,10.);
#594=VECTOR('',#2324,10.);
#595=VECTOR('',#2325,10.);
#596=VECTOR('',#2326,10.);
#597=VECTOR('',#2327,10.);
#598=VECTOR('',#2328,10.);
#599=VECTOR('',#2329,10.);
#600=VECTOR('',#2330,10.);
#601=VECTOR('',#2331,10.);
#602=VECTOR('',#2332,10.);
#603=VECTOR('',#2333,10.);
#604=VECTOR('',#2334,10.);
#605=VECTOR('',#2335,10.);
#606=VECTOR('',#2336,10.);
#607=VECTOR('',#2337,10.);
#608=VECTOR('',#2338,10.);
#609=VECTOR('',#2339,10.);
#610=VECTOR('',#2340,10.);
#611=VECTOR('',#2341,10.);
#612=VECTOR('',#2342,10.);
#613=VECTOR('',#2343,10.);
#614=VECTOR('',#2344,10.);
#615=VECTOR('',#2345,10.);
#616=VECTOR('',#2346,10.);
#617=VECTOR('',#2347,10.);
#618=VECTOR('',#2348,10.);
#619=VECTOR('',#2349,10.);
#620=VECTOR('',#2350,10.);
#621=VECTOR('',#2351,10.);
#622=VECTOR('',#2352,10.);
#623=VECTOR('',#2353,10.);
#624=VECTOR('',#2354,10.);
#625=VECTOR('',#2355,10.);
#626=VECTOR('',#2356,10.);
#627=VECTOR('',#2357,10.);
#628=VECTOR('',#2358,10.);
#629=VECTOR('',#2359,10.);
#630=VECTOR('',#2362,10.);
#631=VECTOR('',#2363,10.);
#632=VECTOR('',#2366,1.25);
#633=VECTOR('',#2371,10.);
#634=VECTOR('',#2372,10.);
#635=VECTOR('',#2375,10.);
#636=VECTOR('',#2376,10.);
#637=VECTOR('',#2377,10.);
#638=VECTOR('',#2380,10.);
#639=VECTOR('',#2383,10.);
#640=VECTOR('',#2386,10.);
#641=VECTOR('',#2387,10.);
#642=VECTOR('',#2390,10.);
#643=VECTOR('',#2391,10.);
#644=VECTOR('',#2392,10.);
#645=VECTOR('',#2393,10.);
#646=VECTOR('',#2394,10.);
#647=VECTOR('',#2395,10.);
#648=VECTOR('',#2396,10.);
#649=VECTOR('',#2397,10.);
#650=VECTOR('',#2398,10.);
#651=VECTOR('',#2399,10.);
#652=VECTOR('',#2400,10.);
#653=VECTOR('',#2401,10.);
#654=VECTOR('',#2402,10.);
#655=VECTOR('',#2403,10.);
#656=VECTOR('',#2404,10.);
#657=VECTOR('',#2405,10.);
#658=VECTOR('',#2406,10.);
#659=VECTOR('',#2407,10.);
#660=VECTOR('',#2408,10.);
#661=VECTOR('',#2409,10.);
#662=VECTOR('',#2410,10.);
#663=VECTOR('',#2411,10.);
#664=VECTOR('',#2412,10.);
#665=VECTOR('',#2413,10.);
#666=VECTOR('',#2414,10.);
#667=VECTOR('',#2415,10.);
#668=VECTOR('',#2416,10.);
#669=VECTOR('',#2417,10.);
#670=VECTOR('',#2418,10.);
#671=VECTOR('',#2419,10.);
#672=VECTOR('',#2420,10.);
#673=VECTOR('',#2421,10.);
#674=VECTOR('',#2422,10.);
#675=VECTOR('',#2423,10.);
#676=VECTOR('',#2424,10.);
#677=VECTOR('',#2425,10.);
#678=VECTOR('',#2426,10.);
#679=VECTOR('',#2427,10.);
#680=VECTOR('',#2428,10.);
#681=VECTOR('',#2429,10.);
#682=VECTOR('',#2430,10.);
#683=VECTOR('',#2431,10.);
#684=VECTOR('',#2432,10.);
#685=VECTOR('',#2433,10.);
#686=VECTOR('',#2434,10.);
#687=VECTOR('',#2435,10.);
#688=VECTOR('',#2436,10.);
#689=VECTOR('',#2437,10.);
#690=VECTOR('',#2438,10.);
#691=VECTOR('',#2439,10.);
#692=VECTOR('',#2440,10.);
#693=VECTOR('',#2441,10.);
#694=VECTOR('',#2442,10.);
#695=VECTOR('',#2443,10.);
#696=VECTOR('',#2444,10.);
#697=VECTOR('',#2445,10.);
#698=VECTOR('',#2446,10.);
#699=VECTOR('',#2447,10.);
#700=VECTOR('',#2448,10.);
#701=VECTOR('',#2449,10.);
#702=VECTOR('',#2450,10.);
#703=VECTOR('',#2451,10.);
#704=VECTOR('',#2452,10.);
#705=VECTOR('',#2453,10.);
#706=VECTOR('',#2454,10.);
#707=VECTOR('',#2455,10.);
#708=VECTOR('',#2456,10.);
#709=VECTOR('',#2457,10.);
#710=VECTOR('',#2458,10.);
#711=VECTOR('',#2459,10.);
#712=VECTOR('',#2460,10.);
#713=VECTOR('',#2461,10.);
#714=VECTOR('',#2462,10.);
#715=VECTOR('',#2463,10.);
#716=VECTOR('',#2464,10.);
#717=VECTOR('',#2465,10.);
#718=VECTOR('',#2466,10.);
#719=VECTOR('',#2467,10.);
#720=VECTOR('',#2468,10.);
#721=VECTOR('',#2469,10.);
#722=VECTOR('',#2470,10.);
#723=VECTOR('',#2471,10.);
#724=VECTOR('',#2472,10.);
#725=VECTOR('',#2473,10.);
#726=VECTOR('',#2474,10.);
#727=VECTOR('',#2475,10.);
#728=VECTOR('',#2476,10.);
#729=VECTOR('',#2479,10.);
#730=VECTOR('',#2482,10.);
#731=VECTOR('',#2487,10.);
#732=VECTOR('',#2488,10.);
#733=VECTOR('',#2491,10.);
#734=VECTOR('',#2498,10.);
#735=VECTOR('',#2501,10.);
#736=VECTOR('',#2504,10.);
#737=VECTOR('',#2505,10.);
#738=VECTOR('',#2508,10.);
#739=VECTOR('',#2511,10.);
#740=VECTOR('',#2514,10.);
#741=VECTOR('',#2517,10.);
#742=VECTOR('',#2520,10.);
#743=VECTOR('',#2523,10.);
#744=VECTOR('',#2524,10.);
#745=VECTOR('',#2527,10.);
#746=VECTOR('',#2530,10.);
#747=VECTOR('',#2533,10.);
#748=VECTOR('',#2536,10.);
#749=VECTOR('',#2539,10.);
#750=VECTOR('',#2542,10.);
#751=VECTOR('',#2543,10.);
#752=VECTOR('',#2546,10.);
#753=VECTOR('',#2549,10.);
#754=VECTOR('',#2554,10.);
#755=VECTOR('',#2557,10.);
#756=VECTOR('',#2558,10.);
#757=VECTOR('',#2561,10.);
#758=VECTOR('',#2564,10.);
#759=VECTOR('',#2567,10.);
#760=VECTOR('',#2570,10.);
#761=VECTOR('',#2573,10.);
#762=VECTOR('',#2576,10.);
#763=VECTOR('',#2579,10.);
#764=VECTOR('',#2582,10.);
#765=VECTOR('',#2587,10.);
#766=VECTOR('',#2588,10.);
#767=VECTOR('',#2591,10.);
#768=VECTOR('',#2594,10.);
#769=VECTOR('',#2597,10.);
#770=VECTOR('',#2600,10.);
#771=VECTOR('',#2603,10.);
#772=VECTOR('',#2606,10.);
#773=VECTOR('',#2607,10.);
#774=VECTOR('',#2610,10.);
#775=VECTOR('',#2613,10.);
#776=VECTOR('',#2616,10.);
#777=VECTOR('',#2619,10.);
#778=VECTOR('',#2622,10.);
#779=VECTOR('',#2625,10.);
#780=VECTOR('',#2628,10.);
#781=VECTOR('',#2631,10.);
#782=VECTOR('',#2634,10.);
#783=VECTOR('',#2637,10.);
#784=VECTOR('',#2640,10.);
#785=VECTOR('',#2643,10.);
#786=VECTOR('',#2646,10.);
#787=VECTOR('',#2651,10.);
#788=VECTOR('',#2652,10.);
#789=VECTOR('',#2655,10.);
#790=VECTOR('',#2658,10.);
#791=VECTOR('',#2663,10.);
#792=VECTOR('',#2666,10.);
#793=VECTOR('',#2669,10.);
#794=VECTOR('',#2672,10.);
#795=VECTOR('',#2675,10.);
#796=VECTOR('',#2678,10.);
#797=VECTOR('',#2681,10.);
#798=VECTOR('',#2684,10.);
#799=VECTOR('',#2687,10.);
#800=VECTOR('',#2692,10.);
#801=VECTOR('',#2693,10.);
#802=VECTOR('',#2696,10.);
#803=VECTOR('',#2699,10.);
#804=VECTOR('',#2704,10.);
#805=VECTOR('',#2707,10.);
#806=VECTOR('',#2708,10.);
#807=VECTOR('',#2711,10.);
#808=VECTOR('',#2714,10.);
#809=VECTOR('',#2719,10.);
#810=VECTOR('',#2722,10.);
#811=VECTOR('',#2725,10.);
#812=VECTOR('',#2728,10.);
#813=VECTOR('',#2733,10.);
#814=VECTOR('',#2736,10.);
#815=VECTOR('',#2739,10.);
#816=VECTOR('',#2742,10.);
#817=VECTOR('',#2745,10.);
#818=VECTOR('',#2750,1.25);
#819=VECTOR('',#2757,10.);
#820=VECTOR('',#2762,10.);
#821=VERTEX_POINT('',#2767);
#822=VERTEX_POINT('',#2768);
#823=VERTEX_POINT('',#2770);
#824=VERTEX_POINT('',#2772);
#825=VERTEX_POINT('',#2775);
#826=VERTEX_POINT('',#2778);
#827=VERTEX_POINT('',#2780);
#828=VERTEX_POINT('',#2782);
#829=VERTEX_POINT('',#2784);
#830=VERTEX_POINT('',#2786);
#831=VERTEX_POINT('',#2788);
#832=VERTEX_POINT('',#2790);
#833=VERTEX_POINT('',#2792);
#834=VERTEX_POINT('',#2794);
#835=VERTEX_POINT('',#2796);
#836=VERTEX_POINT('',#2798);
#837=VERTEX_POINT('',#2800);
#838=VERTEX_POINT('',#2802);
#839=VERTEX_POINT('',#2804);
#840=VERTEX_POINT('',#2806);
#841=VERTEX_POINT('',#2808);
#842=VERTEX_POINT('',#2810);
#843=VERTEX_POINT('',#2812);
#844=VERTEX_POINT('',#2814);
#845=VERTEX_POINT('',#2816);
#846=VERTEX_POINT('',#2818);
#847=VERTEX_POINT('',#2820);
#848=VERTEX_POINT('',#2822);
#849=VERTEX_POINT('',#2824);
#850=VERTEX_POINT('',#2826);
#851=VERTEX_POINT('',#2828);
#852=VERTEX_POINT('',#2830);
#853=VERTEX_POINT('',#2832);
#854=VERTEX_POINT('',#2834);
#855=VERTEX_POINT('',#2836);
#856=VERTEX_POINT('',#2838);
#857=VERTEX_POINT('',#2840);
#858=VERTEX_POINT('',#2842);
#859=VERTEX_POINT('',#2844);
#860=VERTEX_POINT('',#2846);
#861=VERTEX_POINT('',#2848);
#862=VERTEX_POINT('',#2850);
#863=VERTEX_POINT('',#2852);
#864=VERTEX_POINT('',#2854);
#865=VERTEX_POINT('',#2856);
#866=VERTEX_POINT('',#2858);
#867=VERTEX_POINT('',#2860);
#868=VERTEX_POINT('',#2862);
#869=VERTEX_POINT('',#2864);
#870=VERTEX_POINT('',#2866);
#871=VERTEX_POINT('',#2868);
#872=VERTEX_POINT('',#2870);
#873=VERTEX_POINT('',#2872);
#874=VERTEX_POINT('',#2874);
#875=VERTEX_POINT('',#2876);
#876=VERTEX_POINT('',#2878);
#877=VERTEX_POINT('',#2880);
#878=VERTEX_POINT('',#2882);
#879=VERTEX_POINT('',#2884);
#880=VERTEX_POINT('',#2886);
#881=VERTEX_POINT('',#2888);
#882=VERTEX_POINT('',#2890);
#883=VERTEX_POINT('',#2892);
#884=VERTEX_POINT('',#2894);
#885=VERTEX_POINT('',#2896);
#886=VERTEX_POINT('',#2898);
#887=VERTEX_POINT('',#2900);
#888=VERTEX_POINT('',#2902);
#889=VERTEX_POINT('',#2904);
#890=VERTEX_POINT('',#2906);
#891=VERTEX_POINT('',#2908);
#892=VERTEX_POINT('',#2910);
#893=VERTEX_POINT('',#2912);
#894=VERTEX_POINT('',#2914);
#895=VERTEX_POINT('',#2916);
#896=VERTEX_POINT('',#2918);
#897=VERTEX_POINT('',#2920);
#898=VERTEX_POINT('',#2922);
#899=VERTEX_POINT('',#2924);
#900=VERTEX_POINT('',#2926);
#901=VERTEX_POINT('',#2928);
#902=VERTEX_POINT('',#2930);
#903=VERTEX_POINT('',#2932);
#904=VERTEX_POINT('',#2934);
#905=VERTEX_POINT('',#2936);
#906=VERTEX_POINT('',#2938);
#907=VERTEX_POINT('',#2940);
#908=VERTEX_POINT('',#2942);
#909=VERTEX_POINT('',#2944);
#910=VERTEX_POINT('',#2946);
#911=VERTEX_POINT('',#2948);
#912=VERTEX_POINT('',#2950);
#913=VERTEX_POINT('',#2952);
#914=VERTEX_POINT('',#2954);
#915=VERTEX_POINT('',#2956);
#916=VERTEX_POINT('',#2958);
#917=VERTEX_POINT('',#2960);
#918=VERTEX_POINT('',#2962);
#919=VERTEX_POINT('',#2964);
#920=VERTEX_POINT('',#2966);
#921=VERTEX_POINT('',#2968);
#922=VERTEX_POINT('',#2972);
#923=VERTEX_POINT('',#2976);
#924=VERTEX_POINT('',#2980);
#925=VERTEX_POINT('',#2984);
#926=VERTEX_POINT('',#2986);
#927=VERTEX_POINT('',#2990);
#928=VERTEX_POINT('',#2992);
#929=VERTEX_POINT('',#2996);
#930=VERTEX_POINT('',#3000);
#931=VERTEX_POINT('',#3002);
#932=VERTEX_POINT('',#3004);
#933=VERTEX_POINT('',#3006);
#934=VERTEX_POINT('',#3008);
#935=VERTEX_POINT('',#3010);
#936=VERTEX_POINT('',#3012);
#937=VERTEX_POINT('',#3014);
#938=VERTEX_POINT('',#3016);
#939=VERTEX_POINT('',#3018);
#940=VERTEX_POINT('',#3020);
#941=VERTEX_POINT('',#3022);
#942=VERTEX_POINT('',#3024);
#943=VERTEX_POINT('',#3026);
#944=VERTEX_POINT('',#3028);
#945=VERTEX_POINT('',#3030);
#946=VERTEX_POINT('',#3032);
#947=VERTEX_POINT('',#3034);
#948=VERTEX_POINT('',#3036);
#949=VERTEX_POINT('',#3038);
#950=VERTEX_POINT('',#3040);
#951=VERTEX_POINT('',#3042);
#952=VERTEX_POINT('',#3044);
#953=VERTEX_POINT('',#3046);
#954=VERTEX_POINT('',#3048);
#955=VERTEX_POINT('',#3050);
#956=VERTEX_POINT('',#3052);
#957=VERTEX_POINT('',#3054);
#958=VERTEX_POINT('',#3056);
#959=VERTEX_POINT('',#3058);
#960=VERTEX_POINT('',#3060);
#961=VERTEX_POINT('',#3062);
#962=VERTEX_POINT('',#3064);
#963=VERTEX_POINT('',#3066);
#964=VERTEX_POINT('',#3068);
#965=VERTEX_POINT('',#3070);
#966=VERTEX_POINT('',#3072);
#967=VERTEX_POINT('',#3074);
#968=VERTEX_POINT('',#3076);
#969=VERTEX_POINT('',#3078);
#970=VERTEX_POINT('',#3080);
#971=VERTEX_POINT('',#3082);
#972=VERTEX_POINT('',#3084);
#973=VERTEX_POINT('',#3086);
#974=VERTEX_POINT('',#3088);
#975=VERTEX_POINT('',#3090);
#976=VERTEX_POINT('',#3092);
#977=VERTEX_POINT('',#3094);
#978=VERTEX_POINT('',#3096);
#979=VERTEX_POINT('',#3098);
#980=VERTEX_POINT('',#3100);
#981=VERTEX_POINT('',#3102);
#982=VERTEX_POINT('',#3104);
#983=VERTEX_POINT('',#3106);
#984=VERTEX_POINT('',#3108);
#985=VERTEX_POINT('',#3110);
#986=VERTEX_POINT('',#3112);
#987=VERTEX_POINT('',#3114);
#988=VERTEX_POINT('',#3116);
#989=VERTEX_POINT('',#3118);
#990=VERTEX_POINT('',#3120);
#991=VERTEX_POINT('',#3122);
#992=VERTEX_POINT('',#3124);
#993=VERTEX_POINT('',#3126);
#994=VERTEX_POINT('',#3128);
#995=VERTEX_POINT('',#3130);
#996=VERTEX_POINT('',#3132);
#997=VERTEX_POINT('',#3134);
#998=VERTEX_POINT('',#3136);
#999=VERTEX_POINT('',#3138);
#1000=VERTEX_POINT('',#3140);
#1001=VERTEX_POINT('',#3142);
#1002=VERTEX_POINT('',#3144);
#1003=VERTEX_POINT('',#3146);
#1004=VERTEX_POINT('',#3148);
#1005=VERTEX_POINT('',#3150);
#1006=VERTEX_POINT('',#3152);
#1007=VERTEX_POINT('',#3154);
#1008=VERTEX_POINT('',#3156);
#1009=VERTEX_POINT('',#3158);
#1010=VERTEX_POINT('',#3160);
#1011=VERTEX_POINT('',#3162);
#1012=VERTEX_POINT('',#3164);
#1013=VERTEX_POINT('',#3166);
#1014=VERTEX_POINT('',#3169);
#1015=VERTEX_POINT('',#3171);
#1016=VERTEX_POINT('',#3174);
#1017=VERTEX_POINT('',#3176);
#1018=VERTEX_POINT('',#3178);
#1019=VERTEX_POINT('',#3356);
#1020=VERTEX_POINT('',#3358);
#1021=EDGE_CURVE('',#821,#822,#245,.T.);
#1022=EDGE_CURVE('',#823,#822,#246,.T.);
#1023=EDGE_CURVE('',#824,#823,#247,.T.);
#1024=EDGE_CURVE('',#821,#824,#248,.T.);
#1025=EDGE_CURVE('',#825,#825,#25,.T.);
#1026=EDGE_CURVE('',#826,#821,#249,.T.);
#1027=EDGE_CURVE('',#827,#826,#26,.T.);
#1028=EDGE_CURVE('',#828,#827,#250,.T.);
#1029=EDGE_CURVE('',#829,#828,#27,.T.);
#1030=EDGE_CURVE('',#830,#829,#251,.T.);
#1031=EDGE_CURVE('',#831,#830,#28,.T.);
#1032=EDGE_CURVE('',#832,#831,#252,.T.);
#1033=EDGE_CURVE('',#833,#832,#29,.T.);
#1034=EDGE_CURVE('',#833,#834,#253,.T.);
#1035=EDGE_CURVE('',#834,#835,#254,.T.);
#1036=EDGE_CURVE('',#836,#835,#255,.T.);
#1037=EDGE_CURVE('',#837,#836,#256,.T.);
#1038=EDGE_CURVE('',#838,#837,#257,.T.);
#1039=EDGE_CURVE('',#839,#838,#258,.T.);
#1040=EDGE_CURVE('',#839,#840,#259,.T.);
#1041=EDGE_CURVE('',#841,#840,#260,.T.);
#1042=EDGE_CURVE('',#842,#841,#261,.T.);
#1043=EDGE_CURVE('',#843,#842,#262,.T.);
#1044=EDGE_CURVE('',#844,#843,#263,.T.);
#1045=EDGE_CURVE('',#844,#845,#264,.T.);
#1046=EDGE_CURVE('',#846,#845,#265,.T.);
#1047=EDGE_CURVE('',#847,#846,#266,.T.);
#1048=EDGE_CURVE('',#848,#847,#267,.T.);
#1049=EDGE_CURVE('',#849,#848,#268,.T.);
#1050=EDGE_CURVE('',#849,#850,#269,.T.);
#1051=EDGE_CURVE('',#851,#850,#270,.T.);
#1052=EDGE_CURVE('',#852,#851,#271,.T.);
#1053=EDGE_CURVE('',#853,#852,#272,.T.);
#1054=EDGE_CURVE('',#854,#853,#273,.T.);
#1055=EDGE_CURVE('',#854,#855,#274,.T.);
#1056=EDGE_CURVE('',#856,#855,#275,.T.);
#1057=EDGE_CURVE('',#857,#856,#276,.T.);
#1058=EDGE_CURVE('',#858,#857,#277,.T.);
#1059=EDGE_CURVE('',#859,#858,#278,.T.);
#1060=EDGE_CURVE('',#859,#860,#279,.T.);
#1061=EDGE_CURVE('',#861,#860,#280,.T.);
#1062=EDGE_CURVE('',#862,#861,#281,.T.);
#1063=EDGE_CURVE('',#863,#862,#282,.T.);
#1064=EDGE_CURVE('',#864,#863,#283,.T.);
#1065=EDGE_CURVE('',#864,#865,#284,.T.);
#1066=EDGE_CURVE('',#866,#865,#285,.T.);
#1067=EDGE_CURVE('',#867,#866,#286,.T.);
#1068=EDGE_CURVE('',#868,#867,#287,.T.);
#1069=EDGE_CURVE('',#869,#868,#288,.T.);
#1070=EDGE_CURVE('',#869,#870,#289,.T.);
#1071=EDGE_CURVE('',#871,#870,#290,.T.);
#1072=EDGE_CURVE('',#872,#871,#291,.T.);
#1073=EDGE_CURVE('',#873,#872,#292,.T.);
#1074=EDGE_CURVE('',#874,#873,#293,.T.);
#1075=EDGE_CURVE('',#874,#875,#294,.T.);
#1076=EDGE_CURVE('',#876,#875,#295,.T.);
#1077=EDGE_CURVE('',#877,#876,#296,.T.);
#1078=EDGE_CURVE('',#878,#877,#297,.T.);
#1079=EDGE_CURVE('',#879,#878,#298,.T.);
#1080=EDGE_CURVE('',#879,#880,#299,.T.);
#1081=EDGE_CURVE('',#881,#880,#300,.T.);
#1082=EDGE_CURVE('',#882,#881,#301,.T.);
#1083=EDGE_CURVE('',#883,#882,#302,.T.);
#1084=EDGE_CURVE('',#884,#883,#303,.T.);
#1085=EDGE_CURVE('',#884,#885,#304,.T.);
#1086=EDGE_CURVE('',#886,#885,#305,.T.);
#1087=EDGE_CURVE('',#887,#886,#306,.T.);
#1088=EDGE_CURVE('',#888,#887,#307,.T.);
#1089=EDGE_CURVE('',#889,#888,#308,.T.);
#1090=EDGE_CURVE('',#889,#890,#309,.T.);
#1091=EDGE_CURVE('',#891,#890,#310,.T.);
#1092=EDGE_CURVE('',#892,#891,#311,.T.);
#1093=EDGE_CURVE('',#893,#892,#312,.T.);
#1094=EDGE_CURVE('',#894,#893,#313,.T.);
#1095=EDGE_CURVE('',#894,#895,#314,.T.);
#1096=EDGE_CURVE('',#896,#895,#315,.T.);
#1097=EDGE_CURVE('',#897,#896,#316,.T.);
#1098=EDGE_CURVE('',#898,#897,#317,.T.);
#1099=EDGE_CURVE('',#899,#898,#318,.T.);
#1100=EDGE_CURVE('',#899,#900,#319,.T.);
#1101=EDGE_CURVE('',#901,#900,#320,.T.);
#1102=EDGE_CURVE('',#902,#901,#321,.T.);
#1103=EDGE_CURVE('',#903,#902,#322,.T.);
#1104=EDGE_CURVE('',#904,#903,#323,.T.);
#1105=EDGE_CURVE('',#904,#905,#324,.T.);
#1106=EDGE_CURVE('',#906,#905,#325,.T.);
#1107=EDGE_CURVE('',#907,#906,#326,.T.);
#1108=EDGE_CURVE('',#908,#907,#327,.T.);
#1109=EDGE_CURVE('',#909,#908,#328,.T.);
#1110=EDGE_CURVE('',#909,#910,#329,.T.);
#1111=EDGE_CURVE('',#911,#910,#330,.T.);
#1112=EDGE_CURVE('',#912,#911,#331,.T.);
#1113=EDGE_CURVE('',#913,#912,#332,.T.);
#1114=EDGE_CURVE('',#914,#913,#333,.T.);
#1115=EDGE_CURVE('',#914,#915,#334,.T.);
#1116=EDGE_CURVE('',#916,#915,#335,.T.);
#1117=EDGE_CURVE('',#917,#916,#336,.T.);
#1118=EDGE_CURVE('',#918,#917,#337,.T.);
#1119=EDGE_CURVE('',#919,#918,#338,.T.);
#1120=EDGE_CURVE('',#919,#920,#339,.T.);
#1121=EDGE_CURVE('',#920,#921,#340,.T.);
#1122=EDGE_CURVE('',#822,#921,#341,.T.);
#1123=EDGE_CURVE('',#824,#922,#342,.T.);
#1124=EDGE_CURVE('',#826,#922,#343,.T.);
#1125=EDGE_CURVE('',#825,#923,#344,.T.);
#1126=EDGE_CURVE('',#923,#923,#30,.T.);
#1127=EDGE_CURVE('',#921,#924,#345,.T.);
#1128=EDGE_CURVE('',#924,#823,#346,.T.);
#1129=EDGE_CURVE('',#925,#836,#347,.T.);
#1130=EDGE_CURVE('',#835,#926,#348,.T.);
#1131=EDGE_CURVE('',#926,#925,#349,.T.);
#1132=EDGE_CURVE('',#830,#927,#350,.T.);
#1133=EDGE_CURVE('',#927,#928,#31,.T.);
#1134=EDGE_CURVE('',#928,#831,#351,.T.);
#1135=EDGE_CURVE('',#928,#929,#352,.T.);
#1136=EDGE_CURVE('',#832,#929,#353,.T.);
#1137=EDGE_CURVE('',#930,#924,#354,.T.);
#1138=EDGE_CURVE('',#930,#931,#355,.T.);
#1139=EDGE_CURVE('',#932,#931,#356,.T.);
#1140=EDGE_CURVE('',#932,#933,#357,.T.);
#1141=EDGE_CURVE('',#933,#934,#358,.T.);
#1142=EDGE_CURVE('',#934,#935,#359,.T.);
#1143=EDGE_CURVE('',#935,#936,#360,.T.);
#1144=EDGE_CURVE('',#937,#936,#361,.T.);
#1145=EDGE_CURVE('',#937,#938,#362,.T.);
#1146=EDGE_CURVE('',#938,#939,#363,.T.);
#1147=EDGE_CURVE('',#939,#940,#364,.T.);
#1148=EDGE_CURVE('',#940,#941,#365,.T.);
#1149=EDGE_CURVE('',#942,#941,#366,.T.);
#1150=EDGE_CURVE('',#942,#943,#367,.T.);
#1151=EDGE_CURVE('',#943,#944,#368,.T.);
#1152=EDGE_CURVE('',#944,#945,#369,.T.);
#1153=EDGE_CURVE('',#945,#946,#370,.T.);
#1154=EDGE_CURVE('',#947,#946,#371,.T.);
#1155=EDGE_CURVE('',#947,#948,#372,.T.);
#1156=EDGE_CURVE('',#948,#949,#373,.T.);
#1157=EDGE_CURVE('',#949,#950,#374,.T.);
#1158=EDGE_CURVE('',#950,#951,#375,.T.);
#1159=EDGE_CURVE('',#952,#951,#376,.T.);
#1160=EDGE_CURVE('',#952,#953,#377,.T.);
#1161=EDGE_CURVE('',#953,#954,#378,.T.);
#1162=EDGE_CURVE('',#954,#955,#379,.T.);
#1163=EDGE_CURVE('',#955,#956,#380,.T.);
#1164=EDGE_CURVE('',#957,#956,#381,.T.);
#1165=EDGE_CURVE('',#957,#958,#382,.T.);
#1166=EDGE_CURVE('',#958,#959,#383,.T.);
#1167=EDGE_CURVE('',#959,#960,#384,.T.);
#1168=EDGE_CURVE('',#960,#961,#385,.T.);
#1169=EDGE_CURVE('',#962,#961,#386,.T.);
#1170=EDGE_CURVE('',#962,#963,#387,.T.);
#1171=EDGE_CURVE('',#963,#964,#388,.T.);
#1172=EDGE_CURVE('',#964,#965,#389,.T.);
#1173=EDGE_CURVE('',#965,#966,#390,.T.);
#1174=EDGE_CURVE('',#967,#966,#391,.T.);
#1175=EDGE_CURVE('',#967,#968,#392,.T.);
#1176=EDGE_CURVE('',#968,#969,#393,.T.);
#1177=EDGE_CURVE('',#969,#970,#394,.T.);
#1178=EDGE_CURVE('',#970,#971,#395,.T.);
#1179=EDGE_CURVE('',#972,#971,#396,.T.);
#1180=EDGE_CURVE('',#972,#973,#397,.T.);
#1181=EDGE_CURVE('',#973,#974,#398,.T.);
#1182=EDGE_CURVE('',#974,#975,#399,.T.);
#1183=EDGE_CURVE('',#975,#976,#400,.T.);
#1184=EDGE_CURVE('',#977,#976,#401,.T.);
#1185=EDGE_CURVE('',#977,#978,#402,.T.);
#1186=EDGE_CURVE('',#978,#979,#403,.T.);
#1187=EDGE_CURVE('',#979,#980,#404,.T.);
#1188=EDGE_CURVE('',#980,#981,#405,.T.);
#1189=EDGE_CURVE('',#982,#981,#406,.T.);
#1190=EDGE_CURVE('',#982,#983,#407,.T.);
#1191=EDGE_CURVE('',#983,#984,#408,.T.);
#1192=EDGE_CURVE('',#984,#985,#409,.T.);
#1193=EDGE_CURVE('',#985,#986,#410,.T.);
#1194=EDGE_CURVE('',#987,#986,#411,.T.);
#1195=EDGE_CURVE('',#987,#988,#412,.T.);
#1196=EDGE_CURVE('',#988,#989,#413,.T.);
#1197=EDGE_CURVE('',#989,#990,#414,.T.);
#1198=EDGE_CURVE('',#990,#991,#415,.T.);
#1199=EDGE_CURVE('',#992,#991,#416,.T.);
#1200=EDGE_CURVE('',#992,#993,#417,.T.);
#1201=EDGE_CURVE('',#993,#994,#418,.T.);
#1202=EDGE_CURVE('',#994,#995,#419,.T.);
#1203=EDGE_CURVE('',#995,#996,#420,.T.);
#1204=EDGE_CURVE('',#997,#996,#421,.T.);
#1205=EDGE_CURVE('',#997,#998,#422,.T.);
#1206=EDGE_CURVE('',#998,#999,#423,.T.);
#1207=EDGE_CURVE('',#999,#1000,#424,.T.);
#1208=EDGE_CURVE('',#1000,#1001,#425,.T.);
#1209=EDGE_CURVE('',#1002,#1001,#426,.T.);
#1210=EDGE_CURVE('',#1002,#1003,#427,.T.);
#1211=EDGE_CURVE('',#1003,#1004,#428,.T.);
#1212=EDGE_CURVE('',#1004,#1005,#429,.T.);
#1213=EDGE_CURVE('',#1005,#1006,#430,.T.);
#1214=EDGE_CURVE('',#1007,#1006,#431,.T.);
#1215=EDGE_CURVE('',#1007,#1008,#432,.T.);
#1216=EDGE_CURVE('',#1008,#1009,#433,.T.);
#1217=EDGE_CURVE('',#1009,#1010,#434,.T.);
#1218=EDGE_CURVE('',#1010,#1011,#435,.T.);
#1219=EDGE_CURVE('',#1012,#1011,#436,.T.);
#1220=EDGE_CURVE('',#1012,#1013,#437,.T.);
#1221=EDGE_CURVE('',#1013,#925,#438,.T.);
#1222=EDGE_CURVE('',#1014,#926,#439,.T.);
#1223=EDGE_CURVE('',#1015,#1014,#440,.T.);
#1224=EDGE_CURVE('',#929,#1015,#32,.T.);
#1225=EDGE_CURVE('',#927,#1016,#441,.T.);
#1226=EDGE_CURVE('',#1017,#1016,#33,.T.);
#1227=EDGE_CURVE('',#1018,#1017,#442,.T.);
#1228=EDGE_CURVE('',#922,#1018,#34,.T.);
#1229=EDGE_CURVE('',#828,#1017,#443,.T.);
#1230=EDGE_CURVE('',#1016,#829,#444,.T.);
#1231=EDGE_CURVE('',#1018,#827,#445,.T.);
#1232=EDGE_CURVE('',#1015,#833,#446,.T.);
#1233=EDGE_CURVE('',#834,#1014,#447,.T.);
#1234=EDGE_CURVE('',#986,#864,#448,.T.);
#1235=EDGE_CURVE('',#865,#985,#449,.T.);
#1236=EDGE_CURVE('',#866,#984,#450,.T.);
#1237=EDGE_CURVE('',#867,#983,#451,.T.);
#1238=EDGE_CURVE('',#868,#982,#452,.T.);
#1239=EDGE_CURVE('',#981,#869,#453,.T.);
#1240=EDGE_CURVE('',#863,#987,#454,.T.);
#1241=EDGE_CURVE('',#976,#874,#455,.T.);
#1242=EDGE_CURVE('',#875,#975,#456,.T.);
#1243=EDGE_CURVE('',#876,#974,#457,.T.);
#1244=EDGE_CURVE('',#877,#973,#458,.T.);
#1245=EDGE_CURVE('',#878,#972,#459,.T.);
#1246=EDGE_CURVE('',#971,#879,#460,.T.);
#1247=EDGE_CURVE('',#873,#977,#461,.T.);
#1248=EDGE_CURVE('',#991,#859,#462,.T.);
#1249=EDGE_CURVE('',#860,#990,#463,.T.);
#1250=EDGE_CURVE('',#861,#989,#464,.T.);
#1251=EDGE_CURVE('',#862,#988,#465,.T.);
#1252=EDGE_CURVE('',#858,#992,#466,.T.);
#1253=EDGE_CURVE('',#1006,#844,#467,.T.);
#1254=EDGE_CURVE('',#845,#1005,#468,.T.);
#1255=EDGE_CURVE('',#846,#1004,#469,.T.);
#1256=EDGE_CURVE('',#847,#1003,#470,.T.);
#1257=EDGE_CURVE('',#848,#1002,#471,.T.);
#1258=EDGE_CURVE('',#1001,#849,#472,.T.);
#1259=EDGE_CURVE('',#843,#1007,#473,.T.);
#1260=EDGE_CURVE('',#870,#980,#474,.T.);
#1261=EDGE_CURVE('',#871,#979,#475,.T.);
#1262=EDGE_CURVE('',#872,#978,#476,.T.);
#1263=EDGE_CURVE('',#961,#889,#477,.T.);
#1264=EDGE_CURVE('',#890,#960,#478,.T.);
#1265=EDGE_CURVE('',#891,#959,#479,.T.);
#1266=EDGE_CURVE('',#892,#958,#480,.T.);
#1267=EDGE_CURVE('',#893,#957,#481,.T.);
#1268=EDGE_CURVE('',#956,#894,#482,.T.);
#1269=EDGE_CURVE('',#888,#962,#483,.T.);
#1270=EDGE_CURVE('',#946,#904,#484,.T.);
#1271=EDGE_CURVE('',#905,#945,#485,.T.);
#1272=EDGE_CURVE('',#906,#944,#486,.T.);
#1273=EDGE_CURVE('',#907,#943,#487,.T.);
#1274=EDGE_CURVE('',#908,#942,#488,.T.);
#1275=EDGE_CURVE('',#941,#909,#489,.T.);
#1276=EDGE_CURVE('',#903,#947,#490,.T.);
#1277=EDGE_CURVE('',#850,#1000,#491,.T.);
#1278=EDGE_CURVE('',#851,#999,#492,.T.);
#1279=EDGE_CURVE('',#852,#998,#493,.T.);
#1280=EDGE_CURVE('',#853,#997,#494,.T.);
#1281=EDGE_CURVE('',#996,#854,#495,.T.);
#1282=EDGE_CURVE('',#855,#995,#496,.T.);
#1283=EDGE_CURVE('',#856,#994,#497,.T.);
#1284=EDGE_CURVE('',#857,#993,#498,.T.);
#1285=EDGE_CURVE('',#951,#899,#499,.T.);
#1286=EDGE_CURVE('',#900,#950,#500,.T.);
#1287=EDGE_CURVE('',#901,#949,#501,.T.);
#1288=EDGE_CURVE('',#902,#948,#502,.T.);
#1289=EDGE_CURVE('',#898,#952,#503,.T.);
#1290=EDGE_CURVE('',#910,#940,#504,.T.);
#1291=EDGE_CURVE('',#911,#939,#505,.T.);
#1292=EDGE_CURVE('',#912,#938,#506,.T.);
#1293=EDGE_CURVE('',#913,#937,#507,.T.);
#1294=EDGE_CURVE('',#936,#914,#508,.T.);
#1295=EDGE_CURVE('',#895,#955,#509,.T.);
#1296=EDGE_CURVE('',#896,#954,#510,.T.);
#1297=EDGE_CURVE('',#897,#953,#511,.T.);
#1298=EDGE_CURVE('',#966,#884,#512,.T.);
#1299=EDGE_CURVE('',#885,#965,#513,.T.);
#1300=EDGE_CURVE('',#886,#964,#514,.T.);
#1301=EDGE_CURVE('',#887,#963,#515,.T.);
#1302=EDGE_CURVE('',#883,#967,#516,.T.);
#1303=EDGE_CURVE('',#1011,#839,#517,.T.);
#1304=EDGE_CURVE('',#840,#1010,#518,.T.);
#1305=EDGE_CURVE('',#841,#1009,#519,.T.);
#1306=EDGE_CURVE('',#842,#1008,#520,.T.);
#1307=EDGE_CURVE('',#838,#1012,#521,.T.);
#1308=EDGE_CURVE('',#880,#970,#522,.T.);
#1309=EDGE_CURVE('',#881,#969,#523,.T.);
#1310=EDGE_CURVE('',#882,#968,#524,.T.);
#1311=EDGE_CURVE('',#915,#935,#525,.T.);
#1312=EDGE_CURVE('',#916,#934,#526,.T.);
#1313=EDGE_CURVE('',#917,#933,#527,.T.);
#1314=EDGE_CURVE('',#918,#932,#528,.T.);
#1315=EDGE_CURVE('',#931,#919,#529,.T.);
#1316=EDGE_CURVE('',#1019,#1019,#35,.T.);
#1317=EDGE_CURVE('',#1019,#1020,#530,.T.);
#1318=EDGE_CURVE('',#1020,#1020,#36,.T.);
#1319=EDGE_CURVE('',#837,#1013,#531,.T.);
#1320=EDGE_CURVE('',#930,#920,#532,.T.);
#1321=ORIENTED_EDGE('',*,*,#1021,.T.);
#1322=ORIENTED_EDGE('',*,*,#1022,.F.);
#1323=ORIENTED_EDGE('',*,*,#1023,.F.);
#1324=ORIENTED_EDGE('',*,*,#1024,.F.);
#1325=ORIENTED_EDGE('',*,*,#1025,.F.);
#1326=ORIENTED_EDGE('',*,*,#1021,.F.);
#1327=ORIENTED_EDGE('',*,*,#1026,.F.);
#1328=ORIENTED_EDGE('',*,*,#1027,.F.);
#1329=ORIENTED_EDGE('',*,*,#1028,.F.);
#1330=ORIENTED_EDGE('',*,*,#1029,.F.);
#1331=ORIENTED_EDGE('',*,*,#1030,.F.);
#1332=ORIENTED_EDGE('',*,*,#1031,.F.);
#1333=ORIENTED_EDGE('',*,*,#1032,.F.);
#1334=ORIENTED_EDGE('',*,*,#1033,.F.);
#1335=ORIENTED_EDGE('',*,*,#1034,.T.);
#1336=ORIENTED_EDGE('',*,*,#1035,.T.);
#1337=ORIENTED_EDGE('',*,*,#1036,.F.);
#1338=ORIENTED_EDGE('',*,*,#1037,.F.);
#1339=ORIENTED_EDGE('',*,*,#1038,.F.);
#1340=ORIENTED_EDGE('',*,*,#1039,.F.);
#1341=ORIENTED_EDGE('',*,*,#1040,.T.);
#1342=ORIENTED_EDGE('',*,*,#1041,.F.);
#1343=ORIENTED_EDGE('',*,*,#1042,.F.);
#1344=ORIENTED_EDGE('',*,*,#1043,.F.);
#1345=ORIENTED_EDGE('',*,*,#1044,.F.);
#1346=ORIENTED_EDGE('',*,*,#1045,.T.);
#1347=ORIENTED_EDGE('',*,*,#1046,.F.);
#1348=ORIENTED_EDGE('',*,*,#1047,.F.);
#1349=ORIENTED_EDGE('',*,*,#1048,.F.);
#1350=ORIENTED_EDGE('',*,*,#1049,.F.);
#1351=ORIENTED_EDGE('',*,*,#1050,.T.);
#1352=ORIENTED_EDGE('',*,*,#1051,.F.);
#1353=ORIENTED_EDGE('',*,*,#1052,.F.);
#1354=ORIENTED_EDGE('',*,*,#1053,.F.);
#1355=ORIENTED_EDGE('',*,*,#1054,.F.);
#1356=ORIENTED_EDGE('',*,*,#1055,.T.);
#1357=ORIENTED_EDGE('',*,*,#1056,.F.);
#1358=ORIENTED_EDGE('',*,*,#1057,.F.);
#1359=ORIENTED_EDGE('',*,*,#1058,.F.);
#1360=ORIENTED_EDGE('',*,*,#1059,.F.);
#1361=ORIENTED_EDGE('',*,*,#1060,.T.);
#1362=ORIENTED_EDGE('',*,*,#1061,.F.);
#1363=ORIENTED_EDGE('',*,*,#1062,.F.);
#1364=ORIENTED_EDGE('',*,*,#1063,.F.);
#1365=ORIENTED_EDGE('',*,*,#1064,.F.);
#1366=ORIENTED_EDGE('',*,*,#1065,.T.);
#1367=ORIENTED_EDGE('',*,*,#1066,.F.);
#1368=ORIENTED_EDGE('',*,*,#1067,.F.);
#1369=ORIENTED_EDGE('',*,*,#1068,.F.);
#1370=ORIENTED_EDGE('',*,*,#1069,.F.);
#1371=ORIENTED_EDGE('',*,*,#1070,.T.);
#1372=ORIENTED_EDGE('',*,*,#1071,.F.);
#1373=ORIENTED_EDGE('',*,*,#1072,.F.);
#1374=ORIENTED_EDGE('',*,*,#1073,.F.);
#1375=ORIENTED_EDGE('',*,*,#1074,.F.);
#1376=ORIENTED_EDGE('',*,*,#1075,.T.);
#1377=ORIENTED_EDGE('',*,*,#1076,.F.);
#1378=ORIENTED_EDGE('',*,*,#1077,.F.);
#1379=ORIENTED_EDGE('',*,*,#1078,.F.);
#1380=ORIENTED_EDGE('',*,*,#1079,.F.);
#1381=ORIENTED_EDGE('',*,*,#1080,.T.);
#1382=ORIENTED_EDGE('',*,*,#1081,.F.);
#1383=ORIENTED_EDGE('',*,*,#1082,.F.);
#1384=ORIENTED_EDGE('',*,*,#1083,.F.);
#1385=ORIENTED_EDGE('',*,*,#1084,.F.);
#1386=ORIENTED_EDGE('',*,*,#1085,.T.);
#1387=ORIENTED_EDGE('',*,*,#1086,.F.);
#1388=ORIENTED_EDGE('',*,*,#1087,.F.);
#1389=ORIENTED_EDGE('',*,*,#1088,.F.);
#1390=ORIENTED_EDGE('',*,*,#1089,.F.);
#1391=ORIENTED_EDGE('',*,*,#1090,.T.);
#1392=ORIENTED_EDGE('',*,*,#1091,.F.);
#1393=ORIENTED_EDGE('',*,*,#1092,.F.);
#1394=ORIENTED_EDGE('',*,*,#1093,.F.);
#1395=ORIENTED_EDGE('',*,*,#1094,.F.);
#1396=ORIENTED_EDGE('',*,*,#1095,.T.);
#1397=ORIENTED_EDGE('',*,*,#1096,.F.);
#1398=ORIENTED_EDGE('',*,*,#1097,.F.);
#1399=ORIENTED_EDGE('',*,*,#1098,.F.);
#1400=ORIENTED_EDGE('',*,*,#1099,.F.);
#1401=ORIENTED_EDGE('',*,*,#1100,.T.);
#1402=ORIENTED_EDGE('',*,*,#1101,.F.);
#1403=ORIENTED_EDGE('',*,*,#1102,.F.);
#1404=ORIENTED_EDGE('',*,*,#1103,.F.);
#1405=ORIENTED_EDGE('',*,*,#1104,.F.);
#1406=ORIENTED_EDGE('',*,*,#1105,.T.);
#1407=ORIENTED_EDGE('',*,*,#1106,.F.);
#1408=ORIENTED_EDGE('',*,*,#1107,.F.);
#1409=ORIENTED_EDGE('',*,*,#1108,.F.);
#1410=ORIENTED_EDGE('',*,*,#1109,.F.);
#1411=ORIENTED_EDGE('',*,*,#1110,.T.);
#1412=ORIENTED_EDGE('',*,*,#1111,.F.);
#1413=ORIENTED_EDGE('',*,*,#1112,.F.);
#1414=ORIENTED_EDGE('',*,*,#1113,.F.);
#1415=ORIENTED_EDGE('',*,*,#1114,.F.);
#1416=ORIENTED_EDGE('',*,*,#1115,.T.);
#1417=ORIENTED_EDGE('',*,*,#1116,.F.);
#1418=ORIENTED_EDGE('',*,*,#1117,.F.);
#1419=ORIENTED_EDGE('',*,*,#1118,.F.);
#1420=ORIENTED_EDGE('',*,*,#1119,.F.);
#1421=ORIENTED_EDGE('',*,*,#1120,.T.);
#1422=ORIENTED_EDGE('',*,*,#1121,.T.);
#1423=ORIENTED_EDGE('',*,*,#1122,.F.);
#1424=ORIENTED_EDGE('',*,*,#1024,.T.);
#1425=ORIENTED_EDGE('',*,*,#1123,.T.);
#1426=ORIENTED_EDGE('',*,*,#1124,.F.);
#1427=ORIENTED_EDGE('',*,*,#1026,.T.);
#1428=ORIENTED_EDGE('',*,*,#1025,.T.);
#1429=ORIENTED_EDGE('',*,*,#1125,.T.);
#1430=ORIENTED_EDGE('',*,*,#1126,.F.);
#1431=ORIENTED_EDGE('',*,*,#1125,.F.);
#1432=ORIENTED_EDGE('',*,*,#1022,.T.);
#1433=ORIENTED_EDGE('',*,*,#1122,.T.);
#1434=ORIENTED_EDGE('',*,*,#1127,.T.);
#1435=ORIENTED_EDGE('',*,*,#1128,.T.);
#1436=ORIENTED_EDGE('',*,*,#1129,.T.);
#1437=ORIENTED_EDGE('',*,*,#1036,.T.);
#1438=ORIENTED_EDGE('',*,*,#1130,.T.);
#1439=ORIENTED_EDGE('',*,*,#1131,.T.);
#1440=ORIENTED_EDGE('',*,*,#1031,.T.);
#1441=ORIENTED_EDGE('',*,*,#1132,.T.);
#1442=ORIENTED_EDGE('',*,*,#1133,.T.);
#1443=ORIENTED_EDGE('',*,*,#1134,.T.);
#1444=ORIENTED_EDGE('',*,*,#1134,.F.);
#1445=ORIENTED_EDGE('',*,*,#1135,.T.);
#1446=ORIENTED_EDGE('',*,*,#1136,.F.);
#1447=ORIENTED_EDGE('',*,*,#1032,.T.);
#1448=ORIENTED_EDGE('',*,*,#1023,.T.);
#1449=ORIENTED_EDGE('',*,*,#1128,.F.);
#1450=ORIENTED_EDGE('',*,*,#1137,.F.);
#1451=ORIENTED_EDGE('',*,*,#1138,.T.);
#1452=ORIENTED_EDGE('',*,*,#1139,.F.);
#1453=ORIENTED_EDGE('',*,*,#1140,.T.);
#1454=ORIENTED_EDGE('',*,*,#1141,.T.);
#1455=ORIENTED_EDGE('',*,*,#1142,.T.);
#1456=ORIENTED_EDGE('',*,*,#1143,.T.);
#1457=ORIENTED_EDGE('',*,*,#1144,.F.);
#1458=ORIENTED_EDGE('',*,*,#1145,.T.);
#1459=ORIENTED_EDGE('',*,*,#1146,.T.);
#1460=ORIENTED_EDGE('',*,*,#1147,.T.);
#1461=ORIENTED_EDGE('',*,*,#1148,.T.);
#1462=ORIENTED_EDGE('',*,*,#1149,.F.);
#1463=ORIENTED_EDGE('',*,*,#1150,.T.);
#1464=ORIENTED_EDGE('',*,*,#1151,.T.);
#1465=ORIENTED_EDGE('',*,*,#1152,.T.);
#1466=ORIENTED_EDGE('',*,*,#1153,.T.);
#1467=ORIENTED_EDGE('',*,*,#1154,.F.);
#1468=ORIENTED_EDGE('',*,*,#1155,.T.);
#1469=ORIENTED_EDGE('',*,*,#1156,.T.);
#1470=ORIENTED_EDGE('',*,*,#1157,.T.);
#1471=ORIENTED_EDGE('',*,*,#1158,.T.);
#1472=ORIENTED_EDGE('',*,*,#1159,.F.);
#1473=ORIENTED_EDGE('',*,*,#1160,.T.);
#1474=ORIENTED_EDGE('',*,*,#1161,.T.);
#1475=ORIENTED_EDGE('',*,*,#1162,.T.);
#1476=ORIENTED_EDGE('',*,*,#1163,.T.);
#1477=ORIENTED_EDGE('',*,*,#1164,.F.);
#1478=ORIENTED_EDGE('',*,*,#1165,.T.);
#1479=ORIENTED_EDGE('',*,*,#1166,.T.);
#1480=ORIENTED_EDGE('',*,*,#1167,.T.);
#1481=ORIENTED_EDGE('',*,*,#1168,.T.);
#1482=ORIENTED_EDGE('',*,*,#1169,.F.);
#1483=ORIENTED_EDGE('',*,*,#1170,.T.);
#1484=ORIENTED_EDGE('',*,*,#1171,.T.);
#1485=ORIENTED_EDGE('',*,*,#1172,.T.);
#1486=ORIENTED_EDGE('',*,*,#1173,.T.);
#1487=ORIENTED_EDGE('',*,*,#1174,.F.);
#1488=ORIENTED_EDGE('',*,*,#1175,.T.);
#1489=ORIENTED_EDGE('',*,*,#1176,.T.);
#1490=ORIENTED_EDGE('',*,*,#1177,.T.);
#1491=ORIENTED_EDGE('',*,*,#1178,.T.);
#1492=ORIENTED_EDGE('',*,*,#1179,.F.);
#1493=ORIENTED_EDGE('',*,*,#1180,.T.);
#1494=ORIENTED_EDGE('',*,*,#1181,.T.);
#1495=ORIENTED_EDGE('',*,*,#1182,.T.);
#1496=ORIENTED_EDGE('',*,*,#1183,.T.);
#1497=ORIENTED_EDGE('',*,*,#1184,.F.);
#1498=ORIENTED_EDGE('',*,*,#1185,.T.);
#1499=ORIENTED_EDGE('',*,*,#1186,.T.);
#1500=ORIENTED_EDGE('',*,*,#1187,.T.);
#1501=ORIENTED_EDGE('',*,*,#1188,.T.);
#1502=ORIENTED_EDGE('',*,*,#1189,.F.);
#1503=ORIENTED_EDGE('',*,*,#1190,.T.);
#1504=ORIENTED_EDGE('',*,*,#1191,.T.);
#1505=ORIENTED_EDGE('',*,*,#1192,.T.);
#1506=ORIENTED_EDGE('',*,*,#1193,.T.);
#1507=ORIENTED_EDGE('',*,*,#1194,.F.);
#1508=ORIENTED_EDGE('',*,*,#1195,.T.);
#1509=ORIENTED_EDGE('',*,*,#1196,.T.);
#1510=ORIENTED_EDGE('',*,*,#1197,.T.);
#1511=ORIENTED_EDGE('',*,*,#1198,.T.);
#1512=ORIENTED_EDGE('',*,*,#1199,.F.);
#1513=ORIENTED_EDGE('',*,*,#1200,.T.);
#1514=ORIENTED_EDGE('',*,*,#1201,.T.);
#1515=ORIENTED_EDGE('',*,*,#1202,.T.);
#1516=ORIENTED_EDGE('',*,*,#1203,.T.);
#1517=ORIENTED_EDGE('',*,*,#1204,.F.);
#1518=ORIENTED_EDGE('',*,*,#1205,.T.);
#1519=ORIENTED_EDGE('',*,*,#1206,.T.);
#1520=ORIENTED_EDGE('',*,*,#1207,.T.);
#1521=ORIENTED_EDGE('',*,*,#1208,.T.);
#1522=ORIENTED_EDGE('',*,*,#1209,.F.);
#1523=ORIENTED_EDGE('',*,*,#1210,.T.);
#1524=ORIENTED_EDGE('',*,*,#1211,.T.);
#1525=ORIENTED_EDGE('',*,*,#1212,.T.);
#1526=ORIENTED_EDGE('',*,*,#1213,.T.);
#1527=ORIENTED_EDGE('',*,*,#1214,.F.);
#1528=ORIENTED_EDGE('',*,*,#1215,.T.);
#1529=ORIENTED_EDGE('',*,*,#1216,.T.);
#1530=ORIENTED_EDGE('',*,*,#1217,.T.);
#1531=ORIENTED_EDGE('',*,*,#1218,.T.);
#1532=ORIENTED_EDGE('',*,*,#1219,.F.);
#1533=ORIENTED_EDGE('',*,*,#1220,.T.);
#1534=ORIENTED_EDGE('',*,*,#1221,.T.);
#1535=ORIENTED_EDGE('',*,*,#1131,.F.);
#1536=ORIENTED_EDGE('',*,*,#1222,.F.);
#1537=ORIENTED_EDGE('',*,*,#1223,.F.);
#1538=ORIENTED_EDGE('',*,*,#1224,.F.);
#1539=ORIENTED_EDGE('',*,*,#1135,.F.);
#1540=ORIENTED_EDGE('',*,*,#1133,.F.);
#1541=ORIENTED_EDGE('',*,*,#1225,.T.);
#1542=ORIENTED_EDGE('',*,*,#1226,.F.);
#1543=ORIENTED_EDGE('',*,*,#1227,.F.);
#1544=ORIENTED_EDGE('',*,*,#1228,.F.);
#1545=ORIENTED_EDGE('',*,*,#1123,.F.);
#1546=ORIENTED_EDGE('',*,*,#1029,.T.);
#1547=ORIENTED_EDGE('',*,*,#1229,.T.);
#1548=ORIENTED_EDGE('',*,*,#1226,.T.);
#1549=ORIENTED_EDGE('',*,*,#1230,.T.);
#1550=ORIENTED_EDGE('',*,*,#1229,.F.);
#1551=ORIENTED_EDGE('',*,*,#1028,.T.);
#1552=ORIENTED_EDGE('',*,*,#1231,.F.);
#1553=ORIENTED_EDGE('',*,*,#1227,.T.);
#1554=ORIENTED_EDGE('',*,*,#1132,.F.);
#1555=ORIENTED_EDGE('',*,*,#1030,.T.);
#1556=ORIENTED_EDGE('',*,*,#1230,.F.);
#1557=ORIENTED_EDGE('',*,*,#1225,.F.);
#1558=ORIENTED_EDGE('',*,*,#1228,.T.);
#1559=ORIENTED_EDGE('',*,*,#1231,.T.);
#1560=ORIENTED_EDGE('',*,*,#1027,.T.);
#1561=ORIENTED_EDGE('',*,*,#1124,.T.);
#1562=ORIENTED_EDGE('',*,*,#1033,.T.);
#1563=ORIENTED_EDGE('',*,*,#1136,.T.);
#1564=ORIENTED_EDGE('',*,*,#1224,.T.);
#1565=ORIENTED_EDGE('',*,*,#1232,.T.);
#1566=ORIENTED_EDGE('',*,*,#1232,.F.);
#1567=ORIENTED_EDGE('',*,*,#1223,.T.);
#1568=ORIENTED_EDGE('',*,*,#1233,.F.);
#1569=ORIENTED_EDGE('',*,*,#1034,.F.);
#1570=ORIENTED_EDGE('',*,*,#1065,.F.);
#1571=ORIENTED_EDGE('',*,*,#1234,.F.);
#1572=ORIENTED_EDGE('',*,*,#1193,.F.);
#1573=ORIENTED_EDGE('',*,*,#1235,.F.);
#1574=ORIENTED_EDGE('',*,*,#1066,.T.);
#1575=ORIENTED_EDGE('',*,*,#1235,.T.);
#1576=ORIENTED_EDGE('',*,*,#1192,.F.);
#1577=ORIENTED_EDGE('',*,*,#1236,.F.);
#1578=ORIENTED_EDGE('',*,*,#1067,.T.);
#1579=ORIENTED_EDGE('',*,*,#1236,.T.);
#1580=ORIENTED_EDGE('',*,*,#1191,.F.);
#1581=ORIENTED_EDGE('',*,*,#1237,.F.);
#1582=ORIENTED_EDGE('',*,*,#1068,.T.);
#1583=ORIENTED_EDGE('',*,*,#1237,.T.);
#1584=ORIENTED_EDGE('',*,*,#1190,.F.);
#1585=ORIENTED_EDGE('',*,*,#1238,.F.);
#1586=ORIENTED_EDGE('',*,*,#1238,.T.);
#1587=ORIENTED_EDGE('',*,*,#1189,.T.);
#1588=ORIENTED_EDGE('',*,*,#1239,.T.);
#1589=ORIENTED_EDGE('',*,*,#1069,.T.);
#1590=ORIENTED_EDGE('',*,*,#1234,.T.);
#1591=ORIENTED_EDGE('',*,*,#1064,.T.);
#1592=ORIENTED_EDGE('',*,*,#1240,.T.);
#1593=ORIENTED_EDGE('',*,*,#1194,.T.);
#1594=ORIENTED_EDGE('',*,*,#1075,.F.);
#1595=ORIENTED_EDGE('',*,*,#1241,.F.);
#1596=ORIENTED_EDGE('',*,*,#1183,.F.);
#1597=ORIENTED_EDGE('',*,*,#1242,.F.);
#1598=ORIENTED_EDGE('',*,*,#1076,.T.);
#1599=ORIENTED_EDGE('',*,*,#1242,.T.);
#1600=ORIENTED_EDGE('',*,*,#1182,.F.);
#1601=ORIENTED_EDGE('',*,*,#1243,.F.);
#1602=ORIENTED_EDGE('',*,*,#1077,.T.);
#1603=ORIENTED_EDGE('',*,*,#1243,.T.);
#1604=ORIENTED_EDGE('',*,*,#1181,.F.);
#1605=ORIENTED_EDGE('',*,*,#1244,.F.);
#1606=ORIENTED_EDGE('',*,*,#1078,.T.);
#1607=ORIENTED_EDGE('',*,*,#1244,.T.);
#1608=ORIENTED_EDGE('',*,*,#1180,.F.);
#1609=ORIENTED_EDGE('',*,*,#1245,.F.);
#1610=ORIENTED_EDGE('',*,*,#1245,.T.);
#1611=ORIENTED_EDGE('',*,*,#1179,.T.);
#1612=ORIENTED_EDGE('',*,*,#1246,.T.);
#1613=ORIENTED_EDGE('',*,*,#1079,.T.);
#1614=ORIENTED_EDGE('',*,*,#1241,.T.);
#1615=ORIENTED_EDGE('',*,*,#1074,.T.);
#1616=ORIENTED_EDGE('',*,*,#1247,.T.);
#1617=ORIENTED_EDGE('',*,*,#1184,.T.);
#1618=ORIENTED_EDGE('',*,*,#1060,.F.);
#1619=ORIENTED_EDGE('',*,*,#1248,.F.);
#1620=ORIENTED_EDGE('',*,*,#1198,.F.);
#1621=ORIENTED_EDGE('',*,*,#1249,.F.);
#1622=ORIENTED_EDGE('',*,*,#1061,.T.);
#1623=ORIENTED_EDGE('',*,*,#1249,.T.);
#1624=ORIENTED_EDGE('',*,*,#1197,.F.);
#1625=ORIENTED_EDGE('',*,*,#1250,.F.);
#1626=ORIENTED_EDGE('',*,*,#1062,.T.);
#1627=ORIENTED_EDGE('',*,*,#1250,.T.);
#1628=ORIENTED_EDGE('',*,*,#1196,.F.);
#1629=ORIENTED_EDGE('',*,*,#1251,.F.);
#1630=ORIENTED_EDGE('',*,*,#1063,.T.);
#1631=ORIENTED_EDGE('',*,*,#1251,.T.);
#1632=ORIENTED_EDGE('',*,*,#1195,.F.);
#1633=ORIENTED_EDGE('',*,*,#1240,.F.);
#1634=ORIENTED_EDGE('',*,*,#1248,.T.);
#1635=ORIENTED_EDGE('',*,*,#1059,.T.);
#1636=ORIENTED_EDGE('',*,*,#1252,.T.);
#1637=ORIENTED_EDGE('',*,*,#1199,.T.);
#1638=ORIENTED_EDGE('',*,*,#1045,.F.);
#1639=ORIENTED_EDGE('',*,*,#1253,.F.);
#1640=ORIENTED_EDGE('',*,*,#1213,.F.);
#1641=ORIENTED_EDGE('',*,*,#1254,.F.);
#1642=ORIENTED_EDGE('',*,*,#1046,.T.);
#1643=ORIENTED_EDGE('',*,*,#1254,.T.);
#1644=ORIENTED_EDGE('',*,*,#1212,.F.);
#1645=ORIENTED_EDGE('',*,*,#1255,.F.);
#1646=ORIENTED_EDGE('',*,*,#1047,.T.);
#1647=ORIENTED_EDGE('',*,*,#1255,.T.);
#1648=ORIENTED_EDGE('',*,*,#1211,.F.);
#1649=ORIENTED_EDGE('',*,*,#1256,.F.);
#1650=ORIENTED_EDGE('',*,*,#1048,.T.);
#1651=ORIENTED_EDGE('',*,*,#1256,.T.);
#1652=ORIENTED_EDGE('',*,*,#1210,.F.);
#1653=ORIENTED_EDGE('',*,*,#1257,.F.);
#1654=ORIENTED_EDGE('',*,*,#1257,.T.);
#1655=ORIENTED_EDGE('',*,*,#1209,.T.);
#1656=ORIENTED_EDGE('',*,*,#1258,.T.);
#1657=ORIENTED_EDGE('',*,*,#1049,.T.);
#1658=ORIENTED_EDGE('',*,*,#1253,.T.);
#1659=ORIENTED_EDGE('',*,*,#1044,.T.);
#1660=ORIENTED_EDGE('',*,*,#1259,.T.);
#1661=ORIENTED_EDGE('',*,*,#1214,.T.);
#1662=ORIENTED_EDGE('',*,*,#1070,.F.);
#1663=ORIENTED_EDGE('',*,*,#1239,.F.);
#1664=ORIENTED_EDGE('',*,*,#1188,.F.);
#1665=ORIENTED_EDGE('',*,*,#1260,.F.);
#1666=ORIENTED_EDGE('',*,*,#1071,.T.);
#1667=ORIENTED_EDGE('',*,*,#1260,.T.);
#1668=ORIENTED_EDGE('',*,*,#1187,.F.);
#1669=ORIENTED_EDGE('',*,*,#1261,.F.);
#1670=ORIENTED_EDGE('',*,*,#1072,.T.);
#1671=ORIENTED_EDGE('',*,*,#1261,.T.);
#1672=ORIENTED_EDGE('',*,*,#1186,.F.);
#1673=ORIENTED_EDGE('',*,*,#1262,.F.);
#1674=ORIENTED_EDGE('',*,*,#1073,.T.);
#1675=ORIENTED_EDGE('',*,*,#1262,.T.);
#1676=ORIENTED_EDGE('',*,*,#1185,.F.);
#1677=ORIENTED_EDGE('',*,*,#1247,.F.);
#1678=ORIENTED_EDGE('',*,*,#1090,.F.);
#1679=ORIENTED_EDGE('',*,*,#1263,.F.);
#1680=ORIENTED_EDGE('',*,*,#1168,.F.);
#1681=ORIENTED_EDGE('',*,*,#1264,.F.);
#1682=ORIENTED_EDGE('',*,*,#1091,.T.);
#1683=ORIENTED_EDGE('',*,*,#1264,.T.);
#1684=ORIENTED_EDGE('',*,*,#1167,.F.);
#1685=ORIENTED_EDGE('',*,*,#1265,.F.);
#1686=ORIENTED_EDGE('',*,*,#1092,.T.);
#1687=ORIENTED_EDGE('',*,*,#1265,.T.);
#1688=ORIENTED_EDGE('',*,*,#1166,.F.);
#1689=ORIENTED_EDGE('',*,*,#1266,.F.);
#1690=ORIENTED_EDGE('',*,*,#1093,.T.);
#1691=ORIENTED_EDGE('',*,*,#1266,.T.);
#1692=ORIENTED_EDGE('',*,*,#1165,.F.);
#1693=ORIENTED_EDGE('',*,*,#1267,.F.);
#1694=ORIENTED_EDGE('',*,*,#1267,.T.);
#1695=ORIENTED_EDGE('',*,*,#1164,.T.);
#1696=ORIENTED_EDGE('',*,*,#1268,.T.);
#1697=ORIENTED_EDGE('',*,*,#1094,.T.);
#1698=ORIENTED_EDGE('',*,*,#1263,.T.);
#1699=ORIENTED_EDGE('',*,*,#1089,.T.);
#1700=ORIENTED_EDGE('',*,*,#1269,.T.);
#1701=ORIENTED_EDGE('',*,*,#1169,.T.);
#1702=ORIENTED_EDGE('',*,*,#1105,.F.);
#1703=ORIENTED_EDGE('',*,*,#1270,.F.);
#1704=ORIENTED_EDGE('',*,*,#1153,.F.);
#1705=ORIENTED_EDGE('',*,*,#1271,.F.);
#1706=ORIENTED_EDGE('',*,*,#1106,.T.);
#1707=ORIENTED_EDGE('',*,*,#1271,.T.);
#1708=ORIENTED_EDGE('',*,*,#1152,.F.);
#1709=ORIENTED_EDGE('',*,*,#1272,.F.);
#1710=ORIENTED_EDGE('',*,*,#1107,.T.);
#1711=ORIENTED_EDGE('',*,*,#1272,.T.);
#1712=ORIENTED_EDGE('',*,*,#1151,.F.);
#1713=ORIENTED_EDGE('',*,*,#1273,.F.);
#1714=ORIENTED_EDGE('',*,*,#1108,.T.);
#1715=ORIENTED_EDGE('',*,*,#1273,.T.);
#1716=ORIENTED_EDGE('',*,*,#1150,.F.);
#1717=ORIENTED_EDGE('',*,*,#1274,.F.);
#1718=ORIENTED_EDGE('',*,*,#1274,.T.);
#1719=ORIENTED_EDGE('',*,*,#1149,.T.);
#1720=ORIENTED_EDGE('',*,*,#1275,.T.);
#1721=ORIENTED_EDGE('',*,*,#1109,.T.);
#1722=ORIENTED_EDGE('',*,*,#1270,.T.);
#1723=ORIENTED_EDGE('',*,*,#1104,.T.);
#1724=ORIENTED_EDGE('',*,*,#1276,.T.);
#1725=ORIENTED_EDGE('',*,*,#1154,.T.);
#1726=ORIENTED_EDGE('',*,*,#1050,.F.);
#1727=ORIENTED_EDGE('',*,*,#1258,.F.);
#1728=ORIENTED_EDGE('',*,*,#1208,.F.);
#1729=ORIENTED_EDGE('',*,*,#1277,.F.);
#1730=ORIENTED_EDGE('',*,*,#1051,.T.);
#1731=ORIENTED_EDGE('',*,*,#1277,.T.);
#1732=ORIENTED_EDGE('',*,*,#1207,.F.);
#1733=ORIENTED_EDGE('',*,*,#1278,.F.);
#1734=ORIENTED_EDGE('',*,*,#1052,.T.);
#1735=ORIENTED_EDGE('',*,*,#1278,.T.);
#1736=ORIENTED_EDGE('',*,*,#1206,.F.);
#1737=ORIENTED_EDGE('',*,*,#1279,.F.);
#1738=ORIENTED_EDGE('',*,*,#1053,.T.);
#1739=ORIENTED_EDGE('',*,*,#1279,.T.);
#1740=ORIENTED_EDGE('',*,*,#1205,.F.);
#1741=ORIENTED_EDGE('',*,*,#1280,.F.);
#1742=ORIENTED_EDGE('',*,*,#1280,.T.);
#1743=ORIENTED_EDGE('',*,*,#1204,.T.);
#1744=ORIENTED_EDGE('',*,*,#1281,.T.);
#1745=ORIENTED_EDGE('',*,*,#1054,.T.);
#1746=ORIENTED_EDGE('',*,*,#1055,.F.);
#1747=ORIENTED_EDGE('',*,*,#1281,.F.);
#1748=ORIENTED_EDGE('',*,*,#1203,.F.);
#1749=ORIENTED_EDGE('',*,*,#1282,.F.);
#1750=ORIENTED_EDGE('',*,*,#1056,.T.);
#1751=ORIENTED_EDGE('',*,*,#1282,.T.);
#1752=ORIENTED_EDGE('',*,*,#1202,.F.);
#1753=ORIENTED_EDGE('',*,*,#1283,.F.);
#1754=ORIENTED_EDGE('',*,*,#1057,.T.);
#1755=ORIENTED_EDGE('',*,*,#1283,.T.);
#1756=ORIENTED_EDGE('',*,*,#1201,.F.);
#1757=ORIENTED_EDGE('',*,*,#1284,.F.);
#1758=ORIENTED_EDGE('',*,*,#1058,.T.);
#1759=ORIENTED_EDGE('',*,*,#1284,.T.);
#1760=ORIENTED_EDGE('',*,*,#1200,.F.);
#1761=ORIENTED_EDGE('',*,*,#1252,.F.);
#1762=ORIENTED_EDGE('',*,*,#1100,.F.);
#1763=ORIENTED_EDGE('',*,*,#1285,.F.);
#1764=ORIENTED_EDGE('',*,*,#1158,.F.);
#1765=ORIENTED_EDGE('',*,*,#1286,.F.);
#1766=ORIENTED_EDGE('',*,*,#1101,.T.);
#1767=ORIENTED_EDGE('',*,*,#1286,.T.);
#1768=ORIENTED_EDGE('',*,*,#1157,.F.);
#1769=ORIENTED_EDGE('',*,*,#1287,.F.);
#1770=ORIENTED_EDGE('',*,*,#1102,.T.);
#1771=ORIENTED_EDGE('',*,*,#1287,.T.);
#1772=ORIENTED_EDGE('',*,*,#1156,.F.);
#1773=ORIENTED_EDGE('',*,*,#1288,.F.);
#1774=ORIENTED_EDGE('',*,*,#1103,.T.);
#1775=ORIENTED_EDGE('',*,*,#1288,.T.);
#1776=ORIENTED_EDGE('',*,*,#1155,.F.);
#1777=ORIENTED_EDGE('',*,*,#1276,.F.);
#1778=ORIENTED_EDGE('',*,*,#1285,.T.);
#1779=ORIENTED_EDGE('',*,*,#1099,.T.);
#1780=ORIENTED_EDGE('',*,*,#1289,.T.);
#1781=ORIENTED_EDGE('',*,*,#1159,.T.);
#1782=ORIENTED_EDGE('',*,*,#1110,.F.);
#1783=ORIENTED_EDGE('',*,*,#1275,.F.);
#1784=ORIENTED_EDGE('',*,*,#1148,.F.);
#1785=ORIENTED_EDGE('',*,*,#1290,.F.);
#1786=ORIENTED_EDGE('',*,*,#1111,.T.);
#1787=ORIENTED_EDGE('',*,*,#1290,.T.);
#1788=ORIENTED_EDGE('',*,*,#1147,.F.);
#1789=ORIENTED_EDGE('',*,*,#1291,.F.);
#1790=ORIENTED_EDGE('',*,*,#1112,.T.);
#1791=ORIENTED_EDGE('',*,*,#1291,.T.);
#1792=ORIENTED_EDGE('',*,*,#1146,.F.);
#1793=ORIENTED_EDGE('',*,*,#1292,.F.);
#1794=ORIENTED_EDGE('',*,*,#1113,.T.);
#1795=ORIENTED_EDGE('',*,*,#1292,.T.);
#1796=ORIENTED_EDGE('',*,*,#1145,.F.);
#1797=ORIENTED_EDGE('',*,*,#1293,.F.);
#1798=ORIENTED_EDGE('',*,*,#1293,.T.);
#1799=ORIENTED_EDGE('',*,*,#1144,.T.);
#1800=ORIENTED_EDGE('',*,*,#1294,.T.);
#1801=ORIENTED_EDGE('',*,*,#1114,.T.);
#1802=ORIENTED_EDGE('',*,*,#1095,.F.);
#1803=ORIENTED_EDGE('',*,*,#1268,.F.);
#1804=ORIENTED_EDGE('',*,*,#1163,.F.);
#1805=ORIENTED_EDGE('',*,*,#1295,.F.);
#1806=ORIENTED_EDGE('',*,*,#1096,.T.);
#1807=ORIENTED_EDGE('',*,*,#1295,.T.);
#1808=ORIENTED_EDGE('',*,*,#1162,.F.);
#1809=ORIENTED_EDGE('',*,*,#1296,.F.);
#1810=ORIENTED_EDGE('',*,*,#1097,.T.);
#1811=ORIENTED_EDGE('',*,*,#1296,.T.);
#1812=ORIENTED_EDGE('',*,*,#1161,.F.);
#1813=ORIENTED_EDGE('',*,*,#1297,.F.);
#1814=ORIENTED_EDGE('',*,*,#1098,.T.);
#1815=ORIENTED_EDGE('',*,*,#1297,.T.);
#1816=ORIENTED_EDGE('',*,*,#1160,.F.);
#1817=ORIENTED_EDGE('',*,*,#1289,.F.);
#1818=ORIENTED_EDGE('',*,*,#1085,.F.);
#1819=ORIENTED_EDGE('',*,*,#1298,.F.);
#1820=ORIENTED_EDGE('',*,*,#1173,.F.);
#1821=ORIENTED_EDGE('',*,*,#1299,.F.);
#1822=ORIENTED_EDGE('',*,*,#1086,.T.);
#1823=ORIENTED_EDGE('',*,*,#1299,.T.);
#1824=ORIENTED_EDGE('',*,*,#1172,.F.);
#1825=ORIENTED_EDGE('',*,*,#1300,.F.);
#1826=ORIENTED_EDGE('',*,*,#1087,.T.);
#1827=ORIENTED_EDGE('',*,*,#1300,.T.);
#1828=ORIENTED_EDGE('',*,*,#1171,.F.);
#1829=ORIENTED_EDGE('',*,*,#1301,.F.);
#1830=ORIENTED_EDGE('',*,*,#1088,.T.);
#1831=ORIENTED_EDGE('',*,*,#1301,.T.);
#1832=ORIENTED_EDGE('',*,*,#1170,.F.);
#1833=ORIENTED_EDGE('',*,*,#1269,.F.);
#1834=ORIENTED_EDGE('',*,*,#1298,.T.);
#1835=ORIENTED_EDGE('',*,*,#1084,.T.);
#1836=ORIENTED_EDGE('',*,*,#1302,.T.);
#1837=ORIENTED_EDGE('',*,*,#1174,.T.);
#1838=ORIENTED_EDGE('',*,*,#1040,.F.);
#1839=ORIENTED_EDGE('',*,*,#1303,.F.);
#1840=ORIENTED_EDGE('',*,*,#1218,.F.);
#1841=ORIENTED_EDGE('',*,*,#1304,.F.);
#1842=ORIENTED_EDGE('',*,*,#1041,.T.);
#1843=ORIENTED_EDGE('',*,*,#1304,.T.);
#1844=ORIENTED_EDGE('',*,*,#1217,.F.);
#1845=ORIENTED_EDGE('',*,*,#1305,.F.);
#1846=ORIENTED_EDGE('',*,*,#1042,.T.);
#1847=ORIENTED_EDGE('',*,*,#1305,.T.);
#1848=ORIENTED_EDGE('',*,*,#1216,.F.);
#1849=ORIENTED_EDGE('',*,*,#1306,.F.);
#1850=ORIENTED_EDGE('',*,*,#1043,.T.);
#1851=ORIENTED_EDGE('',*,*,#1306,.T.);
#1852=ORIENTED_EDGE('',*,*,#1215,.F.);
#1853=ORIENTED_EDGE('',*,*,#1259,.F.);
#1854=ORIENTED_EDGE('',*,*,#1303,.T.);
#1855=ORIENTED_EDGE('',*,*,#1039,.T.);
#1856=ORIENTED_EDGE('',*,*,#1307,.T.);
#1857=ORIENTED_EDGE('',*,*,#1219,.T.);
#1858=ORIENTED_EDGE('',*,*,#1080,.F.);
#1859=ORIENTED_EDGE('',*,*,#1246,.F.);
#1860=ORIENTED_EDGE('',*,*,#1178,.F.);
#1861=ORIENTED_EDGE('',*,*,#1308,.F.);
#1862=ORIENTED_EDGE('',*,*,#1081,.T.);
#1863=ORIENTED_EDGE('',*,*,#1308,.T.);
#1864=ORIENTED_EDGE('',*,*,#1177,.F.);
#1865=ORIENTED_EDGE('',*,*,#1309,.F.);
#1866=ORIENTED_EDGE('',*,*,#1082,.T.);
#1867=ORIENTED_EDGE('',*,*,#1309,.T.);
#1868=ORIENTED_EDGE('',*,*,#1176,.F.);
#1869=ORIENTED_EDGE('',*,*,#1310,.F.);
#1870=ORIENTED_EDGE('',*,*,#1083,.T.);
#1871=ORIENTED_EDGE('',*,*,#1310,.T.);
#1872=ORIENTED_EDGE('',*,*,#1175,.F.);
#1873=ORIENTED_EDGE('',*,*,#1302,.F.);
#1874=ORIENTED_EDGE('',*,*,#1115,.F.);
#1875=ORIENTED_EDGE('',*,*,#1294,.F.);
#1876=ORIENTED_EDGE('',*,*,#1143,.F.);
#1877=ORIENTED_EDGE('',*,*,#1311,.F.);
#1878=ORIENTED_EDGE('',*,*,#1116,.T.);
#1879=ORIENTED_EDGE('',*,*,#1311,.T.);
#1880=ORIENTED_EDGE('',*,*,#1142,.F.);
#1881=ORIENTED_EDGE('',*,*,#1312,.F.);
#1882=ORIENTED_EDGE('',*,*,#1117,.T.);
#1883=ORIENTED_EDGE('',*,*,#1312,.T.);
#1884=ORIENTED_EDGE('',*,*,#1141,.F.);
#1885=ORIENTED_EDGE('',*,*,#1313,.F.);
#1886=ORIENTED_EDGE('',*,*,#1118,.T.);
#1887=ORIENTED_EDGE('',*,*,#1313,.T.);
#1888=ORIENTED_EDGE('',*,*,#1140,.F.);
#1889=ORIENTED_EDGE('',*,*,#1314,.F.);
#1890=ORIENTED_EDGE('',*,*,#1314,.T.);
#1891=ORIENTED_EDGE('',*,*,#1139,.T.);
#1892=ORIENTED_EDGE('',*,*,#1315,.T.);
#1893=ORIENTED_EDGE('',*,*,#1119,.T.);
#1894=ORIENTED_EDGE('',*,*,#1316,.F.);
#1895=ORIENTED_EDGE('',*,*,#1317,.T.);
#1896=ORIENTED_EDGE('',*,*,#1318,.F.);
#1897=ORIENTED_EDGE('',*,*,#1317,.F.);
#1898=ORIENTED_EDGE('',*,*,#1222,.T.);
#1899=ORIENTED_EDGE('',*,*,#1130,.F.);
#1900=ORIENTED_EDGE('',*,*,#1035,.F.);
#1901=ORIENTED_EDGE('',*,*,#1233,.T.);
#1902=ORIENTED_EDGE('',*,*,#1316,.T.);
#1903=ORIENTED_EDGE('',*,*,#1319,.F.);
#1904=ORIENTED_EDGE('',*,*,#1037,.T.);
#1905=ORIENTED_EDGE('',*,*,#1129,.F.);
#1906=ORIENTED_EDGE('',*,*,#1221,.F.);
#1907=ORIENTED_EDGE('',*,*,#1318,.T.);
#1908=ORIENTED_EDGE('',*,*,#1319,.T.);
#1909=ORIENTED_EDGE('',*,*,#1220,.F.);
#1910=ORIENTED_EDGE('',*,*,#1307,.F.);
#1911=ORIENTED_EDGE('',*,*,#1038,.T.);
#1912=ORIENTED_EDGE('',*,*,#1320,.F.);
#1913=ORIENTED_EDGE('',*,*,#1137,.T.);
#1914=ORIENTED_EDGE('',*,*,#1127,.F.);
#1915=ORIENTED_EDGE('',*,*,#1121,.F.);
#1916=ORIENTED_EDGE('',*,*,#1126,.T.);
#1917=ORIENTED_EDGE('',*,*,#1320,.T.);
#1918=ORIENTED_EDGE('',*,*,#1120,.F.);
#1919=ORIENTED_EDGE('',*,*,#1315,.F.);
#1920=ORIENTED_EDGE('',*,*,#1138,.F.);
#1921=PLANE('',#2133);
#1922=PLANE('',#2135);
#1923=PLANE('',#2140);
#1924=PLANE('',#2143);
#1925=PLANE('',#2144);
#1926=PLANE('',#2147);
#1927=PLANE('',#2148);
#1928=PLANE('',#2153);
#1929=PLANE('',#2154);
#1930=PLANE('',#2157);
#1931=PLANE('',#2158);
#1932=PLANE('',#2159);
#1933=PLANE('',#2160);
#1934=PLANE('',#2161);
#1935=PLANE('',#2162);
#1936=PLANE('',#2163);
#1937=PLANE('',#2164);
#1938=PLANE('',#2165);
#1939=PLANE('',#2166);
#1940=PLANE('',#2167);
#1941=PLANE('',#2168);
#1942=PLANE('',#2169);
#1943=PLANE('',#2170);
#1944=PLANE('',#2171);
#1945=PLANE('',#2172);
#1946=PLANE('',#2173);
#1947=PLANE('',#2174);
#1948=PLANE('',#2175);
#1949=PLANE('',#2176);
#1950=PLANE('',#2177);
#1951=PLANE('',#2178);
#1952=PLANE('',#2179);
#1953=PLANE('',#2180);
#1954=PLANE('',#2181);
#1955=PLANE('',#2182);
#1956=PLANE('',#2183);
#1957=PLANE('',#2184);
#1958=PLANE('',#2185);
#1959=PLANE('',#2186);
#1960=PLANE('',#2187);
#1961=PLANE('',#2188);
#1962=PLANE('',#2189);
#1963=PLANE('',#2190);
#1964=PLANE('',#2191);
#1965=PLANE('',#2192);
#1966=PLANE('',#2193);
#1967=PLANE('',#2194);
#1968=PLANE('',#2195);
#1969=PLANE('',#2196);
#1970=PLANE('',#2197);
#1971=PLANE('',#2198);
#1972=PLANE('',#2199);
#1973=PLANE('',#2200);
#1974=PLANE('',#2201);
#1975=PLANE('',#2202);
#1976=PLANE('',#2203);
#1977=PLANE('',#2204);
#1978=PLANE('',#2205);
#1979=PLANE('',#2206);
#1980=PLANE('',#2207);
#1981=PLANE('',#2208);
#1982=PLANE('',#2209);
#1983=PLANE('',#2210);
#1984=PLANE('',#2211);
#1985=PLANE('',#2212);
#1986=PLANE('',#2213);
#1987=PLANE('',#2214);
#1988=PLANE('',#2215);
#1989=PLANE('',#2216);
#1990=PLANE('',#2217);
#1991=PLANE('',#2218);
#1992=PLANE('',#2219);
#1993=PLANE('',#2220);
#1994=PLANE('',#2221);
#1995=PLANE('',#2222);
#1996=PLANE('',#2223);
#1997=PLANE('',#2224);
#1998=PLANE('',#2225);
#1999=PLANE('',#2226);
#2000=PLANE('',#2227);
#2001=PLANE('',#2228);
#2002=PLANE('',#2229);
#2003=PLANE('',#2230);
#2004=PLANE('',#2231);
#2005=PLANE('',#2232);
#2006=PLANE('',#2233);
#2007=PLANE('',#2234);
#2008=PLANE('',#2235);
#2009=PLANE('',#2236);
#2010=PLANE('',#2237);
#2011=PLANE('',#2238);
#2012=PLANE('',#2242);
#2013=PLANE('',#2243);
#2014=PLANE('',#2244);
#2015=PLANE('',#2245);
#2016=PLANE('',#2246);
#2017=ADVANCED_FACE('',(#37,#21),#1921,.T.);
#2018=ADVANCED_FACE('',(#38),#1922,.T.);
#2019=ADVANCED_FACE('',(#39),#1923,.T.);
#2020=ADVANCED_FACE('',(#40),#15,.F.);
#2021=ADVANCED_FACE('',(#41),#1924,.T.);
#2022=ADVANCED_FACE('',(#42),#1925,.T.);
#2023=ADVANCED_FACE('',(#43),#16,.T.);
#2024=ADVANCED_FACE('',(#44),#1926,.T.);
#2025=ADVANCED_FACE('',(#45),#1927,.T.);
#2026=ADVANCED_FACE('',(#46),#17,.T.);
#2027=ADVANCED_FACE('',(#47),#1928,.T.);
#2028=ADVANCED_FACE('',(#48),#1929,.T.);
#2029=ADVANCED_FACE('',(#49),#18,.T.);
#2030=ADVANCED_FACE('',(#50),#19,.T.);
#2031=ADVANCED_FACE('',(#51),#1930,.T.);
#2032=ADVANCED_FACE('',(#52),#1931,.T.);
#2033=ADVANCED_FACE('',(#53),#1932,.T.);
#2034=ADVANCED_FACE('',(#54),#1933,.T.);
#2035=ADVANCED_FACE('',(#55),#1934,.T.);
#2036=ADVANCED_FACE('',(#56),#1935,.T.);
#2037=ADVANCED_FACE('',(#57),#1936,.T.);
#2038=ADVANCED_FACE('',(#58),#1937,.T.);
#2039=ADVANCED_FACE('',(#59),#1938,.T.);
#2040=ADVANCED_FACE('',(#60),#1939,.T.);
#2041=ADVANCED_FACE('',(#61),#1940,.T.);
#2042=ADVANCED_FACE('',(#62),#1941,.T.);
#2043=ADVANCED_FACE('',(#63),#1942,.T.);
#2044=ADVANCED_FACE('',(#64),#1943,.T.);
#2045=ADVANCED_FACE('',(#65),#1944,.T.);
#2046=ADVANCED_FACE('',(#66),#1945,.T.);
#2047=ADVANCED_FACE('',(#67),#1946,.T.);
#2048=ADVANCED_FACE('',(#68),#1947,.T.);
#2049=ADVANCED_FACE('',(#69),#1948,.T.);
#2050=ADVANCED_FACE('',(#70),#1949,.T.);
#2051=ADVANCED_FACE('',(#71),#1950,.T.);
#2052=ADVANCED_FACE('',(#72),#1951,.T.);
#2053=ADVANCED_FACE('',(#73),#1952,.T.);
#2054=ADVANCED_FACE('',(#74),#1953,.T.);
#2055=ADVANCED_FACE('',(#75),#1954,.T.);
#2056=ADVANCED_FACE('',(#76),#1955,.T.);
#2057=ADVANCED_FACE('',(#77),#1956,.T.);
#2058=ADVANCED_FACE('',(#78),#1957,.T.);
#2059=ADVANCED_FACE('',(#79),#1958,.T.);
#2060=ADVANCED_FACE('',(#80),#1959,.T.);
#2061=ADVANCED_FACE('',(#81),#1960,.T.);
#2062=ADVANCED_FACE('',(#82),#1961,.T.);
#2063=ADVANCED_FACE('',(#83),#1962,.T.);
#2064=ADVANCED_FACE('',(#84),#1963,.T.);
#2065=ADVANCED_FACE('',(#85),#1964,.T.);
#2066=ADVANCED_FACE('',(#86),#1965,.T.);
#2067=ADVANCED_FACE('',(#87),#1966,.T.);
#2068=ADVANCED_FACE('',(#88),#1967,.T.);
#2069=ADVANCED_FACE('',(#89),#1968,.T.);
#2070=ADVANCED_FACE('',(#90),#1969,.T.);
#2071=ADVANCED_FACE('',(#91),#1970,.T.);
#2072=ADVANCED_FACE('',(#92),#1971,.T.);
#2073=ADVANCED_FACE('',(#93),#1972,.T.);
#2074=ADVANCED_FACE('',(#94),#1973,.T.);
#2075=ADVANCED_FACE('',(#95),#1974,.T.);
#2076=ADVANCED_FACE('',(#96),#1975,.T.);
#2077=ADVANCED_FACE('',(#97),#1976,.T.);
#2078=ADVANCED_FACE('',(#98),#1977,.T.);
#2079=ADVANCED_FACE('',(#99),#1978,.T.);
#2080=ADVANCED_FACE('',(#100),#1979,.T.);
#2081=ADVANCED_FACE('',(#101),#1980,.T.);
#2082=ADVANCED_FACE('',(#102),#1981,.T.);
#2083=ADVANCED_FACE('',(#103),#1982,.T.);
#2084=ADVANCED_FACE('',(#104),#1983,.T.);
#2085=ADVANCED_FACE('',(#105),#1984,.T.);
#2086=ADVANCED_FACE('',(#106),#1985,.T.);
#2087=ADVANCED_FACE('',(#107),#1986,.T.);
#2088=ADVANCED_FACE('',(#108),#1987,.T.);
#2089=ADVANCED_FACE('',(#109),#1988,.T.);
#2090=ADVANCED_FACE('',(#110),#1989,.T.);
#2091=ADVANCED_FACE('',(#111),#1990,.T.);
#2092=ADVANCED_FACE('',(#112),#1991,.T.);
#2093=ADVANCED_FACE('',(#113),#1992,.T.);
#2094=ADVANCED_FACE('',(#114),#1993,.T.);
#2095=ADVANCED_FACE('',(#115),#1994,.T.);
#2096=ADVANCED_FACE('',(#116),#1995,.T.);
#2097=ADVANCED_FACE('',(#117),#1996,.T.);
#2098=ADVANCED_FACE('',(#118),#1997,.T.);
#2099=ADVANCED_FACE('',(#119),#1998,.T.);
#2100=ADVANCED_FACE('',(#120),#1999,.T.);
#2101=ADVANCED_FACE('',(#121),#2000,.T.);
#2102=ADVANCED_FACE('',(#122),#2001,.T.);
#2103=ADVANCED_FACE('',(#123),#2002,.T.);
#2104=ADVANCED_FACE('',(#124),#2003,.T.);
#2105=ADVANCED_FACE('',(#125),#2004,.T.);
#2106=ADVANCED_FACE('',(#126),#2005,.T.);
#2107=ADVANCED_FACE('',(#127),#2006,.T.);
#2108=ADVANCED_FACE('',(#128),#2007,.T.);
#2109=ADVANCED_FACE('',(#129),#2008,.T.);
#2110=ADVANCED_FACE('',(#130),#2009,.T.);
#2111=ADVANCED_FACE('',(#131),#2010,.T.);
#2112=ADVANCED_FACE('',(#132),#2011,.T.);
#2113=ADVANCED_FACE('',(#133),#20,.F.);
#2114=ADVANCED_FACE('',(#134,#22),#2012,.T.);
#2115=ADVANCED_FACE('',(#135,#23),#2013,.T.);
#2116=ADVANCED_FACE('',(#136),#2014,.T.);
#2117=ADVANCED_FACE('',(#137,#24),#2015,.T.);
#2118=ADVANCED_FACE('',(#138),#2016,.F.);
#2119=CLOSED_SHELL('',(#2017,#2018,#2019,#2020,#2021,#2022,#2023,#2024,
#2025,#2026,#2027,#2028,#2029,#2030,#2031,#2032,#2033,#2034,#2035,#2036,
#2037,#2038,#2039,#2040,#2041,#2042,#2043,#2044,#2045,#2046,#2047,#2048,
#2049,#2050,#2051,#2052,#2053,#2054,#2055,#2056,#2057,#2058,#2059,#2060,
#2061,#2062,#2063,#2064,#2065,#2066,#2067,#2068,#2069,#2070,#2071,#2072,
#2073,#2074,#2075,#2076,#2077,#2078,#2079,#2080,#2081,#2082,#2083,#2084,
#2085,#2086,#2087,#2088,#2089,#2090,#2091,#2092,#2093,#2094,#2095,#2096,
#2097,#2098,#2099,#2100,#2101,#2102,#2103,#2104,#2105,#2106,#2107,#2108,
#2109,#2110,#2111,#2112,#2113,#2114,#2115,#2116,#2117,#2118));
#2120=DERIVED_UNIT_ELEMENT(#2122,1.);
#2121=DERIVED_UNIT_ELEMENT(#3373,-3.);
#2122=(
MASS_UNIT()
NAMED_UNIT(*)
SI_UNIT(.KILO.,.GRAM.)
);
#2123=DERIVED_UNIT((#2120,#2121));
#2124=MEASURE_REPRESENTATION_ITEM('density measure',
POSITIVE_RATIO_MEASURE(7850.),#2123);
#2125=PROPERTY_DEFINITION_REPRESENTATION(#2130,#2127);
#2126=PROPERTY_DEFINITION_REPRESENTATION(#2131,#2128);
#2127=REPRESENTATION('material name',(#2129),#3370);
#2128=REPRESENTATION('density',(#2124),#3370);
#2129=DESCRIPTIVE_REPRESENTATION_ITEM('Steel','Steel');
#2130=PROPERTY_DEFINITION('material property','material name',#3380);
#2131=PROPERTY_DEFINITION('material property','density of part',#3380);
#2132=AXIS2_PLACEMENT_3D('',#2765,#2247,#2248);
#2133=AXIS2_PLACEMENT_3D('',#2766,#2249,#2250);
#2134=AXIS2_PLACEMENT_3D('',#2776,#2255,#2256);
#2135=AXIS2_PLACEMENT_3D('',#2777,#2257,#2258);
#2136=AXIS2_PLACEMENT_3D('',#2781,#2260,#2261);
#2137=AXIS2_PLACEMENT_3D('',#2785,#2263,#2264);
#2138=AXIS2_PLACEMENT_3D('',#2789,#2266,#2267);
#2139=AXIS2_PLACEMENT_3D('',#2793,#2269,#2270);
#2140=AXIS2_PLACEMENT_3D('',#2971,#2360,#2361);
#2141=AXIS2_PLACEMENT_3D('',#2975,#2364,#2365);
#2142=AXIS2_PLACEMENT_3D('',#2978,#2367,#2368);
#2143=AXIS2_PLACEMENT_3D('',#2979,#2369,#2370);
#2144=AXIS2_PLACEMENT_3D('',#2983,#2373,#2374);
#2145=AXIS2_PLACEMENT_3D('',#2989,#2378,#2379);
#2146=AXIS2_PLACEMENT_3D('',#2993,#2381,#2382);
#2147=AXIS2_PLACEMENT_3D('',#2995,#2384,#2385);
#2148=AXIS2_PLACEMENT_3D('',#2999,#2388,#2389);
#2149=AXIS2_PLACEMENT_3D('',#3173,#2477,#2478);
#2150=AXIS2_PLACEMENT_3D('',#3177,#2480,#2481);
#2151=AXIS2_PLACEMENT_3D('',#3180,#2483,#2484);
#2152=AXIS2_PLACEMENT_3D('',#3181,#2485,#2486);
#2153=AXIS2_PLACEMENT_3D('',#3184,#2489,#2490);
#2154=AXIS2_PLACEMENT_3D('',#3186,#2492,#2493);
#2155=AXIS2_PLACEMENT_3D('',#3187,#2494,#2495);
#2156=AXIS2_PLACEMENT_3D('',#3188,#2496,#2497);
#2157=AXIS2_PLACEMENT_3D('',#3190,#2499,#2500);
#2158=AXIS2_PLACEMENT_3D('',#3192,#2502,#2503);
#2159=AXIS2_PLACEMENT_3D('',#3195,#2506,#2507);
#2160=AXIS2_PLACEMENT_3D('',#3197,#2509,#2510);
#2161=AXIS2_PLACEMENT_3D('',#3199,#2512,#2513);
#2162=AXIS2_PLACEMENT_3D('',#3201,#2515,#2516);
#2163=AXIS2_PLACEMENT_3D('',#3203,#2518,#2519);
#2164=AXIS2_PLACEMENT_3D('',#3205,#2521,#2522);
#2165=AXIS2_PLACEMENT_3D('',#3208,#2525,#2526);
#2166=AXIS2_PLACEMENT_3D('',#3210,#2528,#2529);
#2167=AXIS2_PLACEMENT_3D('',#3212,#2531,#2532);
#2168=AXIS2_PLACEMENT_3D('',#3214,#2534,#2535);
#2169=AXIS2_PLACEMENT_3D('',#3216,#2537,#2538);
#2170=AXIS2_PLACEMENT_3D('',#3218,#2540,#2541);
#2171=AXIS2_PLACEMENT_3D('',#3221,#2544,#2545);
#2172=AXIS2_PLACEMENT_3D('',#3223,#2547,#2548);
#2173=AXIS2_PLACEMENT_3D('',#3225,#2550,#2551);
#2174=AXIS2_PLACEMENT_3D('',#3226,#2552,#2553);
#2175=AXIS2_PLACEMENT_3D('',#3228,#2555,#2556);
#2176=AXIS2_PLACEMENT_3D('',#3231,#2559,#2560);
#2177=AXIS2_PLACEMENT_3D('',#3233,#2562,#2563);
#2178=AXIS2_PLACEMENT_3D('',#3235,#2565,#2566);
#2179=AXIS2_PLACEMENT_3D('',#3237,#2568,#2569);
#2180=AXIS2_PLACEMENT_3D('',#3239,#2571,#2572);
#2181=AXIS2_PLACEMENT_3D('',#3241,#2574,#2575);
#2182=AXIS2_PLACEMENT_3D('',#3243,#2577,#2578);
#2183=AXIS2_PLACEMENT_3D('',#3245,#2580,#2581);
#2184=AXIS2_PLACEMENT_3D('',#3247,#2583,#2584);
#2185=AXIS2_PLACEMENT_3D('',#3248,#2585,#2586);
#2186=AXIS2_PLACEMENT_3D('',#3251,#2589,#2590);
#2187=AXIS2_PLACEMENT_3D('',#3253,#2592,#2593);
#2188=AXIS2_PLACEMENT_3D('',#3255,#2595,#2596);
#2189=AXIS2_PLACEMENT_3D('',#3257,#2598,#2599);
#2190=AXIS2_PLACEMENT_3D('',#3259,#2601,#2602);
#2191=AXIS2_PLACEMENT_3D('',#3261,#2604,#2605);
#2192=AXIS2_PLACEMENT_3D('',#3264,#2608,#2609);
#2193=AXIS2_PLACEMENT_3D('',#3266,#2611,#2612);
#2194=AXIS2_PLACEMENT_3D('',#3268,#2614,#2615);
#2195=AXIS2_PLACEMENT_3D('',#3270,#2617,#2618);
#2196=AXIS2_PLACEMENT_3D('',#3272,#2620,#2621);
#2197=AXIS2_PLACEMENT_3D('',#3274,#2623,#2624);
#2198=AXIS2_PLACEMENT_3D('',#3276,#2626,#2627);
#2199=AXIS2_PLACEMENT_3D('',#3278,#2629,#2630);
#2200=AXIS2_PLACEMENT_3D('',#3280,#2632,#2633);
#2201=AXIS2_PLACEMENT_3D('',#3282,#2635,#2636);
#2202=AXIS2_PLACEMENT_3D('',#3284,#2638,#2639);
#2203=AXIS2_PLACEMENT_3D('',#3286,#2641,#2642);
#2204=AXIS2_PLACEMENT_3D('',#3288,#2644,#2645);
#2205=AXIS2_PLACEMENT_3D('',#3290,#2647,#2648);
#2206=AXIS2_PLACEMENT_3D('',#3291,#2649,#2650);
#2207=AXIS2_PLACEMENT_3D('',#3294,#2653,#2654);
#2208=AXIS2_PLACEMENT_3D('',#3296,#2656,#2657);
#2209=AXIS2_PLACEMENT_3D('',#3298,#2659,#2660);
#2210=AXIS2_PLACEMENT_3D('',#3299,#2661,#2662);
#2211=AXIS2_PLACEMENT_3D('',#3301,#2664,#2665);
#2212=AXIS2_PLACEMENT_3D('',#3303,#2667,#2668);
#2213=AXIS2_PLACEMENT_3D('',#3305,#2670,#2671);
#2214=AXIS2_PLACEMENT_3D('',#3307,#2673,#2674);
#2215=AXIS2_PLACEMENT_3D('',#3309,#2676,#2677);
#2216=AXIS2_PLACEMENT_3D('',#3311,#2679,#2680);
#2217=AXIS2_PLACEMENT_3D('',#3313,#2682,#2683);
#2218=AXIS2_PLACEMENT_3D('',#3315,#2685,#2686);
#2219=AXIS2_PLACEMENT_3D('',#3317,#2688,#2689);
#2220=AXIS2_PLACEMENT_3D('',#3318,#2690,#2691);
#2221=AXIS2_PLACEMENT_3D('',#3321,#2694,#2695);
#2222=AXIS2_PLACEMENT_3D('',#3323,#2697,#2698);
#2223=AXIS2_PLACEMENT_3D('',#3325,#2700,#2701);
#2224=AXIS2_PLACEMENT_3D('',#3326,#2702,#2703);
#2225=AXIS2_PLACEMENT_3D('',#3328,#2705,#2706);
#2226=AXIS2_PLACEMENT_3D('',#3331,#2709,#2710);
#2227=AXIS2_PLACEMENT_3D('',#3333,#2712,#2713);
#2228=AXIS2_PLACEMENT_3D('',#3335,#2715,#2716);
#2229=AXIS2_PLACEMENT_3D('',#3336,#2717,#2718);
#2230=AXIS2_PLACEMENT_3D('',#3338,#2720,#2721);
#2231=AXIS2_PLACEMENT_3D('',#3340,#2723,#2724);
#2232=AXIS2_PLACEMENT_3D('',#3342,#2726,#2727);
#2233=AXIS2_PLACEMENT_3D('',#3344,#2729,#2730);
#2234=AXIS2_PLACEMENT_3D('',#3345,#2731,#2732);
#2235=AXIS2_PLACEMENT_3D('',#3347,#2734,#2735);
#2236=AXIS2_PLACEMENT_3D('',#3349,#2737,#2738);
#2237=AXIS2_PLACEMENT_3D('',#3351,#2740,#2741);
#2238=AXIS2_PLACEMENT_3D('',#3353,#2743,#2744);
#2239=AXIS2_PLACEMENT_3D('',#3355,#2746,#2747);
#2240=AXIS2_PLACEMENT_3D('',#3357,#2748,#2749);
#2241=AXIS2_PLACEMENT_3D('',#3360,#2751,#2752);
#2242=AXIS2_PLACEMENT_3D('',#3361,#2753,#2754);
#2243=AXIS2_PLACEMENT_3D('',#3362,#2755,#2756);
#2244=AXIS2_PLACEMENT_3D('',#3364,#2758,#2759);
#2245=AXIS2_PLACEMENT_3D('',#3365,#2760,#2761);
#2246=AXIS2_PLACEMENT_3D('',#3367,#2763,#2764);
#2247=DIRECTION('axis',(0.,0.,1.));
#2248=DIRECTION('refdir',(1.,0.,0.));
#2249=DIRECTION('center_axis',(1.,-6.50147114910295E-14,0.));
#2250=DIRECTION('ref_axis',(6.50147114910295E-14,1.,0.));
#2251=DIRECTION('',(0.,0.,1.));
#2252=DIRECTION('',(6.50147114910295E-14,1.,0.));
#2253=DIRECTION('',(0.,0.,1.));
#2254=DIRECTION('',(-6.50147114910295E-14,-1.,-3.06268412321713E-15));
#2255=DIRECTION('center_axis',(1.,-6.50147114910295E-14,0.));
#2256=DIRECTION('ref_axis',(0.,1.,0.));
#2257=DIRECTION('center_axis',(6.50147114891128E-14,1.,3.06268412321713E-15));
#2258=DIRECTION('ref_axis',(1.,-6.50147114852196E-14,-1.27117910642127E-9));
#2259=DIRECTION('',(1.,-1.40800206742828E-13,-1.27106294838023E-9));
#2260=DIRECTION('center_axis',(-6.50147114891128E-14,-1.,-3.06268412321713E-15));
#2261=DIRECTION('ref_axis',(-0.382683434013446,5.76814436493426E-14,-0.923879531828515));
#2262=DIRECTION('',(0.707106779562205,-4.38066985480984E-14,-0.70710678281089));
#2263=DIRECTION('center_axis',(-6.50147114891128E-14,-1.,-3.06268412321713E-15));
#2264=DIRECTION('ref_axis',(-0.923879533194042,1.345900351246E-13,-0.382683430716773));
#2265=DIRECTION('',(-1.27113125580891E-9,-1.01958868945845E-13,-1.));
#2266=DIRECTION('center_axis',(-6.50147114891128E-14,-1.,-3.06268412321713E-15));
#2267=DIRECTION('ref_axis',(-0.923879532146471,1.34590035135487E-13,0.382683433245833));
#2268=DIRECTION('',(-0.707106781635937,4.81379881108384E-14,-0.707106780737158));
#2269=DIRECTION('center_axis',(-6.50147114891128E-14,-1.,-3.06268412321713E-15));
#2270=DIRECTION('ref_axis',(-0.382683432071511,5.7681443629494E-14,0.923879532632891));
#2271=DIRECTION('',(1.,0.,0.));
#2272=DIRECTION('',(0.,0.,-1.));
#2273=DIRECTION('',(1.,8.32667268468867E-17,0.));
#2274=DIRECTION('',(0.,0.,-1.));
#2275=DIRECTION('',(1.,0.,0.));
#2276=DIRECTION('',(1.27113125580891E-9,1.01958868945845E-13,1.));
#2277=DIRECTION('',(1.,0.,-5.79802872380241E-9));
#2278=DIRECTION('',(-0.707106777086688,2.99643884467544E-29,0.707106785286407));
#2279=DIRECTION('',(0.707106782357928,-2.99643884467544E-29,0.707106780015167));
#2280=DIRECTION('',(1.,1.48342828036482E-28,0.));
#2281=DIRECTION('',(1.27113125580891E-9,1.01958868945845E-13,1.));
#2282=DIRECTION('',(1.,0.,-5.79802872380241E-9));
#2283=DIRECTION('',(-0.707106777086688,2.99643884467544E-29,0.707106785286407));
#2284=DIRECTION('',(0.707106782357928,-2.99643884467544E-29,0.707106780015167));
#2285=DIRECTION('',(1.,1.48342828036482E-28,0.));
#2286=DIRECTION('',(1.27113125580891E-9,1.01958868945845E-13,1.));
#2287=DIRECTION('',(1.,0.,-5.79802872380241E-9));
#2288=DIRECTION('',(-0.707106777086688,2.99643884467544E-29,0.707106785286407));
#2289=DIRECTION('',(0.707106782357928,-2.99643884467544E-29,0.707106780015167));
#2290=DIRECTION('',(1.,1.48342828036482E-28,0.));
#2291=DIRECTION('',(1.27113125580891E-9,1.01958868945845E-13,1.));
#2292=DIRECTION('',(1.,0.,-5.79802872380241E-9));
#2293=DIRECTION('',(-0.707106777086688,2.99643884467544E-29,0.707106785286407));
#2294=DIRECTION('',(0.707106782357928,-2.99643884467544E-29,0.707106780015167));
#2295=DIRECTION('',(1.,1.48342828036482E-28,0.));
#2296=DIRECTION('',(1.27113125580891E-9,1.01958868945845E-13,1.));
#2297=DIRECTION('',(1.,0.,-5.79802872380241E-9));
#2298=DIRECTION('',(-0.707106777086688,2.99643884467544E-29,0.707106785286407));
#2299=DIRECTION('',(0.707106782357928,-2.99643884467544E-29,0.707106780015167));
#2300=DIRECTION('',(1.,1.48342828036482E-28,0.));
#2301=DIRECTION('',(1.27113125580891E-9,1.01958868945845E-13,1.));
#2302=DIRECTION('',(1.,0.,-5.79802872380241E-9));
#2303=DIRECTION('',(-0.707106777086688,2.99643884467544E-29,0.707106785286407));
#2304=DIRECTION('',(0.707106782357928,-2.99643884467544E-29,0.707106780015167));
#2305=DIRECTION('',(1.,1.48342828036482E-28,0.));
#2306=DIRECTION('',(1.27113125580891E-9,1.01958868945845E-13,1.));
#2307=DIRECTION('',(1.,0.,-5.79802872380241E-9));
#2308=DIRECTION('',(-0.707106777086688,2.99643884467544E-29,0.707106785286407));
#2309=DIRECTION('',(0.707106782357928,-2.99643884467544E-29,0.707106780015167));
#2310=DIRECTION('',(1.,1.48342828036482E-28,0.));
#2311=DIRECTION('',(1.27113125580891E-9,1.01958868945845E-13,1.));
#2312=DIRECTION('',(1.,0.,-5.79802872380241E-9));
#2313=DIRECTION('',(-0.707106777086688,2.99643884467544E-29,0.707106785286407));
#2314=DIRECTION('',(0.707106782357928,-2.99643884467544E-29,0.707106780015167));
#2315=DIRECTION('',(1.,1.48342828036482E-28,0.));
#2316=DIRECTION('',(1.27113125580891E-9,1.01958868945845E-13,1.));
#2317=DIRECTION('',(1.,0.,-5.79802872380241E-9));
#2318=DIRECTION('',(-0.707106777086688,2.99643884467544E-29,0.707106785286407));
#2319=DIRECTION('',(0.707106782357928,-2.99643884467544E-29,0.707106780015167));
#2320=DIRECTION('',(1.,1.48342828036482E-28,0.));
#2321=DIRECTION('',(1.27113125580891E-9,1.01958868945845E-13,1.));
#2322=DIRECTION('',(1.,0.,-5.79802872380241E-9));
#2323=DIRECTION('',(-0.707106777086688,2.99643884467544E-29,0.707106785286407));
#2324=DIRECTION('',(0.707106782357928,-2.99643884467544E-29,0.707106780015167));
#2325=DIRECTION('',(1.,1.48342828036482E-28,0.));
#2326=DIRECTION('',(1.27113125580891E-9,1.01958868945845E-13,1.));
#2327=DIRECTION('',(1.,0.,-5.79802872380241E-9));
#2328=DIRECTION('',(-0.707106777086688,2.99643884467544E-29,0.707106785286407));
#2329=DIRECTION('',(0.707106782357928,-2.99643884467544E-29,0.707106780015167));
#2330=DIRECTION('',(1.,1.48342828036482E-28,0.));
#2331=DIRECTION('',(1.27113125580891E-9,1.01958868945845E-13,1.));
#2332=DIRECTION('',(1.,0.,-5.79802872380241E-9));
#2333=DIRECTION('',(-0.707106777086688,2.99643884467544E-29,0.707106785286407));
#2334=DIRECTION('',(0.707106782357928,-2.99643884467544E-29,0.707106780015167));
#2335=DIRECTION('',(1.,1.48342828036482E-28,0.));
#2336=DIRECTION('',(1.27113125580891E-9,1.01958868945845E-13,1.));
#2337=DIRECTION('',(1.,0.,-5.79802872380241E-9));
#2338=DIRECTION('',(-0.707106777086688,2.99643884467544E-29,0.707106785286407));
#2339=DIRECTION('',(0.707106782357928,-2.99643884467544E-29,0.707106780015167));
#2340=DIRECTION('',(1.,1.48342828036482E-28,0.));
#2341=DIRECTION('',(1.27113125580891E-9,1.01958868945845E-13,1.));
#2342=DIRECTION('',(1.,0.,-5.79802872380241E-9));
#2343=DIRECTION('',(-0.707106777086688,2.99643884467544E-29,0.707106785286407));
#2344=DIRECTION('',(0.707106782357928,-2.99643884467544E-29,0.707106780015167));
#2345=DIRECTION('',(1.,1.48342828036482E-28,0.));
#2346=DIRECTION('',(1.27113125580891E-9,1.01958868945845E-13,1.));
#2347=DIRECTION('',(1.,0.,-5.79802872380241E-9));
#2348=DIRECTION('',(-0.707106777086688,2.99643884467544E-29,0.707106785286407));
#2349=DIRECTION('',(0.707106782357928,-2.99643884467544E-29,0.707106780015167));
#2350=DIRECTION('',(1.,1.48342828036482E-28,0.));
#2351=DIRECTION('',(1.27113125580891E-9,1.01958868945845E-13,1.));
#2352=DIRECTION('',(1.,0.,-5.79802872380241E-9));
#2353=DIRECTION('',(-0.707106777086688,2.99643884467544E-29,0.707106785286407));
#2354=DIRECTION('',(0.707106782357928,-2.99643884467544E-29,0.707106780015167));
#2355=DIRECTION('',(1.,1.48342828036482E-28,0.));
#2356=DIRECTION('',(1.27113125580891E-9,1.01958868945845E-13,1.));
#2357=DIRECTION('',(1.,-6.50147114852196E-14,-1.27117910642127E-9));
#2358=DIRECTION('',(0.,0.,1.));
#2359=DIRECTION('',(-1.,-8.32667268468867E-17,0.));
#2360=DIRECTION('center_axis',(-1.27117971321558E-9,3.06268420586251E-15,
-1.));
#2361=DIRECTION('ref_axis',(-1.,0.,1.27117971321558E-9));
#2362=DIRECTION('',(-1.,6.50147114852196E-14,1.27117910642127E-9));
#2363=DIRECTION('',(-1.40800206746721E-13,-1.,-3.06268402688014E-15));
#2364=DIRECTION('center_axis',(-1.,0.,0.));
#2365=DIRECTION('ref_axis',(0.,1.,0.));
#2366=DIRECTION('',(-1.,0.,0.));
#2367=DIRECTION('center_axis',(1.,8.32667268468867E-17,0.));
#2368=DIRECTION('ref_axis',(0.,1.,0.));
#2369=DIRECTION('center_axis',(0.,0.,1.));
#2370=DIRECTION('ref_axis',(1.,0.,0.));
#2371=DIRECTION('',(8.32667268468867E-17,-1.,0.));
#2372=DIRECTION('',(1.,8.32667268468867E-17,0.));
#2373=DIRECTION('center_axis',(0.,0.,-1.));
#2374=DIRECTION('ref_axis',(-1.,0.,0.));
#2375=DIRECTION('',(-4.17168388388303E-16,1.,0.));
#2376=DIRECTION('',(4.17168388388303E-16,-1.,0.));
#2377=DIRECTION('',(-1.,-8.32667268468867E-17,0.));
#2378=DIRECTION('center_axis',(1.40800206742828E-13,1.,0.));
#2379=DIRECTION('ref_axis',(-0.923879532146471,1.34590035135487E-13,0.382683433245833));
#2380=DIRECTION('',(-1.40800206742828E-13,-1.,0.));
#2381=DIRECTION('center_axis',(6.50147114891128E-14,1.,3.06268412321713E-15));
#2382=DIRECTION('ref_axis',(-0.923879532146471,1.34590035135487E-13,0.382683433245833));
#2383=DIRECTION('',(1.40800206742828E-13,1.,0.));
#2384=DIRECTION('center_axis',(-0.707106780737158,9.95607809170474E-14,
0.707106781635938));
#2385=DIRECTION('ref_axis',(0.707106781635937,0.,0.707106780737158));
#2386=DIRECTION('',(0.707106781635937,-4.81379881108384E-14,0.707106780737158));
#2387=DIRECTION('',(-1.40800206742828E-13,-1.,0.));
#2388=DIRECTION('center_axis',(-6.50147114891128E-14,-1.,-3.06268412321713E-15));
#2389=DIRECTION('ref_axis',(-1.,6.50147114852196E-14,1.27117910642127E-9));
#2390=DIRECTION('',(0.,0.,1.));
#2391=DIRECTION('',(-1.,6.50147114852196E-14,1.27117910642127E-9));
#2392=DIRECTION('',(-1.27106380976019E-9,-8.88178419701203E-14,-1.));
#2393=DIRECTION('',(1.,1.48342828036482E-28,0.));
#2394=DIRECTION('',(0.707106782357928,-2.99643884467544E-29,0.707106780015167));
#2395=DIRECTION('',(-0.707106777086688,2.99643884467544E-29,0.707106785286407));
#2396=DIRECTION('',(-1.,0.,5.79802872380241E-9));
#2397=DIRECTION('',(-1.27106380976019E-9,-8.88178419701203E-14,-1.));
#2398=DIRECTION('',(1.,1.48342828036482E-28,0.));
#2399=DIRECTION('',(0.707106782357928,-2.99643884467544E-29,0.707106780015167));
#2400=DIRECTION('',(-0.707106777086688,2.99643884467544E-29,0.707106785286407));
#2401=DIRECTION('',(-1.,0.,5.79802872380241E-9));
#2402=DIRECTION('',(-1.27106380976019E-9,-8.88178419701203E-14,-1.));
#2403=DIRECTION('',(1.,1.48342828036482E-28,0.));
#2404=DIRECTION('',(0.707106782357928,-2.99643884467544E-29,0.707106780015167));
#2405=DIRECTION('',(-0.707106777086688,2.99643884467544E-29,0.707106785286407));
#2406=DIRECTION('',(-1.,0.,5.79802872380241E-9));
#2407=DIRECTION('',(-1.27106380976019E-9,-8.88178419701203E-14,-1.));
#2408=DIRECTION('',(1.,1.48342828036482E-28,0.));
#2409=DIRECTION('',(0.707106782357928,-2.99643884467544E-29,0.707106780015167));
#2410=DIRECTION('',(-0.707106777086688,2.99643884467544E-29,0.707106785286407));
#2411=DIRECTION('',(-1.,0.,5.79802872380241E-9));
#2412=DIRECTION('',(-1.27106380976019E-9,-8.88178419701203E-14,-1.));
#2413=DIRECTION('',(1.,1.48342828036482E-28,0.));
#2414=DIRECTION('',(0.707106782357928,-2.99643884467544E-29,0.707106780015167));
#2415=DIRECTION('',(-0.707106777086688,2.99643884467544E-29,0.707106785286407));
#2416=DIRECTION('',(-1.,0.,5.79802872380241E-9));
#2417=DIRECTION('',(-1.27106380976019E-9,-8.88178419701203E-14,-1.));
#2418=DIRECTION('',(1.,1.48342828036482E-28,0.));
#2419=DIRECTION('',(0.707106782357928,-2.99643884467544E-29,0.707106780015167));
#2420=DIRECTION('',(-0.707106777086688,2.99643884467544E-29,0.707106785286407));
#2421=DIRECTION('',(-1.,0.,5.79802872380241E-9));
#2422=DIRECTION('',(-1.27106380976019E-9,-8.88178419701203E-14,-1.));
#2423=DIRECTION('',(1.,1.48342828036482E-28,0.));
#2424=DIRECTION('',(0.707106782357928,-2.99643884467544E-29,0.707106780015167));
#2425=DIRECTION('',(-0.707106777086688,2.99643884467544E-29,0.707106785286407));
#2426=DIRECTION('',(-1.,0.,5.79802872380241E-9));
#2427=DIRECTION('',(-1.27106380976019E-9,-8.88178419701203E-14,-1.));
#2428=DIRECTION('',(1.,1.48342828036482E-28,0.));
#2429=DIRECTION('',(0.707106782357928,-2.99643884467544E-29,0.707106780015167));
#2430=DIRECTION('',(-0.707106777086688,2.99643884467544E-29,0.707106785286407));
#2431=DIRECTION('',(-1.,0.,5.79802872380241E-9));
#2432=DIRECTION('',(-1.27106380976019E-9,-8.88178419701203E-14,-1.));
#2433=DIRECTION('',(1.,1.48342828036482E-28,0.));
#2434=DIRECTION('',(0.707106782357928,-2.99643884467544E-29,0.707106780015167));
#2435=DIRECTION('',(-0.707106777086688,2.99643884467544E-29,0.707106785286407));
#2436=DIRECTION('',(-1.,0.,5.79802872380241E-9));
#2437=DIRECTION('',(-1.27106380976019E-9,-8.88178419701203E-14,-1.));
#2438=DIRECTION('',(1.,1.48342828036482E-28,0.));
#2439=DIRECTION('',(0.707106782357928,-2.99643884467544E-29,0.707106780015167));
#2440=DIRECTION('',(-0.707106777086688,2.99643884467544E-29,0.707106785286407));
#2441=DIRECTION('',(-1.,0.,5.79802872380241E-9));
#2442=DIRECTION('',(-1.27106380976019E-9,-8.88178419701203E-14,-1.));
#2443=DIRECTION('',(1.,1.48342828036482E-28,0.));
#2444=DIRECTION('',(0.707106782357928,-2.99643884467544E-29,0.707106780015167));
#2445=DIRECTION('',(-0.707106777086688,2.99643884467544E-29,0.707106785286407));
#2446=DIRECTION('',(-1.,0.,5.79802872380241E-9));
#2447=DIRECTION('',(-1.27106380976019E-9,-8.88178419701203E-14,-1.));
#2448=DIRECTION('',(1.,1.48342828036482E-28,0.));
#2449=DIRECTION('',(0.707106782357928,-2.99643884467544E-29,0.707106780015167));
#2450=DIRECTION('',(-0.707106777086688,2.99643884467544E-29,0.707106785286407));
#2451=DIRECTION('',(-1.,0.,5.79802872380241E-9));
#2452=DIRECTION('',(-1.27106380976019E-9,-8.88178419701203E-14,-1.));
#2453=DIRECTION('',(1.,1.48342828036482E-28,0.));
#2454=DIRECTION('',(0.707106782357928,-2.99643884467544E-29,0.707106780015167));
#2455=DIRECTION('',(-0.707106777086688,2.99643884467544E-29,0.707106785286407));
#2456=DIRECTION('',(-1.,0.,5.79802872380241E-9));
#2457=DIRECTION('',(-1.27106380976019E-9,-8.88178419701203E-14,-1.));
#2458=DIRECTION('',(1.,1.48342828036482E-28,0.));
#2459=DIRECTION('',(0.707106782357928,-2.99643884467544E-29,0.707106780015167));
#2460=DIRECTION('',(-0.707106777086688,2.99643884467544E-29,0.707106785286407));
#2461=DIRECTION('',(-1.,0.,5.79802872380241E-9));
#2462=DIRECTION('',(-1.27106380976019E-9,-8.88178419701203E-14,-1.));
#2463=DIRECTION('',(1.,1.48342828036482E-28,0.));
#2464=DIRECTION('',(0.707106782357928,-2.99643884467544E-29,0.707106780015167));
#2465=DIRECTION('',(-0.707106777086688,2.99643884467544E-29,0.707106785286407));
#2466=DIRECTION('',(-1.,0.,5.79802872380241E-9));
#2467=DIRECTION('',(-1.27106380976019E-9,-8.88178419701203E-14,-1.));
#2468=DIRECTION('',(1.,1.48342828036482E-28,0.));
#2469=DIRECTION('',(0.707106782357928,-2.99643884467544E-29,0.707106780015167));
#2470=DIRECTION('',(-0.707106777086688,2.99643884467544E-29,0.707106785286407));
#2471=DIRECTION('',(-1.,0.,5.79802872380241E-9));
#2472=DIRECTION('',(-1.27106380976019E-9,-8.88178419701203E-14,-1.));
#2473=DIRECTION('',(1.,0.,0.));
#2474=DIRECTION('',(0.,0.,-1.));
#2475=DIRECTION('',(0.,0.,-1.));
#2476=DIRECTION('',(1.,0.,0.));
#2477=DIRECTION('center_axis',(6.50147114891128E-14,1.,3.06268412321713E-15));
#2478=DIRECTION('ref_axis',(-0.382683432071511,5.7681443629494E-14,0.923879532632891));
#2479=DIRECTION('',(-1.27106380976019E-9,-8.88178419701203E-14,-1.));
#2480=DIRECTION('center_axis',(6.50147114891128E-14,1.,3.06268412321713E-15));
#2481=DIRECTION('ref_axis',(-0.923879533194042,1.345900351246E-13,-0.382683430716773));
#2482=DIRECTION('',(-0.707106779562205,4.38066985480984E-14,0.70710678281089));
#2483=DIRECTION('center_axis',(6.50147114891128E-14,1.,3.06268412321713E-15));
#2484=DIRECTION('ref_axis',(-0.382683434013446,5.76814436493426E-14,-0.923879531828515));
#2485=DIRECTION('center_axis',(1.40800206746721E-13,1.,3.06268402688014E-15));
#2486=DIRECTION('ref_axis',(-0.923879533194042,1.345900351246E-13,-0.382683430716773));
#2487=DIRECTION('',(-1.40800206746721E-13,-1.,-3.06268402688014E-15));
#2488=DIRECTION('',(1.40800206746721E-13,1.,3.06268402688014E-15));
#2489=DIRECTION('center_axis',(-0.70710678281089,1.01726425850846E-13,-0.707106779562205));
#2490=DIRECTION('ref_axis',(-0.707106779562205,0.,0.70710678281089));
#2491=DIRECTION('',(1.40800206746721E-13,1.,3.06268402688014E-15));
#2492=DIRECTION('center_axis',(-1.,1.40800206742828E-13,1.27106294838023E-9));
#2493=DIRECTION('ref_axis',(1.27106294838023E-9,1.05837251327975E-25,1.));
#2494=DIRECTION('center_axis',(-1.40800206746721E-13,-1.,-3.06268402688014E-15));
#2495=DIRECTION('ref_axis',(-0.382683434013446,5.76814436493426E-14,-0.923879531828515));
#2496=DIRECTION('center_axis',(1.40800206742828E-13,1.,0.));
#2497=DIRECTION('ref_axis',(-0.382683432071511,5.7681443629494E-14,0.923879532632891));
#2498=DIRECTION('',(1.40800206742828E-13,1.,0.));
#2499=DIRECTION('center_axis',(0.,0.,1.));
#2500=DIRECTION('ref_axis',(-3.77075512695644E-28,-1.,0.));
#2501=DIRECTION('',(4.17168388388303E-16,-1.,0.));
#2502=DIRECTION('center_axis',(5.79802872380241E-9,-1.20998214033893E-27,
1.));
#2503=DIRECTION('ref_axis',(-1.,0.,5.79802872380241E-9));
#2504=DIRECTION('',(1.39047701406054E-13,1.,-8.06201356748861E-22));
#2505=DIRECTION('',(-2.08688538463371E-19,-1.,0.));
#2506=DIRECTION('center_axis',(0.707106785286407,-1.47565081558955E-19,
0.707106777086688));
#2507=DIRECTION('ref_axis',(-0.707106777086688,2.99643884467544E-29,0.707106785286407));
#2508=DIRECTION('',(-2.08688538463371E-19,-1.,0.));
#2509=DIRECTION('center_axis',(0.707106780015167,-1.47565080458914E-19,
-0.707106782357928));
#2510=DIRECTION('ref_axis',(0.707106782357928,-2.99643884467544E-29,0.707106780015167));
#2511=DIRECTION('',(-2.08688538463371E-19,-1.,0.));
#2512=DIRECTION('center_axis',(0.,0.,-1.));
#2513=DIRECTION('ref_axis',(1.,1.48342828036482E-28,0.));
#2514=DIRECTION('',(-1.39047701406054E-13,-1.,0.));
#2515=DIRECTION('center_axis',(1.,-1.39047701406054E-13,-1.27106500324992E-9));
#2516=DIRECTION('ref_axis',(1.27106505876107E-9,1.6755489379805E-13,1.));
#2517=DIRECTION('',(1.39047701406054E-13,1.,-8.06201356748861E-22));
#2518=DIRECTION('center_axis',(1.,-1.39047701406054E-13,-1.27106500324992E-9));
#2519=DIRECTION('ref_axis',(1.27106505876107E-9,1.6755489379805E-13,1.));
#2520=DIRECTION('',(-1.39047701406054E-13,-1.,0.));
#2521=DIRECTION('center_axis',(5.79802872380241E-9,-1.20998214033893E-27,
1.));
#2522=DIRECTION('ref_axis',(-1.,0.,5.79802872380241E-9));
#2523=DIRECTION('',(1.39047701406054E-13,1.,-8.06201356748861E-22));
#2524=DIRECTION('',(-2.08688538463371E-19,-1.,0.));
#2525=DIRECTION('center_axis',(0.707106785286407,-1.47565081558955E-19,
0.707106777086688));
#2526=DIRECTION('ref_axis',(-0.707106777086688,2.99643884467544E-29,0.707106785286407));
#2527=DIRECTION('',(-2.08688538463371E-19,-1.,0.));
#2528=DIRECTION('center_axis',(0.707106780015167,-1.47565080458914E-19,
-0.707106782357928));
#2529=DIRECTION('ref_axis',(0.707106782357928,-2.99643884467544E-29,0.707106780015167));
#2530=DIRECTION('',(-2.08688538463371E-19,-1.,0.));
#2531=DIRECTION('center_axis',(0.,0.,-1.));
#2532=DIRECTION('ref_axis',(1.,1.48342828036482E-28,0.));
#2533=DIRECTION('',(-1.39047701406054E-13,-1.,0.));
#2534=DIRECTION('center_axis',(1.,-1.39047701406054E-13,-1.27106500324992E-9));
#2535=DIRECTION('ref_axis',(1.27106505876107E-9,1.6755489379805E-13,1.));
#2536=DIRECTION('',(1.39047701406054E-13,1.,-8.06201356748861E-22));
#2537=DIRECTION('center_axis',(1.,-1.39047701406054E-13,-1.27106500324992E-9));
#2538=DIRECTION('ref_axis',(1.27106505876107E-9,1.6755489379805E-13,1.));
#2539=DIRECTION('',(-1.39047701406054E-13,-1.,0.));
#2540=DIRECTION('center_axis',(5.79802872380241E-9,-1.20998214033893E-27,
1.));
#2541=DIRECTION('ref_axis',(-1.,0.,5.79802872380241E-9));
#2542=DIRECTION('',(1.39047701406054E-13,1.,-8.06201356748861E-22));
#2543=DIRECTION('',(-2.08688538463371E-19,-1.,0.));
#2544=DIRECTION('center_axis',(0.707106785286407,-1.47565081558955E-19,
0.707106777086688));
#2545=DIRECTION('ref_axis',(-0.707106777086688,2.99643884467544E-29,0.707106785286407));
#2546=DIRECTION('',(-2.08688538463371E-19,-1.,0.));
#2547=DIRECTION('center_axis',(0.707106780015167,-1.47565080458914E-19,
-0.707106782357928));
#2548=DIRECTION('ref_axis',(0.707106782357928,-2.99643884467544E-29,0.707106780015167));
#2549=DIRECTION('',(-2.08688538463371E-19,-1.,0.));
#2550=DIRECTION('center_axis',(0.,0.,-1.));
#2551=DIRECTION('ref_axis',(1.,1.48342828036482E-28,0.));
#2552=DIRECTION('center_axis',(1.,-1.39047701406054E-13,-1.27106500324992E-9));
#2553=DIRECTION('ref_axis',(1.27106505876107E-9,1.6755489379805E-13,1.));
#2554=DIRECTION('',(-1.39047701406054E-13,-1.,0.));
#2555=DIRECTION('center_axis',(5.79802872380241E-9,-1.20998214033893E-27,
1.));
#2556=DIRECTION('ref_axis',(-1.,0.,5.79802872380241E-9));
#2557=DIRECTION('',(1.39047701406054E-13,1.,-8.06201356748861E-22));
#2558=DIRECTION('',(-2.08688538463371E-19,-1.,0.));
#2559=DIRECTION('center_axis',(0.707106785286407,-1.47565081558955E-19,
0.707106777086688));
#2560=DIRECTION('ref_axis',(-0.707106777086688,2.99643884467544E-29,0.707106785286407));
#2561=DIRECTION('',(-2.08688538463371E-19,-1.,0.));
#2562=DIRECTION('center_axis',(0.707106780015167,-1.47565080458914E-19,
-0.707106782357928));
#2563=DIRECTION('ref_axis',(0.707106782357928,-2.99643884467544E-29,0.707106780015167));
#2564=DIRECTION('',(-2.08688538463371E-19,-1.,0.));
#2565=DIRECTION('center_axis',(0.,0.,-1.));
#2566=DIRECTION('ref_axis',(1.,1.48342828036482E-28,0.));
#2567=DIRECTION('',(-1.39047701406054E-13,-1.,0.));
#2568=DIRECTION('center_axis',(1.,-1.39047701406054E-13,-1.27106500324992E-9));
#2569=DIRECTION('ref_axis',(1.27106505876107E-9,1.6755489379805E-13,1.));
#2570=DIRECTION('',(1.39047701406054E-13,1.,-8.06201356748861E-22));
#2571=DIRECTION('center_axis',(1.,-1.39047701406054E-13,-1.27106500324992E-9));
#2572=DIRECTION('ref_axis',(1.27106505876107E-9,1.6755489379805E-13,1.));
#2573=DIRECTION('',(-1.39047701406054E-13,-1.,0.));
#2574=DIRECTION('center_axis',(5.79802872380241E-9,-1.20998214033893E-27,
1.));
#2575=DIRECTION('ref_axis',(-1.,0.,5.79802872380241E-9));
#2576=DIRECTION('',(-2.08688538463371E-19,-1.,0.));
#2577=DIRECTION('center_axis',(0.707106785286407,-1.47565081558955E-19,
0.707106777086688));
#2578=DIRECTION('ref_axis',(-0.707106777086688,2.99643884467544E-29,0.707106785286407));
#2579=DIRECTION('',(-2.08688538463371E-19,-1.,0.));
#2580=DIRECTION('center_axis',(0.707106780015167,-1.47565080458914E-19,
-0.707106782357928));
#2581=DIRECTION('ref_axis',(0.707106782357928,-2.99643884467544E-29,0.707106780015167));
#2582=DIRECTION('',(-2.08688538463371E-19,-1.,0.));
#2583=DIRECTION('center_axis',(0.,0.,-1.));
#2584=DIRECTION('ref_axis',(1.,1.48342828036482E-28,0.));
#2585=DIRECTION('center_axis',(5.79802872380241E-9,-1.20998214033893E-27,
1.));
#2586=DIRECTION('ref_axis',(-1.,0.,5.79802872380241E-9));
#2587=DIRECTION('',(1.39047701406054E-13,1.,-8.06201356748861E-22));
#2588=DIRECTION('',(-2.08688538463371E-19,-1.,0.));
#2589=DIRECTION('center_axis',(0.707106785286407,-1.47565081558955E-19,
0.707106777086688));
#2590=DIRECTION('ref_axis',(-0.707106777086688,2.99643884467544E-29,0.707106785286407));
#2591=DIRECTION('',(-2.08688538463371E-19,-1.,0.));
#2592=DIRECTION('center_axis',(0.707106780015167,-1.47565080458914E-19,
-0.707106782357928));
#2593=DIRECTION('ref_axis',(0.707106782357928,-2.99643884467544E-29,0.707106780015167));
#2594=DIRECTION('',(-2.08688538463371E-19,-1.,0.));
#2595=DIRECTION('center_axis',(0.,0.,-1.));
#2596=DIRECTION('ref_axis',(1.,1.48342828036482E-28,0.));
#2597=DIRECTION('',(-1.39047701406054E-13,-1.,0.));
#2598=DIRECTION('center_axis',(1.,-1.39047701406054E-13,-1.27106500324992E-9));
#2599=DIRECTION('ref_axis',(1.27106505876107E-9,1.6755489379805E-13,1.));
#2600=DIRECTION('',(1.39047701406054E-13,1.,-8.06201356748861E-22));
#2601=DIRECTION('center_axis',(1.,-1.39047701406054E-13,-1.27106500324992E-9));
#2602=DIRECTION('ref_axis',(1.27106505876107E-9,1.6755489379805E-13,1.));
#2603=DIRECTION('',(-1.39047701406054E-13,-1.,0.));
#2604=DIRECTION('center_axis',(5.79802872380241E-9,-1.20998214033893E-27,
1.));
#2605=DIRECTION('ref_axis',(-1.,0.,5.79802872380241E-9));
#2606=DIRECTION('',(1.39047701406054E-13,1.,-8.06201356748861E-22));
#2607=DIRECTION('',(-2.08688538463371E-19,-1.,0.));
#2608=DIRECTION('center_axis',(0.707106785286407,-1.47565081558955E-19,
0.707106777086688));
#2609=DIRECTION('ref_axis',(-0.707106777086688,2.99643884467544E-29,0.707106785286407));
#2610=DIRECTION('',(-2.08688538463371E-19,-1.,0.));
#2611=DIRECTION('center_axis',(0.707106780015167,-1.47565080458914E-19,
-0.707106782357928));
#2612=DIRECTION('ref_axis',(0.707106782357928,-2.99643884467544E-29,0.707106780015167));
#2613=DIRECTION('',(-2.08688538463371E-19,-1.,0.));
#2614=DIRECTION('center_axis',(0.,0.,-1.));
#2615=DIRECTION('ref_axis',(1.,1.48342828036482E-28,0.));
#2616=DIRECTION('',(-1.39047701406054E-13,-1.,0.));
#2617=DIRECTION('center_axis',(1.,-1.39047701406054E-13,-1.27106500324992E-9));
#2618=DIRECTION('ref_axis',(1.27106505876107E-9,1.6755489379805E-13,1.));
#2619=DIRECTION('',(1.39047701406054E-13,1.,-8.06201356748861E-22));
#2620=DIRECTION('center_axis',(1.,-1.39047701406054E-13,-1.27106500324992E-9));
#2621=DIRECTION('ref_axis',(1.27106505876107E-9,1.6755489379805E-13,1.));
#2622=DIRECTION('',(-1.39047701406054E-13,-1.,0.));
#2623=DIRECTION('center_axis',(5.79802872380241E-9,-1.20998214033893E-27,
1.));
#2624=DIRECTION('ref_axis',(-1.,0.,5.79802872380241E-9));
#2625=DIRECTION('',(-2.08688538463371E-19,-1.,0.));
#2626=DIRECTION('center_axis',(0.707106785286407,-1.47565081558955E-19,
0.707106777086688));
#2627=DIRECTION('ref_axis',(-0.707106777086688,2.99643884467544E-29,0.707106785286407));
#2628=DIRECTION('',(-2.08688538463371E-19,-1.,0.));
#2629=DIRECTION('center_axis',(0.707106780015167,-1.47565080458914E-19,
-0.707106782357928));
#2630=DIRECTION('ref_axis',(0.707106782357928,-2.99643884467544E-29,0.707106780015167));
#2631=DIRECTION('',(-2.08688538463371E-19,-1.,0.));
#2632=DIRECTION('center_axis',(0.,0.,-1.));
#2633=DIRECTION('ref_axis',(1.,1.48342828036482E-28,0.));
#2634=DIRECTION('',(-1.39047701406054E-13,-1.,0.));
#2635=DIRECTION('center_axis',(1.,-1.39047701406054E-13,-1.27106500324992E-9));
#2636=DIRECTION('ref_axis',(1.27106505876107E-9,1.6755489379805E-13,1.));
#2637=DIRECTION('',(1.39047701406054E-13,1.,-8.06201356748861E-22));
#2638=DIRECTION('center_axis',(5.79802872380241E-9,-1.20998214033893E-27,
1.));
#2639=DIRECTION('ref_axis',(-1.,0.,5.79802872380241E-9));
#2640=DIRECTION('',(-2.08688538463371E-19,-1.,0.));
#2641=DIRECTION('center_axis',(0.707106785286407,-1.47565081558955E-19,
0.707106777086688));
#2642=DIRECTION('ref_axis',(-0.707106777086688,2.99643884467544E-29,0.707106785286407));
#2643=DIRECTION('',(-2.08688538463371E-19,-1.,0.));
#2644=DIRECTION('center_axis',(0.707106780015167,-1.47565080458914E-19,
-0.707106782357928));
#2645=DIRECTION('ref_axis',(0.707106782357928,-2.99643884467544E-29,0.707106780015167));
#2646=DIRECTION('',(-2.08688538463371E-19,-1.,0.));
#2647=DIRECTION('center_axis',(0.,0.,-1.));
#2648=DIRECTION('ref_axis',(1.,1.48342828036482E-28,0.));
#2649=DIRECTION('center_axis',(5.79802872380241E-9,-1.20998214033893E-27,
1.));
#2650=DIRECTION('ref_axis',(-1.,0.,5.79802872380241E-9));
#2651=DIRECTION('',(1.39047701406054E-13,1.,-8.06201356748861E-22));
#2652=DIRECTION('',(-2.08688538463371E-19,-1.,0.));
#2653=DIRECTION('center_axis',(0.707106785286407,-1.47565081558955E-19,
0.707106777086688));
#2654=DIRECTION('ref_axis',(-0.707106777086688,2.99643884467544E-29,0.707106785286407));
#2655=DIRECTION('',(-2.08688538463371E-19,-1.,0.));
#2656=DIRECTION('center_axis',(0.707106780015167,-1.47565080458914E-19,
-0.707106782357928));
#2657=DIRECTION('ref_axis',(0.707106782357928,-2.99643884467544E-29,0.707106780015167));
#2658=DIRECTION('',(-2.08688538463371E-19,-1.,0.));
#2659=DIRECTION('center_axis',(0.,0.,-1.));
#2660=DIRECTION('ref_axis',(1.,1.48342828036482E-28,0.));
#2661=DIRECTION('center_axis',(1.,-1.39047701406054E-13,-1.27106500324992E-9));
#2662=DIRECTION('ref_axis',(1.27106505876107E-9,1.6755489379805E-13,1.));
#2663=DIRECTION('',(-1.39047701406054E-13,-1.,0.));
#2664=DIRECTION('center_axis',(5.79802872380241E-9,-1.20998214033893E-27,
1.));
#2665=DIRECTION('ref_axis',(-1.,0.,5.79802872380241E-9));
#2666=DIRECTION('',(-2.08688538463371E-19,-1.,0.));
#2667=DIRECTION('center_axis',(0.707106785286407,-1.47565081558955E-19,
0.707106777086688));
#2668=DIRECTION('ref_axis',(-0.707106777086688,2.99643884467544E-29,0.707106785286407));
#2669=DIRECTION('',(-2.08688538463371E-19,-1.,0.));
#2670=DIRECTION('center_axis',(0.707106780015167,-1.47565080458914E-19,
-0.707106782357928));
#2671=DIRECTION('ref_axis',(0.707106782357928,-2.99643884467544E-29,0.707106780015167));
#2672=DIRECTION('',(-2.08688538463371E-19,-1.,0.));
#2673=DIRECTION('center_axis',(0.,0.,-1.));
#2674=DIRECTION('ref_axis',(1.,1.48342828036482E-28,0.));
#2675=DIRECTION('',(-1.39047701406054E-13,-1.,0.));
#2676=DIRECTION('center_axis',(1.,-1.39047701406054E-13,-1.27106500324992E-9));
#2677=DIRECTION('ref_axis',(1.27106505876107E-9,1.6755489379805E-13,1.));
#2678=DIRECTION('',(1.39047701406054E-13,1.,-8.06201356748861E-22));
#2679=DIRECTION('center_axis',(5.79802872380241E-9,-1.20998214033893E-27,
1.));
#2680=DIRECTION('ref_axis',(-1.,0.,5.79802872380241E-9));
#2681=DIRECTION('',(-2.08688538463371E-19,-1.,0.));
#2682=DIRECTION('center_axis',(0.707106785286407,-1.47565081558955E-19,
0.707106777086688));
#2683=DIRECTION('ref_axis',(-0.707106777086688,2.99643884467544E-29,0.707106785286407));
#2684=DIRECTION('',(-2.08688538463371E-19,-1.,0.));
#2685=DIRECTION('center_axis',(0.707106780015167,-1.47565080458914E-19,
-0.707106782357928));
#2686=DIRECTION('ref_axis',(0.707106782357928,-2.99643884467544E-29,0.707106780015167));
#2687=DIRECTION('',(-2.08688538463371E-19,-1.,0.));
#2688=DIRECTION('center_axis',(0.,0.,-1.));
#2689=DIRECTION('ref_axis',(1.,1.48342828036482E-28,0.));
#2690=DIRECTION('center_axis',(5.79802872380241E-9,-1.20998214033893E-27,
1.));
#2691=DIRECTION('ref_axis',(-1.,0.,5.79802872380241E-9));
#2692=DIRECTION('',(1.39047701406054E-13,1.,-8.06201356748861E-22));
#2693=DIRECTION('',(-2.08688538463371E-19,-1.,0.));
#2694=DIRECTION('center_axis',(0.707106785286407,-1.47565081558955E-19,
0.707106777086688));
#2695=DIRECTION('ref_axis',(-0.707106777086688,2.99643884467544E-29,0.707106785286407));
#2696=DIRECTION('',(-2.08688538463371E-19,-1.,0.));
#2697=DIRECTION('center_axis',(0.707106780015167,-1.47565080458914E-19,
-0.707106782357928));
#2698=DIRECTION('ref_axis',(0.707106782357928,-2.99643884467544E-29,0.707106780015167));
#2699=DIRECTION('',(-2.08688538463371E-19,-1.,0.));
#2700=DIRECTION('center_axis',(0.,0.,-1.));
#2701=DIRECTION('ref_axis',(1.,1.48342828036482E-28,0.));
#2702=DIRECTION('center_axis',(1.,-1.39047701406054E-13,-1.27106500324992E-9));
#2703=DIRECTION('ref_axis',(1.27106505876107E-9,1.6755489379805E-13,1.));
#2704=DIRECTION('',(-1.39047701406054E-13,-1.,0.));
#2705=DIRECTION('center_axis',(5.79802872380241E-9,-1.20998214033893E-27,
1.));
#2706=DIRECTION('ref_axis',(-1.,0.,5.79802872380241E-9));
#2707=DIRECTION('',(1.39047701406054E-13,1.,-8.06201356748861E-22));
#2708=DIRECTION('',(-2.08688538463371E-19,-1.,0.));
#2709=DIRECTION('center_axis',(0.707106785286407,-1.47565081558955E-19,
0.707106777086688));
#2710=DIRECTION('ref_axis',(-0.707106777086688,2.99643884467544E-29,0.707106785286407));
#2711=DIRECTION('',(-2.08688538463371E-19,-1.,0.));
#2712=DIRECTION('center_axis',(0.707106780015167,-1.47565080458914E-19,
-0.707106782357928));
#2713=DIRECTION('ref_axis',(0.707106782357928,-2.99643884467544E-29,0.707106780015167));
#2714=DIRECTION('',(-2.08688538463371E-19,-1.,0.));
#2715=DIRECTION('center_axis',(0.,0.,-1.));
#2716=DIRECTION('ref_axis',(1.,1.48342828036482E-28,0.));
#2717=DIRECTION('center_axis',(1.,-1.39047701406054E-13,-1.27106500324992E-9));
#2718=DIRECTION('ref_axis',(1.27106505876107E-9,1.6755489379805E-13,1.));
#2719=DIRECTION('',(-1.39047701406054E-13,-1.,0.));
#2720=DIRECTION('center_axis',(5.79802872380241E-9,-1.20998214033893E-27,
1.));
#2721=DIRECTION('ref_axis',(-1.,0.,5.79802872380241E-9));
#2722=DIRECTION('',(-2.08688538463371E-19,-1.,0.));
#2723=DIRECTION('center_axis',(0.707106785286407,-1.47565081558955E-19,
0.707106777086688));
#2724=DIRECTION('ref_axis',(-0.707106777086688,2.99643884467544E-29,0.707106785286407));
#2725=DIRECTION('',(-2.08688538463371E-19,-1.,0.));
#2726=DIRECTION('center_axis',(0.707106780015167,-1.47565080458914E-19,
-0.707106782357928));
#2727=DIRECTION('ref_axis',(0.707106782357928,-2.99643884467544E-29,0.707106780015167));
#2728=DIRECTION('',(-2.08688538463371E-19,-1.,0.));
#2729=DIRECTION('center_axis',(0.,0.,-1.));
#2730=DIRECTION('ref_axis',(1.,1.48342828036482E-28,0.));
#2731=DIRECTION('center_axis',(5.79802872380241E-9,-1.20998214033893E-27,
1.));
#2732=DIRECTION('ref_axis',(-1.,0.,5.79802872380241E-9));
#2733=DIRECTION('',(-2.08688538463371E-19,-1.,0.));
#2734=DIRECTION('center_axis',(0.707106785286407,-1.47565081558955E-19,
0.707106777086688));
#2735=DIRECTION('ref_axis',(-0.707106777086688,2.99643884467544E-29,0.707106785286407));
#2736=DIRECTION('',(-2.08688538463371E-19,-1.,0.));
#2737=DIRECTION('center_axis',(0.707106780015167,-1.47565080458914E-19,
-0.707106782357928));
#2738=DIRECTION('ref_axis',(0.707106782357928,-2.99643884467544E-29,0.707106780015167));
#2739=DIRECTION('',(-2.08688538463371E-19,-1.,0.));
#2740=DIRECTION('center_axis',(0.,0.,-1.));
#2741=DIRECTION('ref_axis',(1.,1.48342828036482E-28,0.));
#2742=DIRECTION('',(-1.39047701406054E-13,-1.,0.));
#2743=DIRECTION('center_axis',(1.,-1.39047701406054E-13,-1.27106500324992E-9));
#2744=DIRECTION('ref_axis',(1.27106505876107E-9,1.6755489379805E-13,1.));
#2745=DIRECTION('',(1.39130968134942E-13,1.,1.59814058812949E-15));
#2746=DIRECTION('center_axis',(-1.,0.,0.));
#2747=DIRECTION('ref_axis',(0.,1.,0.));
#2748=DIRECTION('center_axis',(-1.,-4.17168388388303E-16,0.));
#2749=DIRECTION('ref_axis',(0.,1.,0.));
#2750=DIRECTION('',(-1.,0.,0.));
#2751=DIRECTION('center_axis',(1.,4.17168388388303E-16,0.));
#2752=DIRECTION('ref_axis',(0.,1.,0.));
#2753=DIRECTION('center_axis',(1.,4.17168388388303E-16,0.));
#2754=DIRECTION('ref_axis',(4.17168388388303E-16,-1.,0.));
#2755=DIRECTION('center_axis',(-1.,-4.17168388388303E-16,0.));
#2756=DIRECTION('ref_axis',(-4.17168388388303E-16,1.,0.));
#2757=DIRECTION('',(4.17168388388303E-16,-1.,0.));
#2758=DIRECTION('center_axis',(0.,0.,-1.));
#2759=DIRECTION('ref_axis',(0.,1.,0.));
#2760=DIRECTION('center_axis',(-1.,-8.32667268468867E-17,0.));
#2761=DIRECTION('ref_axis',(8.32667268468867E-17,-1.,0.));
#2762=DIRECTION('',(-8.32667268468867E-17,1.,1.59814076509578E-15));
#2763=DIRECTION('center_axis',(-1.27117957826606E-9,1.59814076498993E-15,
-1.));
#2764=DIRECTION('ref_axis',(6.38350360829931E-14,1.,1.59814068384414E-15));
#2765=CARTESIAN_POINT('',(0.,0.,0.));
#2766=CARTESIAN_POINT('Origin',(30.1543493669603,74.0303983101506,-214.912983549177));
#2767=CARTESIAN_POINT('',(30.1543493442071,87.3303983101499,-232.812983587508));
#2768=CARTESIAN_POINT('',(30.1543493478935,87.3303983101499,-213.912983549177));
#2769=CARTESIAN_POINT('',(30.1543493478935,87.3303983101499,-214.912983549177));
#2770=CARTESIAN_POINT('',(30.1543493478935,74.0303983101506,-213.912983549177));
#2771=CARTESIAN_POINT('',(30.154349366961,84.00539831015,-213.912983549177));
#2772=CARTESIAN_POINT('',(30.1543493442062,74.0303983101499,-232.812983587508));
#2773=CARTESIAN_POINT('',(30.1543493478935,74.0303983101506,-214.912983549177));
#2774=CARTESIAN_POINT('',(30.1543493669607,80.6803983101383,-232.812983587507));
#2775=CARTESIAN_POINT('',(30.1543493669603,79.7189540232849,-218.600983587508));
#2776=CARTESIAN_POINT('Origin',(30.1543493669603,81.2689540232849,-218.600983587508));
#2777=CARTESIAN_POINT('Origin',(7.42497530387103,87.3303983101512,-229.912983558614));
#2778=CARTESIAN_POINT('',(7.26858886658999,87.3303983101277,-232.81298355473));
#2779=CARTESIAN_POINT('',(7.42497530361597,87.3303983101277,-232.812983554929));
#2780=CARTESIAN_POINT('',(6.56148208505029,87.3303983101513,-232.520090337977));
#2781=CARTESIAN_POINT('Origin',(7.26858886786117,87.3303983101513,-231.812983558415));
#2782=CARTESIAN_POINT('',(6.04726852272975,87.3303983101513,-232.005876773294));
#2783=CARTESIAN_POINT('',(5.77202530384112,87.3303983101513,-231.730633553141));
#2784=CARTESIAN_POINT('',(5.75437530554384,87.3303983101215,-231.298769992461));
#2785=CARTESIAN_POINT('Origin',(6.75437530554063,87.3303983101513,-231.298769993732));
#2786=CARTESIAN_POINT('',(5.75437537313184,87.3303983101269,-178.127234448795));
#2787=CARTESIAN_POINT('',(5.75437540325081,87.3303983101293,-154.432620883108));
#2788=CARTESIAN_POINT('',(6.04726859238786,87.3303983101511,-177.42012766843));
#2789=CARTESIAN_POINT('Origin',(6.754375373125,87.3303983101513,-178.127234450066));
#2790=CARTESIAN_POINT('',(6.56148215631332,87.3303983101511,-176.905914105158));
#2791=CARTESIAN_POINT('',(-6.82796531115428,87.330398310152,-190.295361555607));
#2792=CARTESIAN_POINT('',(7.26858893705047,87.3303983101266,-176.613020886794));
#2793=CARTESIAN_POINT('Origin',(7.26858893705047,87.3303983101512,-177.613020886794));
#2794=CARTESIAN_POINT('',(30.1543493478935,87.3303983101266,-176.613020886794));
#2795=CARTESIAN_POINT('',(7.42497559609341,87.3303983101266,-176.613020886794));
#2796=CARTESIAN_POINT('',(30.1543493478935,87.3303983101499,-195.513020886794));
#2797=CARTESIAN_POINT('',(30.1543493478935,87.3303983101499,-179.513020886794));
#2798=CARTESIAN_POINT('',(27.2543493478935,87.3303983101499,-195.513020886794));
#2799=CARTESIAN_POINT('',(30.1543493478935,87.3303983101499,-195.513020886794));
#2800=CARTESIAN_POINT('',(27.2543493478935,87.3303983101499,-179.513020886794));
#2801=CARTESIAN_POINT('',(27.2543493478935,87.3303983101499,-179.513020886794));
#2802=CARTESIAN_POINT('',(7.75437559609341,87.3303983101266,-179.513020886794));
#2803=CARTESIAN_POINT('',(7.42497559609341,87.3303983101266,-179.513020886794));
#2804=CARTESIAN_POINT('',(7.75437555312754,87.3303983101305,-181.512983558614));
#2805=CARTESIAN_POINT('',(7.75437540325081,87.3303983101289,-154.432620886794));
#2806=CARTESIAN_POINT('',(8.15437555312754,87.3303983101305,-181.512983560933));
#2807=CARTESIAN_POINT('',(7.75437555312754,87.3303983101305,-181.512983558614));
#2808=CARTESIAN_POINT('',(8.85437554906889,87.3303983101305,-182.212983564992));
#2809=CARTESIAN_POINT('',(8.85437554906889,87.3303983101305,-182.212983564992));
#2810=CARTESIAN_POINT('',(8.15437555312754,87.3303983101305,-182.912983558614));
#2811=CARTESIAN_POINT('',(8.15437555312754,87.3303983101305,-182.912983558614));
#2812=CARTESIAN_POINT('',(7.75437554501025,87.3303983101305,-182.912983558614));
#2813=CARTESIAN_POINT('',(7.75437554501025,87.3303983101305,-182.912983558614));
#2814=CARTESIAN_POINT('',(7.75437553573334,87.330398310132,-184.512983558614));
#2815=CARTESIAN_POINT('',(7.75437540325081,87.3303983101289,-154.432620886794));
#2816=CARTESIAN_POINT('',(8.15437553573334,87.330398310132,-184.512983560933));
#2817=CARTESIAN_POINT('',(7.75437553573334,87.330398310132,-184.512983558614));
#2818=CARTESIAN_POINT('',(8.85437553167469,87.330398310132,-185.212983564992));
#2819=CARTESIAN_POINT('',(8.85437553167469,87.330398310132,-185.212983564992));
#2820=CARTESIAN_POINT('',(8.15437553573334,87.330398310132,-185.912983558614));
#2821=CARTESIAN_POINT('',(8.15437553573334,87.330398310132,-185.912983558614));
#2822=CARTESIAN_POINT('',(7.75437552761605,87.330398310132,-185.912983558614));
#2823=CARTESIAN_POINT('',(7.75437552761605,87.330398310132,-185.912983558614));
#2824=CARTESIAN_POINT('',(7.75437551833914,87.3303983101334,-187.512983558614));
#2825=CARTESIAN_POINT('',(7.75437540325081,87.3303983101289,-154.432620886794));
#2826=CARTESIAN_POINT('',(8.15437551833914,87.3303983101334,-187.512983560933));
#2827=CARTESIAN_POINT('',(7.75437551833914,87.3303983101334,-187.512983558614));
#2828=CARTESIAN_POINT('',(8.85437551428049,87.3303983101334,-188.212983564992));
#2829=CARTESIAN_POINT('',(8.85437551428049,87.3303983101334,-188.212983564992));
#2830=CARTESIAN_POINT('',(8.15437551833914,87.3303983101334,-188.912983558614));
#2831=CARTESIAN_POINT('',(8.15437551833914,87.3303983101334,-188.912983558614));
#2832=CARTESIAN_POINT('',(7.75437551022184,87.3303983101334,-188.912983558614));
#2833=CARTESIAN_POINT('',(7.75437551022184,87.3303983101334,-188.912983558614));
#2834=CARTESIAN_POINT('',(7.75437550094494,87.3303983101349,-190.512983558614));
#2835=CARTESIAN_POINT('',(7.75437540325081,87.3303983101289,-154.432620886794));
#2836=CARTESIAN_POINT('',(8.15437550094494,87.3303983101349,-190.512983560933));
#2837=CARTESIAN_POINT('',(7.75437550094494,87.3303983101349,-190.512983558614));
#2838=CARTESIAN_POINT('',(8.85437549688629,87.3303983101349,-191.212983564992));
#2839=CARTESIAN_POINT('',(8.85437549688629,87.3303983101349,-191.212983564992));
#2840=CARTESIAN_POINT('',(8.15437550094494,87.3303983101349,-191.912983558614));
#2841=CARTESIAN_POINT('',(8.15437550094494,87.3303983101349,-191.912983558614));
#2842=CARTESIAN_POINT('',(7.75437549282764,87.3303983101349,-191.912983558614));
#2843=CARTESIAN_POINT('',(7.75437549282764,87.3303983101349,-191.912983558614));
#2844=CARTESIAN_POINT('',(7.75437548355074,87.3303983101364,-193.512983558614));
#2845=CARTESIAN_POINT('',(7.75437540325081,87.3303983101289,-154.432620886794));
#2846=CARTESIAN_POINT('',(8.15437548355074,87.3303983101364,-193.512983560933));
#2847=CARTESIAN_POINT('',(7.75437548355074,87.3303983101364,-193.512983558614));
#2848=CARTESIAN_POINT('',(8.85437547949209,87.3303983101364,-194.212983564992));
#2849=CARTESIAN_POINT('',(8.85437547949209,87.3303983101364,-194.212983564992));
#2850=CARTESIAN_POINT('',(8.15437548355074,87.3303983101364,-194.912983558614));
#2851=CARTESIAN_POINT('',(8.15437548355074,87.3303983101364,-194.912983558614));
#2852=CARTESIAN_POINT('',(7.75437547543344,87.3303983101364,-194.912983558614));
#2853=CARTESIAN_POINT('',(7.75437547543344,87.3303983101364,-194.912983558614));
#2854=CARTESIAN_POINT('',(7.75437546615653,87.3303983101378,-196.512983558614));
#2855=CARTESIAN_POINT('',(7.75437540325081,87.3303983101289,-154.432620886794));
#2856=CARTESIAN_POINT('',(8.15437546615653,87.3303983101378,-196.512983560933));
#2857=CARTESIAN_POINT('',(7.75437546615653,87.3303983101378,-196.512983558614));
#2858=CARTESIAN_POINT('',(8.85437546209788,87.3303983101378,-197.212983564992));
#2859=CARTESIAN_POINT('',(8.85437546209788,87.3303983101378,-197.212983564992));
#2860=CARTESIAN_POINT('',(8.15437546615653,87.3303983101378,-197.912983558614));
#2861=CARTESIAN_POINT('',(8.15437546615653,87.3303983101378,-197.912983558614));
#2862=CARTESIAN_POINT('',(7.75437545803924,87.3303983101378,-197.912983558614));
#2863=CARTESIAN_POINT('',(7.75437545803924,87.3303983101378,-197.912983558614));
#2864=CARTESIAN_POINT('',(7.75437544876233,87.3303983101393,-199.512983558614));
#2865=CARTESIAN_POINT('',(7.75437540325081,87.3303983101289,-154.432620886794));
#2866=CARTESIAN_POINT('',(8.15437544876233,87.3303983101393,-199.512983560933));
#2867=CARTESIAN_POINT('',(7.75437544876233,87.3303983101393,-199.512983558614));
#2868=CARTESIAN_POINT('',(8.85437544470368,87.3303983101393,-200.212983564992));
#2869=CARTESIAN_POINT('',(8.85437544470368,87.3303983101393,-200.212983564992));
#2870=CARTESIAN_POINT('',(8.15437544876233,87.3303983101393,-200.912983558614));
#2871=CARTESIAN_POINT('',(8.15437544876233,87.3303983101393,-200.912983558614));
#2872=CARTESIAN_POINT('',(7.75437544064504,87.3303983101393,-200.912983558614));
#2873=CARTESIAN_POINT('',(7.75437544064504,87.3303983101393,-200.912983558614));
#2874=CARTESIAN_POINT('',(7.75437543136813,87.3303983101408,-202.512983558614));
#2875=CARTESIAN_POINT('',(7.75437540325081,87.3303983101289,-154.432620886794));
#2876=CARTESIAN_POINT('',(8.15437543136813,87.3303983101408,-202.512983560933));
#2877=CARTESIAN_POINT('',(7.75437543136813,87.3303983101408,-202.512983558614));
#2878=CARTESIAN_POINT('',(8.85437542730948,87.3303983101408,-203.212983564992));
#2879=CARTESIAN_POINT('',(8.85437542730948,87.3303983101408,-203.212983564992));
#2880=CARTESIAN_POINT('',(8.15437543136813,87.3303983101408,-203.912983558614));
#2881=CARTESIAN_POINT('',(8.15437543136813,87.3303983101408,-203.912983558614));
#2882=CARTESIAN_POINT('',(7.75437542325083,87.3303983101408,-203.912983558614));
#2883=CARTESIAN_POINT('',(7.75437542325083,87.3303983101408,-203.912983558614));
#2884=CARTESIAN_POINT('',(7.75437541397393,87.3303983101422,-205.512983558614));
#2885=CARTESIAN_POINT('',(7.75437540325081,87.3303983101289,-154.432620886794));
#2886=CARTESIAN_POINT('',(8.15437541397393,87.3303983101422,-205.512983560933));
#2887=CARTESIAN_POINT('',(7.75437541397393,87.3303983101422,-205.512983558614));
#2888=CARTESIAN_POINT('',(8.85437540991528,87.3303983101422,-206.212983564992));
#2889=CARTESIAN_POINT('',(8.85437540991528,87.3303983101422,-206.212983564992));
#2890=CARTESIAN_POINT('',(8.15437541397393,87.3303983101422,-206.912983558614));
#2891=CARTESIAN_POINT('',(8.15437541397393,87.3303983101422,-206.912983558614));
#2892=CARTESIAN_POINT('',(7.75437540585663,87.3303983101422,-206.912983558614));
#2893=CARTESIAN_POINT('',(7.75437540585663,87.3303983101422,-206.912983558614));
#2894=CARTESIAN_POINT('',(7.75437539657972,87.3303983101437,-208.512983558614));
#2895=CARTESIAN_POINT('',(7.75437540325081,87.3303983101289,-154.432620886794));
#2896=CARTESIAN_POINT('',(8.15437539657972,87.3303983101437,-208.512983560933));
#2897=CARTESIAN_POINT('',(7.75437539657972,87.3303983101437,-208.512983558614));
#2898=CARTESIAN_POINT('',(8.85437539252108,87.3303983101437,-209.212983564992));
#2899=CARTESIAN_POINT('',(8.85437539252108,87.3303983101437,-209.212983564992));
#2900=CARTESIAN_POINT('',(8.15437539657972,87.3303983101437,-209.912983558614));
#2901=CARTESIAN_POINT('',(8.15437539657972,87.3303983101437,-209.912983558614));
#2902=CARTESIAN_POINT('',(7.75437538846243,87.3303983101437,-209.912983558614));
#2903=CARTESIAN_POINT('',(7.75437538846243,87.3303983101437,-209.912983558614));
#2904=CARTESIAN_POINT('',(7.75437537918552,87.3303983101452,-211.512983558614));
#2905=CARTESIAN_POINT('',(7.75437540325081,87.3303983101289,-154.432620886794));
#2906=CARTESIAN_POINT('',(8.15437537918552,87.3303983101452,-211.512983560933));
#2907=CARTESIAN_POINT('',(7.75437537918552,87.3303983101452,-211.512983558614));
#2908=CARTESIAN_POINT('',(8.85437537512687,87.3303983101452,-212.212983564992));
#2909=CARTESIAN_POINT('',(8.85437537512687,87.3303983101452,-212.212983564992));
#2910=CARTESIAN_POINT('',(8.15437537918552,87.3303983101452,-212.912983558614));
#2911=CARTESIAN_POINT('',(8.15437537918552,87.3303983101452,-212.912983558614));
#2912=CARTESIAN_POINT('',(7.75437537106823,87.3303983101452,-212.912983558614));
#2913=CARTESIAN_POINT('',(7.75437537106823,87.3303983101452,-212.912983558614));
#2914=CARTESIAN_POINT('',(7.75437536179132,87.3303983101466,-214.512983558614));
#2915=CARTESIAN_POINT('',(7.75437540325081,87.3303983101289,-154.432620886794));
#2916=CARTESIAN_POINT('',(8.15437536179132,87.3303983101466,-214.512983560933));
#2917=CARTESIAN_POINT('',(7.75437536179132,87.3303983101466,-214.512983558614));
#2918=CARTESIAN_POINT('',(8.85437535773267,87.3303983101466,-215.212983564992));
#2919=CARTESIAN_POINT('',(8.85437535773267,87.3303983101466,-215.212983564992));
#2920=CARTESIAN_POINT('',(8.15437536179132,87.3303983101466,-215.912983558614));
#2921=CARTESIAN_POINT('',(8.15437536179132,87.3303983101466,-215.912983558614));
#2922=CARTESIAN_POINT('',(7.75437535367402,87.3303983101466,-215.912983558614));
#2923=CARTESIAN_POINT('',(7.75437535367402,87.3303983101466,-215.912983558614));
#2924=CARTESIAN_POINT('',(7.75437534439712,87.3303983101481,-217.512983558614));
#2925=CARTESIAN_POINT('',(7.75437540325081,87.3303983101289,-154.432620886794));
#2926=CARTESIAN_POINT('',(8.15437534439712,87.3303983101481,-217.512983560933));
#2927=CARTESIAN_POINT('',(7.75437534439712,87.3303983101481,-217.512983558614));
#2928=CARTESIAN_POINT('',(8.85437534033847,87.3303983101481,-218.212983564992));
#2929=CARTESIAN_POINT('',(8.85437534033847,87.3303983101481,-218.212983564992));
#2930=CARTESIAN_POINT('',(8.15437534439712,87.3303983101481,-218.912983558614));
#2931=CARTESIAN_POINT('',(8.15437534439712,87.3303983101481,-218.912983558614));
#2932=CARTESIAN_POINT('',(7.75437533627982,87.3303983101481,-218.912983558614));
#2933=CARTESIAN_POINT('',(7.75437533627982,87.3303983101481,-218.912983558614));
#2934=CARTESIAN_POINT('',(7.75437532700291,87.3303983101495,-220.512983558614));
#2935=CARTESIAN_POINT('',(7.75437540325081,87.3303983101289,-154.432620886794));
#2936=CARTESIAN_POINT('',(8.15437532700292,87.3303983101495,-220.512983560933));
#2937=CARTESIAN_POINT('',(7.75437532700291,87.3303983101495,-220.512983558614));
#2938=CARTESIAN_POINT('',(8.85437532294427,87.3303983101495,-221.212983564992));
#2939=CARTESIAN_POINT('',(8.85437532294427,87.3303983101495,-221.212983564992));
#2940=CARTESIAN_POINT('',(8.15437532700292,87.3303983101495,-221.912983558614));
#2941=CARTESIAN_POINT('',(8.15437532700292,87.3303983101495,-221.912983558614));
#2942=CARTESIAN_POINT('',(7.75437531888562,87.3303983101495,-221.912983558614));
#2943=CARTESIAN_POINT('',(7.75437531888562,87.3303983101495,-221.912983558614));
#2944=CARTESIAN_POINT('',(7.75437530960871,87.330398310151,-223.512983558614));
#2945=CARTESIAN_POINT('',(7.75437540325081,87.3303983101289,-154.432620886794));
#2946=CARTESIAN_POINT('',(8.15437530960871,87.330398310151,-223.512983560933));
#2947=CARTESIAN_POINT('',(7.75437530960871,87.330398310151,-223.512983558614));
#2948=CARTESIAN_POINT('',(8.85437530555006,87.330398310151,-224.212983564992));
#2949=CARTESIAN_POINT('',(8.85437530555006,87.330398310151,-224.212983564992));
#2950=CARTESIAN_POINT('',(8.15437530960871,87.330398310151,-224.912983558614));
#2951=CARTESIAN_POINT('',(8.15437530960871,87.330398310151,-224.912983558614));
#2952=CARTESIAN_POINT('',(7.75437530149142,87.330398310151,-224.912983558614));
#2953=CARTESIAN_POINT('',(7.75437530149142,87.330398310151,-224.912983558614));
#2954=CARTESIAN_POINT('',(7.75437530960871,87.330398310151,-226.512983558614));
#2955=CARTESIAN_POINT('',(7.75437540325081,87.3303983101289,-154.432620886794));
#2956=CARTESIAN_POINT('',(8.15437530960871,87.330398310151,-226.512983560933));
#2957=CARTESIAN_POINT('',(7.75437530960871,87.330398310151,-226.512983558614));
#2958=CARTESIAN_POINT('',(8.85437530555006,87.330398310151,-227.212983564992));
#2959=CARTESIAN_POINT('',(8.85437530555006,87.330398310151,-227.212983564992));
#2960=CARTESIAN_POINT('',(8.15437530960871,87.330398310151,-227.912983558614));
#2961=CARTESIAN_POINT('',(8.15437530960871,87.330398310151,-227.912983558614));
#2962=CARTESIAN_POINT('',(7.75437530149142,87.330398310151,-227.912983558614));
#2963=CARTESIAN_POINT('',(7.75437530149142,87.330398310151,-227.912983558614));
#2964=CARTESIAN_POINT('',(7.75437530387103,87.3303983101512,-229.912983558614));
#2965=CARTESIAN_POINT('',(7.75437540325081,87.3303983101289,-154.432620886794));
#2966=CARTESIAN_POINT('',(27.2543493478935,87.3303983101499,-229.912983549177));
#2967=CARTESIAN_POINT('',(4.52497530387028,87.3303983101514,-229.912983554928));
#2968=CARTESIAN_POINT('',(27.2543493478935,87.3303983101499,-213.912983549177));
#2969=CARTESIAN_POINT('',(27.2543493478935,87.3303983101499,-229.912983549177));
#2970=CARTESIAN_POINT('',(30.1543493478935,87.3303983101499,-213.912983549177));
#2971=CARTESIAN_POINT('Origin',(4.52497530018377,87.3303983101277,-232.812983554928));
#2972=CARTESIAN_POINT('',(7.26858886658811,74.0303983101512,-232.812983558415));
#2973=CARTESIAN_POINT('',(4.52497530018293,74.0303983101514,-232.812983554928));
#2974=CARTESIAN_POINT('',(7.26858886658973,85.5303983101285,-232.812983558415));
#2975=CARTESIAN_POINT('Origin',(19.6543493478935,81.2689540232849,-218.600983587508));
#2976=CARTESIAN_POINT('',(27.2543493478935,79.7189540232849,-218.600983587508));
#2977=CARTESIAN_POINT('',(19.6543493478935,79.7189540232849,-218.600983587508));
#2978=CARTESIAN_POINT('Origin',(27.2543493478935,81.2689540232849,-218.600983587508));
#2979=CARTESIAN_POINT('Origin',(28.7043493478935,80.6803983101503,-213.912983549177));
#2980=CARTESIAN_POINT('',(27.2543493478935,74.0303983101506,-213.912983549177));
#2981=CARTESIAN_POINT('',(27.2543493478935,87.3303983101499,-213.912983549177));
#2982=CARTESIAN_POINT('',(27.2543493478935,74.0303983101506,-213.912983549177));
#2983=CARTESIAN_POINT('Origin',(28.7043493478935,80.6803983101503,-195.513020886794));
#2984=CARTESIAN_POINT('',(27.2543493478935,74.0303983101506,-195.513020886794));
#2985=CARTESIAN_POINT('',(27.2543493478935,87.3303983101499,-195.513020886794));
#2986=CARTESIAN_POINT('',(30.1543493478935,74.0303983101506,-195.513020886794));
#2987=CARTESIAN_POINT('',(30.1543493478935,74.0303983101506,-195.513020886794));
#2988=CARTESIAN_POINT('',(27.2543493478935,74.0303983101506,-195.513020886794));
#2989=CARTESIAN_POINT('Origin',(6.75437537312424,81.930398310131,-178.127234450066));
#2990=CARTESIAN_POINT('',(5.75437537312405,74.0303983101355,-178.127234448795));
#2991=CARTESIAN_POINT('',(5.75437537312424,81.9303983101311,-178.127234448795));
#2992=CARTESIAN_POINT('',(6.04726859238596,74.0303983101512,-177.42012766843));
#2993=CARTESIAN_POINT('Origin',(6.75437537312312,74.030398310153,-178.127234450066));
#2994=CARTESIAN_POINT('',(6.04726859238709,81.9303983101311,-177.42012766843));
#2995=CARTESIAN_POINT('Origin',(5.85437537377809,83.7303983101296,-177.613020886794));
#2996=CARTESIAN_POINT('',(6.56148215631143,74.0303983101511,-176.905914105158));
#2997=CARTESIAN_POINT('',(-1.1456218001507,74.0303983101516,-184.613018051824));
#2998=CARTESIAN_POINT('',(6.56148215631306,85.5303983101281,-176.905914105158));
#2999=CARTESIAN_POINT('Origin',(30.1543493478926,74.0303983101497,-229.912983587507));
#3000=CARTESIAN_POINT('',(27.2543493478935,74.0303983101506,-229.912983549177));
#3001=CARTESIAN_POINT('',(27.2543493478935,74.0303983101506,-229.912983549177));
#3002=CARTESIAN_POINT('',(7.75437530386917,74.0303983101512,-229.912983558614));
#3003=CARTESIAN_POINT('',(4.52497530386935,74.0303983101514,-229.912983554928));
#3004=CARTESIAN_POINT('',(7.75437530149142,74.030398310151,-227.912983558614));
#3005=CARTESIAN_POINT('',(7.75437530386919,74.0303983101303,-232.612983554926));
#3006=CARTESIAN_POINT('',(8.15437530960871,74.030398310151,-227.912983558614));
#3007=CARTESIAN_POINT('',(7.75437530149142,74.030398310151,-227.912983558614));
#3008=CARTESIAN_POINT('',(8.85437530555006,74.030398310151,-227.212983564992));
#3009=CARTESIAN_POINT('',(8.15437530960871,74.030398310151,-227.912983558614));
#3010=CARTESIAN_POINT('',(8.15437530960871,74.030398310151,-226.512983560933));
#3011=CARTESIAN_POINT('',(8.85437530555006,74.030398310151,-227.212983564992));
#3012=CARTESIAN_POINT('',(7.75437530960871,74.030398310151,-226.512983558614));
#3013=CARTESIAN_POINT('',(7.75437530960871,74.030398310151,-226.512983558614));
#3014=CARTESIAN_POINT('',(7.75437530149142,74.030398310151,-224.912983558614));
#3015=CARTESIAN_POINT('',(7.75437530386919,74.0303983101303,-232.612983554926));
#3016=CARTESIAN_POINT('',(8.15437530960871,74.030398310151,-224.912983558614));
#3017=CARTESIAN_POINT('',(7.75437530149142,74.030398310151,-224.912983558614));
#3018=CARTESIAN_POINT('',(8.85437530555006,74.030398310151,-224.212983564992));
#3019=CARTESIAN_POINT('',(8.15437530960871,74.030398310151,-224.912983558614));
#3020=CARTESIAN_POINT('',(8.15437530960871,74.030398310151,-223.512983560933));
#3021=CARTESIAN_POINT('',(8.85437530555006,74.030398310151,-224.212983564992));
#3022=CARTESIAN_POINT('',(7.75437530960871,74.030398310151,-223.512983558614));
#3023=CARTESIAN_POINT('',(7.75437530960871,74.030398310151,-223.512983558614));
#3024=CARTESIAN_POINT('',(7.75437531888562,74.0303983101495,-221.912983558614));
#3025=CARTESIAN_POINT('',(7.75437530386919,74.0303983101303,-232.612983554926));
#3026=CARTESIAN_POINT('',(8.15437532700292,74.0303983101495,-221.912983558614));
#3027=CARTESIAN_POINT('',(7.75437531888562,74.0303983101495,-221.912983558614));
#3028=CARTESIAN_POINT('',(8.85437532294427,74.0303983101495,-221.212983564992));
#3029=CARTESIAN_POINT('',(8.15437532700292,74.0303983101495,-221.912983558614));
#3030=CARTESIAN_POINT('',(8.15437532700292,74.0303983101495,-220.512983560933));
#3031=CARTESIAN_POINT('',(8.85437532294427,74.0303983101495,-221.212983564992));
#3032=CARTESIAN_POINT('',(7.75437532700291,74.0303983101495,-220.512983558614));
#3033=CARTESIAN_POINT('',(7.75437532700291,74.0303983101495,-220.512983558614));
#3034=CARTESIAN_POINT('',(7.75437533627982,74.0303983101481,-218.912983558614));
#3035=CARTESIAN_POINT('',(7.75437530386919,74.0303983101303,-232.612983554926));
#3036=CARTESIAN_POINT('',(8.15437534439712,74.0303983101481,-218.912983558614));
#3037=CARTESIAN_POINT('',(7.75437533627982,74.0303983101481,-218.912983558614));
#3038=CARTESIAN_POINT('',(8.85437534033847,74.0303983101481,-218.212983564992));
#3039=CARTESIAN_POINT('',(8.15437534439712,74.0303983101481,-218.912983558614));
#3040=CARTESIAN_POINT('',(8.15437534439712,74.0303983101481,-217.512983560933));
#3041=CARTESIAN_POINT('',(8.85437534033847,74.0303983101481,-218.212983564992));
#3042=CARTESIAN_POINT('',(7.75437534439712,74.0303983101481,-217.512983558614));
#3043=CARTESIAN_POINT('',(7.75437534439712,74.0303983101481,-217.512983558614));
#3044=CARTESIAN_POINT('',(7.75437535367402,74.0303983101466,-215.912983558614));
#3045=CARTESIAN_POINT('',(7.75437530386919,74.0303983101303,-232.612983554926));
#3046=CARTESIAN_POINT('',(8.15437536179132,74.0303983101466,-215.912983558614));
#3047=CARTESIAN_POINT('',(7.75437535367402,74.0303983101466,-215.912983558614));
#3048=CARTESIAN_POINT('',(8.85437535773267,74.0303983101466,-215.212983564992));
#3049=CARTESIAN_POINT('',(8.15437536179132,74.0303983101466,-215.912983558614));
#3050=CARTESIAN_POINT('',(8.15437536179132,74.0303983101466,-214.512983560933));
#3051=CARTESIAN_POINT('',(8.85437535773267,74.0303983101466,-215.212983564992));
#3052=CARTESIAN_POINT('',(7.75437536179132,74.0303983101466,-214.512983558614));
#3053=CARTESIAN_POINT('',(7.75437536179132,74.0303983101466,-214.512983558614));
#3054=CARTESIAN_POINT('',(7.75437537106823,74.0303983101452,-212.912983558614));
#3055=CARTESIAN_POINT('',(7.75437530386919,74.0303983101303,-232.612983554926));
#3056=CARTESIAN_POINT('',(8.15437537918552,74.0303983101452,-212.912983558614));
#3057=CARTESIAN_POINT('',(7.75437537106823,74.0303983101452,-212.912983558614));
#3058=CARTESIAN_POINT('',(8.85437537512687,74.0303983101452,-212.212983564992));
#3059=CARTESIAN_POINT('',(8.15437537918552,74.0303983101452,-212.912983558614));
#3060=CARTESIAN_POINT('',(8.15437537918552,74.0303983101452,-211.512983560933));
#3061=CARTESIAN_POINT('',(8.85437537512687,74.0303983101452,-212.212983564992));
#3062=CARTESIAN_POINT('',(7.75437537918552,74.0303983101452,-211.512983558614));
#3063=CARTESIAN_POINT('',(7.75437537918552,74.0303983101452,-211.512983558614));
#3064=CARTESIAN_POINT('',(7.75437538846243,74.0303983101437,-209.912983558614));
#3065=CARTESIAN_POINT('',(7.75437530386919,74.0303983101303,-232.612983554926));
#3066=CARTESIAN_POINT('',(8.15437539657972,74.0303983101437,-209.912983558614));
#3067=CARTESIAN_POINT('',(7.75437538846243,74.0303983101437,-209.912983558614));
#3068=CARTESIAN_POINT('',(8.85437539252108,74.0303983101437,-209.212983564992));
#3069=CARTESIAN_POINT('',(8.15437539657972,74.0303983101437,-209.912983558614));
#3070=CARTESIAN_POINT('',(8.15437539657972,74.0303983101437,-208.512983560933));
#3071=CARTESIAN_POINT('',(8.85437539252108,74.0303983101437,-209.212983564992));
#3072=CARTESIAN_POINT('',(7.75437539657972,74.0303983101437,-208.512983558614));
#3073=CARTESIAN_POINT('',(7.75437539657972,74.0303983101437,-208.512983558614));
#3074=CARTESIAN_POINT('',(7.75437540585663,74.0303983101422,-206.912983558614));
#3075=CARTESIAN_POINT('',(7.75437530386919,74.0303983101303,-232.612983554926));
#3076=CARTESIAN_POINT('',(8.15437541397393,74.0303983101422,-206.912983558614));
#3077=CARTESIAN_POINT('',(7.75437540585663,74.0303983101422,-206.912983558614));
#3078=CARTESIAN_POINT('',(8.85437540991528,74.0303983101422,-206.212983564992));
#3079=CARTESIAN_POINT('',(8.15437541397393,74.0303983101422,-206.912983558614));
#3080=CARTESIAN_POINT('',(8.15437541397393,74.0303983101422,-205.512983560933));
#3081=CARTESIAN_POINT('',(8.85437540991528,74.0303983101422,-206.212983564992));
#3082=CARTESIAN_POINT('',(7.75437541397393,74.0303983101422,-205.512983558614));
#3083=CARTESIAN_POINT('',(7.75437541397393,74.0303983101422,-205.512983558614));
#3084=CARTESIAN_POINT('',(7.75437542325083,74.0303983101408,-203.912983558614));
#3085=CARTESIAN_POINT('',(7.75437530386919,74.0303983101303,-232.612983554926));
#3086=CARTESIAN_POINT('',(8.15437543136813,74.0303983101408,-203.912983558614));
#3087=CARTESIAN_POINT('',(7.75437542325083,74.0303983101408,-203.912983558614));
#3088=CARTESIAN_POINT('',(8.85437542730948,74.0303983101408,-203.212983564992));
#3089=CARTESIAN_POINT('',(8.15437543136813,74.0303983101408,-203.912983558614));
#3090=CARTESIAN_POINT('',(8.15437543136813,74.0303983101408,-202.512983560933));
#3091=CARTESIAN_POINT('',(8.85437542730948,74.0303983101408,-203.212983564992));
#3092=CARTESIAN_POINT('',(7.75437543136813,74.0303983101408,-202.512983558614));
#3093=CARTESIAN_POINT('',(7.75437543136813,74.0303983101408,-202.512983558614));
#3094=CARTESIAN_POINT('',(7.75437544064504,74.0303983101393,-200.912983558614));
#3095=CARTESIAN_POINT('',(7.75437530386919,74.0303983101303,-232.612983554926));
#3096=CARTESIAN_POINT('',(8.15437544876233,74.0303983101393,-200.912983558614));
#3097=CARTESIAN_POINT('',(7.75437544064504,74.0303983101393,-200.912983558614));
#3098=CARTESIAN_POINT('',(8.85437544470368,74.0303983101393,-200.212983564992));
#3099=CARTESIAN_POINT('',(8.15437544876233,74.0303983101393,-200.912983558614));
#3100=CARTESIAN_POINT('',(8.15437544876233,74.0303983101393,-199.512983560933));
#3101=CARTESIAN_POINT('',(8.85437544470368,74.0303983101393,-200.212983564992));
#3102=CARTESIAN_POINT('',(7.75437544876233,74.0303983101393,-199.512983558614));
#3103=CARTESIAN_POINT('',(7.75437544876233,74.0303983101393,-199.512983558614));
#3104=CARTESIAN_POINT('',(7.75437545803924,74.0303983101378,-197.912983558614));
#3105=CARTESIAN_POINT('',(7.75437530386919,74.0303983101303,-232.612983554926));
#3106=CARTESIAN_POINT('',(8.15437546615653,74.0303983101378,-197.912983558614));
#3107=CARTESIAN_POINT('',(7.75437545803924,74.0303983101378,-197.912983558614));
#3108=CARTESIAN_POINT('',(8.85437546209788,74.0303983101378,-197.212983564992));
#3109=CARTESIAN_POINT('',(8.15437546615653,74.0303983101378,-197.912983558614));
#3110=CARTESIAN_POINT('',(8.15437546615653,74.0303983101378,-196.512983560933));
#3111=CARTESIAN_POINT('',(8.85437546209788,74.0303983101378,-197.212983564992));
#3112=CARTESIAN_POINT('',(7.75437546615653,74.0303983101378,-196.512983558614));
#3113=CARTESIAN_POINT('',(7.75437546615653,74.0303983101378,-196.512983558614));
#3114=CARTESIAN_POINT('',(7.75437547543344,74.0303983101364,-194.912983558614));
#3115=CARTESIAN_POINT('',(7.75437530386919,74.0303983101303,-232.612983554926));
#3116=CARTESIAN_POINT('',(8.15437548355074,74.0303983101364,-194.912983558614));
#3117=CARTESIAN_POINT('',(7.75437547543344,74.0303983101364,-194.912983558614));
#3118=CARTESIAN_POINT('',(8.85437547949209,74.0303983101364,-194.212983564992));
#3119=CARTESIAN_POINT('',(8.15437548355074,74.0303983101364,-194.912983558614));
#3120=CARTESIAN_POINT('',(8.15437548355074,74.0303983101364,-193.512983560933));
#3121=CARTESIAN_POINT('',(8.85437547949209,74.0303983101364,-194.212983564992));
#3122=CARTESIAN_POINT('',(7.75437548355074,74.0303983101364,-193.512983558614));
#3123=CARTESIAN_POINT('',(7.75437548355074,74.0303983101364,-193.512983558614));
#3124=CARTESIAN_POINT('',(7.75437549282764,74.0303983101349,-191.912983558614));
#3125=CARTESIAN_POINT('',(7.75437530386919,74.0303983101303,-232.612983554926));
#3126=CARTESIAN_POINT('',(8.15437550094494,74.0303983101349,-191.912983558614));
#3127=CARTESIAN_POINT('',(7.75437549282764,74.0303983101349,-191.912983558614));
#3128=CARTESIAN_POINT('',(8.85437549688629,74.0303983101349,-191.212983564992));
#3129=CARTESIAN_POINT('',(8.15437550094494,74.0303983101349,-191.912983558614));
#3130=CARTESIAN_POINT('',(8.15437550094494,74.0303983101349,-190.512983560933));
#3131=CARTESIAN_POINT('',(8.85437549688629,74.0303983101349,-191.212983564992));
#3132=CARTESIAN_POINT('',(7.75437550094494,74.0303983101349,-190.512983558614));
#3133=CARTESIAN_POINT('',(7.75437550094494,74.0303983101349,-190.512983558614));
#3134=CARTESIAN_POINT('',(7.75437551022184,74.0303983101334,-188.912983558614));
#3135=CARTESIAN_POINT('',(7.75437530386919,74.0303983101303,-232.612983554926));
#3136=CARTESIAN_POINT('',(8.15437551833914,74.0303983101334,-188.912983558614));
#3137=CARTESIAN_POINT('',(7.75437551022184,74.0303983101334,-188.912983558614));
#3138=CARTESIAN_POINT('',(8.85437551428049,74.0303983101334,-188.212983564992));
#3139=CARTESIAN_POINT('',(8.15437551833914,74.0303983101334,-188.912983558614));
#3140=CARTESIAN_POINT('',(8.15437551833914,74.0303983101334,-187.512983560933));
#3141=CARTESIAN_POINT('',(8.85437551428049,74.0303983101334,-188.212983564992));
#3142=CARTESIAN_POINT('',(7.75437551833914,74.0303983101334,-187.512983558614));
#3143=CARTESIAN_POINT('',(7.75437551833914,74.0303983101334,-187.512983558614));
#3144=CARTESIAN_POINT('',(7.75437552761605,74.030398310132,-185.912983558614));
#3145=CARTESIAN_POINT('',(7.75437530386919,74.0303983101303,-232.612983554926));
#3146=CARTESIAN_POINT('',(8.15437553573334,74.030398310132,-185.912983558614));
#3147=CARTESIAN_POINT('',(7.75437552761605,74.030398310132,-185.912983558614));
#3148=CARTESIAN_POINT('',(8.85437553167469,74.030398310132,-185.212983564992));
#3149=CARTESIAN_POINT('',(8.15437553573334,74.030398310132,-185.912983558614));
#3150=CARTESIAN_POINT('',(8.15437553573334,74.030398310132,-184.512983560933));
#3151=CARTESIAN_POINT('',(8.85437553167469,74.030398310132,-185.212983564992));
#3152=CARTESIAN_POINT('',(7.75437553573334,74.030398310132,-184.512983558614));
#3153=CARTESIAN_POINT('',(7.75437553573334,74.030398310132,-184.512983558614));
#3154=CARTESIAN_POINT('',(7.75437554501025,74.0303983101305,-182.912983558614));
#3155=CARTESIAN_POINT('',(7.75437530386919,74.0303983101303,-232.612983554926));
#3156=CARTESIAN_POINT('',(8.15437555312754,74.0303983101305,-182.912983558614));
#3157=CARTESIAN_POINT('',(7.75437554501025,74.0303983101305,-182.912983558614));
#3158=CARTESIAN_POINT('',(8.85437554906889,74.0303983101305,-182.212983564992));
#3159=CARTESIAN_POINT('',(8.15437555312754,74.0303983101305,-182.912983558614));
#3160=CARTESIAN_POINT('',(8.15437555312754,74.0303983101305,-181.512983560933));
#3161=CARTESIAN_POINT('',(8.85437554906889,74.0303983101305,-182.212983564992));
#3162=CARTESIAN_POINT('',(7.75437555312754,74.0303983101305,-181.512983558614));
#3163=CARTESIAN_POINT('',(7.75437555312754,74.0303983101305,-181.512983558614));
#3164=CARTESIAN_POINT('',(7.75437559609341,74.0303983134948,-179.513020886794));
#3165=CARTESIAN_POINT('',(7.75437530386919,74.0303983101303,-232.612983554926));
#3166=CARTESIAN_POINT('',(27.2543493478935,74.0303983101506,-179.513020886794));
#3167=CARTESIAN_POINT('',(7.42497559609341,74.0303983134948,-179.513020886794));
#3168=CARTESIAN_POINT('',(27.2543493478935,74.0303983101506,-179.513020886794));
#3169=CARTESIAN_POINT('',(30.1543493478935,74.0303983134948,-176.613020886794));
#3170=CARTESIAN_POINT('',(30.1543493478935,74.0303983101506,-179.513020886794));
#3171=CARTESIAN_POINT('',(7.2685889370486,74.0303983134948,-176.613020886794));
#3172=CARTESIAN_POINT('',(7.42497559609341,74.0303983134948,-176.613020886794));
#3173=CARTESIAN_POINT('Origin',(7.2685889370486,74.030398310153,-177.613020886794));
#3174=CARTESIAN_POINT('',(5.75437530553964,74.0303983101308,-231.298769992461));
#3175=CARTESIAN_POINT('',(5.75437530386919,74.0303983101307,-232.61298355124));
#3176=CARTESIAN_POINT('',(6.04726852272787,74.0303983101513,-232.005876773294));
#3177=CARTESIAN_POINT('Origin',(6.75437530553876,74.030398310153,-231.298769993732));
#3178=CARTESIAN_POINT('',(6.5614820850484,74.0303983101513,-232.520090337977));
#3179=CARTESIAN_POINT('',(11.454368795962,74.030398310151,-237.412977071371));
#3180=CARTESIAN_POINT('Origin',(7.2685888678593,74.030398310153,-231.812983558415));
#3181=CARTESIAN_POINT('Origin',(6.75437530553987,81.9303983101312,-231.298769993732));
#3182=CARTESIAN_POINT('',(6.04726852272898,81.9303983101313,-232.005876773294));
#3183=CARTESIAN_POINT('',(5.75437530553987,81.9303983101313,-231.298769992461));
#3184=CARTESIAN_POINT('Origin',(5.85437530488649,83.73039831013,-231.812983554565));
#3185=CARTESIAN_POINT('',(6.56148208505003,85.5303983101286,-232.520090337977));
#3186=CARTESIAN_POINT('Origin',(5.75437532553403,80.1303983101326,-215.568304385019));
#3187=CARTESIAN_POINT('Origin',(7.26858886786091,85.5303983101285,-231.812983558415));
#3188=CARTESIAN_POINT('Origin',(7.26858893705022,85.530398310128,-177.613020886794));
#3189=CARTESIAN_POINT('',(7.26858893705022,85.530398310128,-176.613020886794));
#3190=CARTESIAN_POINT('Origin',(7.42497559609341,87.3303983101266,-176.613020886794));
#3191=CARTESIAN_POINT('',(30.1543493478935,87.3303983101383,-176.613020886794));
#3192=CARTESIAN_POINT('Origin',(8.15437546615653,87.3303983101378,-196.512983560933));
#3193=CARTESIAN_POINT('',(7.75437534975614,83.730398310135,-196.512983558614));
#3194=CARTESIAN_POINT('',(8.15437546615653,87.3303983101378,-196.512983560933));
#3195=CARTESIAN_POINT('Origin',(8.85437546209788,87.3303983101378,-197.212983564992));
#3196=CARTESIAN_POINT('',(8.85437546209788,87.3303983101378,-197.212983564992));
#3197=CARTESIAN_POINT('Origin',(8.15437546615653,87.3303983101378,-197.912983558614));
#3198=CARTESIAN_POINT('',(8.15437546615653,87.3303983101378,-197.912983558614));
#3199=CARTESIAN_POINT('Origin',(7.75437545803924,87.3303983101378,-197.912983558614));
#3200=CARTESIAN_POINT('',(7.75437534797665,83.730398310135,-197.912983558614));
#3201=CARTESIAN_POINT('Origin',(7.75437532553509,80.1303983101322,-215.568304388705));
#3202=CARTESIAN_POINT('',(7.75437534594295,83.7303983101358,-199.512983558614));
#3203=CARTESIAN_POINT('Origin',(7.75437532553509,80.1303983101322,-215.568304388705));
#3204=CARTESIAN_POINT('',(7.75437535178985,83.7303983101343,-194.912983558614));
#3205=CARTESIAN_POINT('Origin',(8.15437543136813,87.3303983101408,-202.512983560933));
#3206=CARTESIAN_POINT('',(7.75437534212975,83.7303983101365,-202.512983558614));
#3207=CARTESIAN_POINT('',(8.15437543136813,87.3303983101408,-202.512983560933));
#3208=CARTESIAN_POINT('Origin',(8.85437542730948,87.3303983101408,-203.212983564992));
#3209=CARTESIAN_POINT('',(8.85437542730948,87.3303983101408,-203.212983564992));
#3210=CARTESIAN_POINT('Origin',(8.15437543136813,87.3303983101408,-203.912983558614));
#3211=CARTESIAN_POINT('',(8.15437543136813,87.3303983101408,-203.912983558614));
#3212=CARTESIAN_POINT('Origin',(7.75437542325083,87.3303983101408,-203.912983558614));
#3213=CARTESIAN_POINT('',(7.75437534035026,83.7303983101365,-203.912983558614));
#3214=CARTESIAN_POINT('Origin',(7.75437532553509,80.1303983101322,-215.568304388705));
#3215=CARTESIAN_POINT('',(7.75437533831656,83.7303983101372,-205.512983558614));
#3216=CARTESIAN_POINT('Origin',(7.75437532553509,80.1303983101322,-215.568304388705));
#3217=CARTESIAN_POINT('',(7.75437534416346,83.7303983101357,-200.912983558614));
#3218=CARTESIAN_POINT('Origin',(8.15437548355074,87.3303983101364,-193.512983560933));
#3219=CARTESIAN_POINT('',(7.75437535356934,83.7303983101343,-193.512983558614));
#3220=CARTESIAN_POINT('',(8.15437548355074,87.3303983101364,-193.512983560933));
#3221=CARTESIAN_POINT('Origin',(8.85437547949209,87.3303983101364,-194.212983564992));
#3222=CARTESIAN_POINT('',(8.85437547949209,87.3303983101364,-194.212983564992));
#3223=CARTESIAN_POINT('Origin',(8.15437548355074,87.3303983101364,-194.912983558614));
#3224=CARTESIAN_POINT('',(8.15437548355074,87.3303983101364,-194.912983558614));
#3225=CARTESIAN_POINT('Origin',(7.75437547543344,87.3303983101364,-194.912983558614));
#3226=CARTESIAN_POINT('Origin',(7.75437532553509,80.1303983101322,-215.568304388705));
#3227=CARTESIAN_POINT('',(7.75437535560304,83.7303983101335,-191.912983558614));
#3228=CARTESIAN_POINT('Origin',(8.15437553573334,87.330398310132,-184.512983560933));
#3229=CARTESIAN_POINT('',(7.75437536500892,83.7303983101321,-184.512983558614));
#3230=CARTESIAN_POINT('',(8.15437553573334,87.330398310132,-184.512983560933));
#3231=CARTESIAN_POINT('Origin',(8.85437553167469,87.330398310132,-185.212983564992));
#3232=CARTESIAN_POINT('',(8.85437553167469,87.330398310132,-185.212983564992));
#3233=CARTESIAN_POINT('Origin',(8.15437553573334,87.330398310132,-185.912983558614));
#3234=CARTESIAN_POINT('',(8.15437553573334,87.330398310132,-185.912983558614));
#3235=CARTESIAN_POINT('Origin',(7.75437552761605,87.330398310132,-185.912983558614));
#3236=CARTESIAN_POINT('',(7.75437536322943,83.730398310132,-185.912983558614));
#3237=CARTESIAN_POINT('Origin',(7.75437532553509,80.1303983101322,-215.568304388705));
#3238=CARTESIAN_POINT('',(7.75437536119573,83.7303983101328,-187.512983558614));
#3239=CARTESIAN_POINT('Origin',(7.75437532553509,80.1303983101322,-215.568304388705));
#3240=CARTESIAN_POINT('',(7.75437536704263,83.7303983101313,-182.912983558614));
#3241=CARTESIAN_POINT('Origin',(8.15437544876233,87.3303983101393,-199.512983560933));
#3242=CARTESIAN_POINT('',(8.15437544876233,87.3303983101393,-199.512983560933));
#3243=CARTESIAN_POINT('Origin',(8.85437544470368,87.3303983101393,-200.212983564992));
#3244=CARTESIAN_POINT('',(8.85437544470368,87.3303983101393,-200.212983564992));
#3245=CARTESIAN_POINT('Origin',(8.15437544876233,87.3303983101393,-200.912983558614));
#3246=CARTESIAN_POINT('',(8.15437544876233,87.3303983101393,-200.912983558614));
#3247=CARTESIAN_POINT('Origin',(7.75437544064504,87.3303983101393,-200.912983558614));
#3248=CARTESIAN_POINT('Origin',(8.15437537918552,87.3303983101452,-211.512983560933));
#3249=CARTESIAN_POINT('',(7.75437533069017,83.7303983101387,-211.512983558614));
#3250=CARTESIAN_POINT('',(8.15437537918552,87.3303983101452,-211.512983560933));
#3251=CARTESIAN_POINT('Origin',(8.85437537512687,87.3303983101452,-212.212983564992));
#3252=CARTESIAN_POINT('',(8.85437537512687,87.3303983101452,-212.212983564992));
#3253=CARTESIAN_POINT('Origin',(8.15437537918552,87.3303983101452,-212.912983558614));
#3254=CARTESIAN_POINT('',(8.15437537918552,87.3303983101452,-212.912983558614));
#3255=CARTESIAN_POINT('Origin',(7.75437537106823,87.3303983101452,-212.912983558614));
#3256=CARTESIAN_POINT('',(7.75437532891068,83.7303983101387,-212.912983558614));
#3257=CARTESIAN_POINT('Origin',(7.75437532553509,80.1303983101322,-215.568304388705));
#3258=CARTESIAN_POINT('',(7.75437532687697,83.7303983101394,-214.512983558614));
#3259=CARTESIAN_POINT('Origin',(7.75437532553509,80.1303983101322,-215.568304388705));
#3260=CARTESIAN_POINT('',(7.75437533272387,83.7303983101379,-209.912983558614));
#3261=CARTESIAN_POINT('Origin',(8.15437532700292,87.3303983101495,-220.512983560933));
#3262=CARTESIAN_POINT('',(7.75437531925058,83.7303983101409,-220.512983558614));
#3263=CARTESIAN_POINT('',(8.15437532700292,87.3303983101495,-220.512983560933));
#3264=CARTESIAN_POINT('Origin',(8.85437532294427,87.3303983101495,-221.212983564992));
#3265=CARTESIAN_POINT('',(8.85437532294427,87.3303983101495,-221.212983564992));
#3266=CARTESIAN_POINT('Origin',(8.15437532700292,87.3303983101495,-221.912983558614));
#3267=CARTESIAN_POINT('',(8.15437532700292,87.3303983101495,-221.912983558614));
#3268=CARTESIAN_POINT('Origin',(7.75437531888562,87.3303983101495,-221.912983558614));
#3269=CARTESIAN_POINT('',(7.75437531747109,83.7303983101409,-221.912983558614));
#3270=CARTESIAN_POINT('Origin',(7.75437532553509,80.1303983101322,-215.568304388705));
#3271=CARTESIAN_POINT('',(7.75437531543739,83.7303983101416,-223.512983558614));
#3272=CARTESIAN_POINT('Origin',(7.75437532553509,80.1303983101322,-215.568304388705));
#3273=CARTESIAN_POINT('',(7.75437532128429,83.7303983101401,-218.912983558614));
#3274=CARTESIAN_POINT('Origin',(8.15437551833914,87.3303983101334,-187.512983560933));
#3275=CARTESIAN_POINT('',(8.15437551833914,87.3303983101334,-187.512983560933));
#3276=CARTESIAN_POINT('Origin',(8.85437551428049,87.3303983101334,-188.212983564992));
#3277=CARTESIAN_POINT('',(8.85437551428049,87.3303983101334,-188.212983564992));
#3278=CARTESIAN_POINT('Origin',(8.15437551833914,87.3303983101334,-188.912983558614));
#3279=CARTESIAN_POINT('',(8.15437551833914,87.3303983101334,-188.912983558614));
#3280=CARTESIAN_POINT('Origin',(7.75437551022184,87.3303983101334,-188.912983558614));
#3281=CARTESIAN_POINT('',(7.75437535941624,83.7303983101328,-188.912983558614));
#3282=CARTESIAN_POINT('Origin',(7.75437532553509,80.1303983101322,-215.568304388705));
#3283=CARTESIAN_POINT('',(7.75437535738253,83.7303983101336,-190.512983558614));
#3284=CARTESIAN_POINT('Origin',(8.15437550094494,87.3303983101349,-190.512983560933));
#3285=CARTESIAN_POINT('',(8.15437550094494,87.3303983101349,-190.512983560933));
#3286=CARTESIAN_POINT('Origin',(8.85437549688629,87.3303983101349,-191.212983564992));
#3287=CARTESIAN_POINT('',(8.85437549688629,87.3303983101349,-191.212983564992));
#3288=CARTESIAN_POINT('Origin',(8.15437550094494,87.3303983101349,-191.912983558614));
#3289=CARTESIAN_POINT('',(8.15437550094494,87.3303983101349,-191.912983558614));
#3290=CARTESIAN_POINT('Origin',(7.75437549282764,87.3303983101349,-191.912983558614));
#3291=CARTESIAN_POINT('Origin',(8.15437534439712,87.3303983101481,-217.512983560933));
#3292=CARTESIAN_POINT('',(7.75437532306378,83.7303983101401,-217.512983558614));
#3293=CARTESIAN_POINT('',(8.15437534439712,87.3303983101481,-217.512983560933));
#3294=CARTESIAN_POINT('Origin',(8.85437534033847,87.3303983101481,-218.212983564992));
#3295=CARTESIAN_POINT('',(8.85437534033847,87.3303983101481,-218.212983564992));
#3296=CARTESIAN_POINT('Origin',(8.15437534439712,87.3303983101481,-218.912983558614));
#3297=CARTESIAN_POINT('',(8.15437534439712,87.3303983101481,-218.912983558614));
#3298=CARTESIAN_POINT('Origin',(7.75437533627982,87.3303983101481,-218.912983558614));
#3299=CARTESIAN_POINT('Origin',(7.75437532553509,80.1303983101322,-215.568304388705));
#3300=CARTESIAN_POINT('',(7.75437532509748,83.7303983101394,-215.912983558614));
#3301=CARTESIAN_POINT('Origin',(8.15437530960871,87.330398310151,-223.512983560933));
#3302=CARTESIAN_POINT('',(8.15437530960871,87.330398310151,-223.512983560933));
#3303=CARTESIAN_POINT('Origin',(8.85437530555006,87.330398310151,-224.212983564992));
#3304=CARTESIAN_POINT('',(8.85437530555006,87.330398310151,-224.212983564992));
#3305=CARTESIAN_POINT('Origin',(8.15437530960871,87.330398310151,-224.912983558614));
#3306=CARTESIAN_POINT('',(8.15437530960871,87.330398310151,-224.912983558614));
#3307=CARTESIAN_POINT('Origin',(7.75437530149142,87.330398310151,-224.912983558614));
#3308=CARTESIAN_POINT('',(7.7543753136579,83.7303983101416,-224.912983558614));
#3309=CARTESIAN_POINT('Origin',(7.75437532553509,80.1303983101322,-215.568304388705));
#3310=CARTESIAN_POINT('',(7.75437531162419,83.7303983101416,-226.512983558614));
#3311=CARTESIAN_POINT('Origin',(8.15437536179132,87.3303983101466,-214.512983560933));
#3312=CARTESIAN_POINT('',(8.15437536179132,87.3303983101466,-214.512983560933));
#3313=CARTESIAN_POINT('Origin',(8.85437535773267,87.3303983101466,-215.212983564992));
#3314=CARTESIAN_POINT('',(8.85437535773267,87.3303983101466,-215.212983564992));
#3315=CARTESIAN_POINT('Origin',(8.15437536179132,87.3303983101466,-215.912983558614));
#3316=CARTESIAN_POINT('',(8.15437536179132,87.3303983101466,-215.912983558614));
#3317=CARTESIAN_POINT('Origin',(7.75437535367402,87.3303983101466,-215.912983558614));
#3318=CARTESIAN_POINT('Origin',(8.15437539657972,87.3303983101437,-208.512983560933));
#3319=CARTESIAN_POINT('',(7.75437533450336,83.730398310138,-208.512983558614));
#3320=CARTESIAN_POINT('',(8.15437539657972,87.3303983101437,-208.512983560933));
#3321=CARTESIAN_POINT('Origin',(8.85437539252108,87.3303983101437,-209.212983564992));
#3322=CARTESIAN_POINT('',(8.85437539252108,87.3303983101437,-209.212983564992));
#3323=CARTESIAN_POINT('Origin',(8.15437539657972,87.3303983101437,-209.912983558614));
#3324=CARTESIAN_POINT('',(8.15437539657972,87.3303983101437,-209.912983558614));
#3325=CARTESIAN_POINT('Origin',(7.75437538846243,87.3303983101437,-209.912983558614));
#3326=CARTESIAN_POINT('Origin',(7.75437532553509,80.1303983101322,-215.568304388705));
#3327=CARTESIAN_POINT('',(7.75437533653707,83.7303983101372,-206.912983558614));
#3328=CARTESIAN_POINT('Origin',(8.15437555312754,87.3303983101305,-181.512983560933));
#3329=CARTESIAN_POINT('',(7.75437536882212,83.7303983101314,-181.512983558614));
#3330=CARTESIAN_POINT('',(8.15437555312754,87.3303983101305,-181.512983560933));
#3331=CARTESIAN_POINT('Origin',(8.85437554906889,87.3303983101305,-182.212983564992));
#3332=CARTESIAN_POINT('',(8.85437554906889,87.3303983101305,-182.212983564992));
#3333=CARTESIAN_POINT('Origin',(8.15437555312754,87.3303983101305,-182.912983558614));
#3334=CARTESIAN_POINT('',(8.15437555312754,87.3303983101305,-182.912983558614));
#3335=CARTESIAN_POINT('Origin',(7.75437554501025,87.3303983101305,-182.912983558614));
#3336=CARTESIAN_POINT('Origin',(7.75437532553509,80.1303983101322,-215.568304388705));
#3337=CARTESIAN_POINT('',(7.75437537136328,77.0803983118135,-179.513020886794));
#3338=CARTESIAN_POINT('Origin',(8.15437541397393,87.3303983101422,-205.512983560933));
#3339=CARTESIAN_POINT('',(8.15437541397393,87.3303983101422,-205.512983560933));
#3340=CARTESIAN_POINT('Origin',(8.85437540991528,87.3303983101422,-206.212983564992));
#3341=CARTESIAN_POINT('',(8.85437540991528,87.3303983101422,-206.212983564992));
#3342=CARTESIAN_POINT('Origin',(8.15437541397393,87.3303983101422,-206.912983558614));
#3343=CARTESIAN_POINT('',(8.15437541397393,87.3303983101422,-206.912983558614));
#3344=CARTESIAN_POINT('Origin',(7.75437540585663,87.3303983101422,-206.912983558614));
#3345=CARTESIAN_POINT('Origin',(8.15437530960871,87.330398310151,-226.512983560933));
#3346=CARTESIAN_POINT('',(8.15437530960871,87.330398310151,-226.512983560933));
#3347=CARTESIAN_POINT('Origin',(8.85437530555006,87.330398310151,-227.212983564992));
#3348=CARTESIAN_POINT('',(8.85437530555006,87.330398310151,-227.212983564992));
#3349=CARTESIAN_POINT('Origin',(8.15437530960871,87.330398310151,-227.912983558614));
#3350=CARTESIAN_POINT('',(8.15437530960871,87.330398310151,-227.912983558614));
#3351=CARTESIAN_POINT('Origin',(7.75437530149142,87.330398310151,-227.912983558614));
#3352=CARTESIAN_POINT('',(7.7543753098447,83.7303983101416,-227.912983558614));
#3353=CARTESIAN_POINT('Origin',(7.75437532553509,80.1303983101322,-215.568304388705));
#3354=CARTESIAN_POINT('',(7.75437530387055,84.0053983101347,-229.912983558615));
#3355=CARTESIAN_POINT('Origin',(19.6543493478935,81.2689540232848,-190.82501842689));
#3356=CARTESIAN_POINT('',(30.1543493478935,79.7189540232848,-190.82501842689));
#3357=CARTESIAN_POINT('Origin',(30.1543493478935,81.2689540232848,-190.82501842689));
#3358=CARTESIAN_POINT('',(27.2543493478935,79.7189540232848,-190.82501842689));
#3359=CARTESIAN_POINT('',(19.6543493478935,79.7189540232848,-190.82501842689));
#3360=CARTESIAN_POINT('Origin',(27.2543493478935,81.2689540232848,-190.82501842689));
#3361=CARTESIAN_POINT('Origin',(30.1543493478935,87.3303983101499,-179.513020886794));
#3362=CARTESIAN_POINT('Origin',(27.2543493478935,74.0303983101506,-179.513020886794));
#3363=CARTESIAN_POINT('',(27.2543493478935,74.0303983118227,-179.513020886794));
#3364=CARTESIAN_POINT('Origin',(7.42497559609341,74.0303983134948,-179.513020886794));
#3365=CARTESIAN_POINT('Origin',(27.2543493478935,87.3303983101499,-229.912983549177));
#3366=CARTESIAN_POINT('',(27.2543493478935,87.3303983101388,-229.912983583822));
#3367=CARTESIAN_POINT('Origin',(4.52497530387019,87.3303983101277,-229.912983554929));
#3368=UNCERTAINTY_MEASURE_WITH_UNIT(LENGTH_MEASURE(0.01),#3372,
'DISTANCE_ACCURACY_VALUE',
'Maximum model space distance between geometric entities at asserted c
onnectivities');
#3369=UNCERTAINTY_MEASURE_WITH_UNIT(LENGTH_MEASURE(0.01),#3372,
'DISTANCE_ACCURACY_VALUE',
'Maximum model space distance between geometric entities at asserted c
onnectivities');
#3370=(
GEOMETRIC_REPRESENTATION_CONTEXT(3)
GLOBAL_UNCERTAINTY_ASSIGNED_CONTEXT((#3368))
GLOBAL_UNIT_ASSIGNED_CONTEXT((#3372,#3374,#3375))
REPRESENTATION_CONTEXT('','3D')
);
#3371=(
GEOMETRIC_REPRESENTATION_CONTEXT(3)
GLOBAL_UNCERTAINTY_ASSIGNED_CONTEXT((#3369))
GLOBAL_UNIT_ASSIGNED_CONTEXT((#3372,#3374,#3375))
REPRESENTATION_CONTEXT('','3D')
);
#3372=(
LENGTH_UNIT()
NAMED_UNIT(*)
SI_UNIT(.MILLI.,.METRE.)
);
#3373=(
LENGTH_UNIT()
NAMED_UNIT(*)
SI_UNIT($,.METRE.)
);
#3374=(
NAMED_UNIT(*)
PLANE_ANGLE_UNIT()
SI_UNIT($,.RADIAN.)
);
#3375=(
NAMED_UNIT(*)
SI_UNIT($,.STERADIAN.)
SOLID_ANGLE_UNIT()
);
#3376=SHAPE_DEFINITION_REPRESENTATION(#3377,#3378);
#3377=PRODUCT_DEFINITION_SHAPE('',$,#3380);
#3378=SHAPE_REPRESENTATION('',(#2132),#3370);
#3379=PRODUCT_DEFINITION_CONTEXT('part definition',#3384,'design');
#3380=PRODUCT_DEFINITION('back-tab-clamp-right','back-tab-clamp-right',
#3381,#3379);
#3381=PRODUCT_DEFINITION_FORMATION('',$,#3386);
#3382=PRODUCT_RELATED_PRODUCT_CATEGORY('back-tab-clamp-right',
'back-tab-clamp-right',(#3386));
#3383=APPLICATION_PROTOCOL_DEFINITION('international standard',
'automotive_design',2009,#3384);
#3384=APPLICATION_CONTEXT(
'Core Data for Automotive Mechanical Design Process');
#3385=PRODUCT_CONTEXT('part definition',#3384,'mechanical');
#3386=PRODUCT('back-tab-clamp-right','back-tab-clamp-right',$,(#3385));
#3387=PRESENTATION_STYLE_ASSIGNMENT((#3388));
#3388=SURFACE_STYLE_USAGE(.BOTH.,#3389);
#3389=SURFACE_SIDE_STYLE('',(#3390));
#3390=SURFACE_STYLE_FILL_AREA(#3391);
#3391=FILL_AREA_STYLE('Steel - Satin',(#3392));
#3392=FILL_AREA_STYLE_COLOUR('Steel - Satin',#3393);
#3393=COLOUR_RGB('Steel - Satin',0.627450980392157,0.627450980392157,0.627450980392157);
ENDSEC;
END-ISO-10303-21;
