ISO-10303-21;
HEADER;
/* Generated by software containing ST-Developer
 * from STEP Tools, Inc. (www.steptools.com) 
 */

FILE_DESCRIPTION(
/* description */ (''),
/* implementation_level */ '2;1');

FILE_NAME(
/* name */ 'rope-elbow-top (1).step',
/* time_stamp */ '2026-06-23T13:19:52-07:00',
/* author */ (''),
/* organization */ (''),
/* preprocessor_version */ 'ST-DEVELOPER v20.1',
/* originating_system */ 'Autodesk Translation Framework v15.8.0.0',
/* authorisation */ '');

FILE_SCHEMA (('AUTOMOTIVE_DESIGN { 1 0 10303 214 3 1 1 }'));
ENDSEC;

DATA;
#10=MECHANICAL_DESIGN_GEOMETRIC_PRESENTATION_REPRESENTATION('',(#13),#1918);
#11=SHAPE_REPRESENTATION_RELATIONSHIP('SRR','None',#1925,#12);
#12=ADVANCED_BREP_SHAPE_REPRESENTATION('',(#14),#1917);
#13=STYLED_ITEM('',(#1935),#14);
#14=MANIFOLD_SOLID_BREP('Body1',#956);
#15=FACE_BOUND('',#276,.T.);
#16=FACE_BOUND('',#277,.T.);
#17=FACE_BOUND('',#283,.T.);
#18=FACE_BOUND('',#300,.T.);
#19=FACE_BOUND('',#311,.T.);
#20=CYLINDRICAL_SURFACE('',#977,44.);
#21=CYLINDRICAL_SURFACE('',#979,44.);
#22=CYLINDRICAL_SURFACE('',#981,44.);
#23=CYLINDRICAL_SURFACE('',#987,1.7);
#24=CYLINDRICAL_SURFACE('',#989,1.7);
#25=CYLINDRICAL_SURFACE('',#991,44.);
#26=CYLINDRICAL_SURFACE('',#993,1.);
#27=CYLINDRICAL_SURFACE('',#1009,1.);
#28=CYLINDRICAL_SURFACE('',#1021,40.);
#29=CYLINDRICAL_SURFACE('',#1022,50.);
#30=CYLINDRICAL_SURFACE('',#1025,3.05);
#31=CYLINDRICAL_SURFACE('',#1027,0.5);
#32=CYLINDRICAL_SURFACE('',#1029,0.5);
#33=CYLINDRICAL_SURFACE('',#1032,1.);
#34=CYLINDRICAL_SURFACE('',#1034,1.);
#35=CYLINDRICAL_SURFACE('',#1040,2.00000000000075);
#36=CYLINDRICAL_SURFACE('',#1045,3.05);
#37=CYLINDRICAL_SURFACE('',#1047,2.00000000000002);
#38=CYLINDRICAL_SURFACE('',#1052,2.);
#39=CYLINDRICAL_SURFACE('',#1053,1.99999999999999);
#40=CYLINDRICAL_SURFACE('',#1056,44.);
#41=LINE('',#1446,#115);
#42=LINE('',#1448,#116);
#43=LINE('',#1450,#117);
#44=LINE('',#1452,#118);
#45=LINE('',#1454,#119);
#46=LINE('',#1460,#120);
#47=LINE('',#1463,#121);
#48=LINE('',#1465,#122);
#49=LINE('',#1467,#123);
#50=LINE('',#1469,#124);
#51=LINE('',#1470,#125);
#52=LINE('',#1473,#126);
#53=LINE('',#1500,#127);
#54=LINE('',#1546,#128);
#55=LINE('',#1548,#129);
#56=LINE('',#1550,#130);
#57=LINE('',#1551,#131);
#58=LINE('',#1683,#132);
#59=LINE('',#1705,#133);
#60=LINE('',#1709,#134);
#61=LINE('',#1711,#135);
#62=LINE('',#1713,#136);
#63=LINE('',#1715,#137);
#64=LINE('',#1716,#138);
#65=LINE('',#1722,#139);
#66=LINE('',#1725,#140);
#67=LINE('',#1728,#141);
#68=LINE('',#1730,#142);
#69=LINE('',#1734,#143);
#70=LINE('',#1736,#144);
#71=LINE('',#1740,#145);
#72=LINE('',#1748,#146);
#73=LINE('',#1752,#147);
#74=LINE('',#1755,#148);
#75=LINE('',#1757,#149);
#76=LINE('',#1761,#150);
#77=LINE('',#1764,#151);
#78=LINE('',#1765,#152);
#79=LINE('',#1770,#153);
#80=LINE('',#1772,#154);
#81=LINE('',#1774,#155);
#82=LINE('',#1775,#156);
#83=LINE('',#1778,#157);
#84=LINE('',#1781,#158);
#85=LINE('',#1786,#159);
#86=LINE('',#1790,#160);
#87=LINE('',#1797,#161);
#88=LINE('',#1798,#162);
#89=LINE('',#1801,#163);
#90=LINE('',#1805,#164);
#91=LINE('',#1807,#165);
#92=LINE('',#1845,#166);
#93=LINE('',#1848,#167);
#94=LINE('',#1852,#168);
#95=LINE('',#1855,#169);
#96=LINE('',#1861,#170);
#97=LINE('',#1865,#171);
#98=LINE('',#1867,#172);
#99=LINE('',#1869,#173);
#100=LINE('',#1871,#174);
#101=LINE('',#1872,#175);
#102=LINE('',#1874,#176);
#103=LINE('',#1876,#177);
#104=LINE('',#1879,#178);
#105=LINE('',#1880,#179);
#106=LINE('',#1882,#180);
#107=LINE('',#1884,#181);
#108=LINE('',#1888,#182);
#109=LINE('',#1889,#183);
#110=LINE('',#1890,#184);
#111=LINE('',#1898,#185);
#112=LINE('',#1900,#186);
#113=LINE('',#1902,#187);
#114=LINE('',#1903,#188);
#115=VECTOR('',#1072,10.);
#116=VECTOR('',#1073,10.);
#117=VECTOR('',#1074,10.);
#118=VECTOR('',#1075,10.);
#119=VECTOR('',#1076,10.);
#120=VECTOR('',#1077,10.);
#121=VECTOR('',#1080,10.);
#122=VECTOR('',#1081,10.);
#123=VECTOR('',#1082,10.);
#124=VECTOR('',#1083,10.);
#125=VECTOR('',#1084,10.);
#126=VECTOR('',#1087,10.);
#127=VECTOR('',#1094,10.);
#128=VECTOR('',#1101,10.);
#129=VECTOR('',#1102,10.);
#130=VECTOR('',#1103,10.);
#131=VECTOR('',#1104,10.);
#132=VECTOR('',#1115,1.7);
#133=VECTOR('',#1120,1.7);
#134=VECTOR('',#1125,10.);
#135=VECTOR('',#1126,10.);
#136=VECTOR('',#1127,10.);
#137=VECTOR('',#1128,10.);
#138=VECTOR('',#1129,10.);
#139=VECTOR('',#1134,10.);
#140=VECTOR('',#1137,10.);
#141=VECTOR('',#1140,10.);
#142=VECTOR('',#1141,10.);
#143=VECTOR('',#1144,10.);
#144=VECTOR('',#1145,10.);
#145=VECTOR('',#1148,10.);
#146=VECTOR('',#1155,10.);
#147=VECTOR('',#1158,10.);
#148=VECTOR('',#1161,10.);
#149=VECTOR('',#1164,10.);
#150=VECTOR('',#1169,10.);
#151=VECTOR('',#1172,10.);
#152=VECTOR('',#1173,10.);
#153=VECTOR('',#1176,10.);
#154=VECTOR('',#1177,10.);
#155=VECTOR('',#1178,10.);
#156=VECTOR('',#1179,10.);
#157=VECTOR('',#1182,10.);
#158=VECTOR('',#1185,10.);
#159=VECTOR('',#1190,10.);
#160=VECTOR('',#1193,10.);
#161=VECTOR('',#1200,10.);
#162=VECTOR('',#1201,10.);
#163=VECTOR('',#1204,10.);
#164=VECTOR('',#1211,10.);
#165=VECTOR('',#1214,10.);
#166=VECTOR('',#1215,10.);
#167=VECTOR('',#1218,10.);
#168=VECTOR('',#1221,10.);
#169=VECTOR('',#1224,10.);
#170=VECTOR('',#1233,10.);
#171=VECTOR('',#1238,10.);
#172=VECTOR('',#1241,10.);
#173=VECTOR('',#1242,10.);
#174=VECTOR('',#1243,10.);
#175=VECTOR('',#1244,10.);
#176=VECTOR('',#1247,10.);
#177=VECTOR('',#1250,10.);
#178=VECTOR('',#1255,10.);
#179=VECTOR('',#1256,10.);
#180=VECTOR('',#1259,10.);
#181=VECTOR('',#1262,10.);
#182=VECTOR('',#1267,10.);
#183=VECTOR('',#1268,10.);
#184=VECTOR('',#1269,10.);
#185=VECTOR('',#1282,3.05);
#186=VECTOR('',#1285,10.);
#187=VECTOR('',#1286,10.);
#188=VECTOR('',#1287,10.);
#189=PLANE('',#975);
#190=PLANE('',#976);
#191=PLANE('',#983);
#192=PLANE('',#992);
#193=PLANE('',#996);
#194=PLANE('',#1004);
#195=PLANE('',#1007);
#196=PLANE('',#1011);
#197=PLANE('',#1017);
#198=PLANE('',#1020);
#199=PLANE('',#1031);
#200=PLANE('',#1033);
#201=PLANE('',#1035);
#202=PLANE('',#1036);
#203=PLANE('',#1037);
#204=PLANE('',#1038);
#205=PLANE('',#1039);
#206=PLANE('',#1042);
#207=PLANE('',#1043);
#208=PLANE('',#1046);
#209=PLANE('',#1049);
#210=PLANE('',#1050);
#211=PLANE('',#1055);
#212=PLANE('',#1057);
#213=FACE_OUTER_BOUND('',#260,.T.);
#214=FACE_OUTER_BOUND('',#261,.T.);
#215=FACE_OUTER_BOUND('',#262,.T.);
#216=FACE_OUTER_BOUND('',#263,.T.);
#217=FACE_OUTER_BOUND('',#264,.T.);
#218=FACE_OUTER_BOUND('',#265,.T.);
#219=FACE_OUTER_BOUND('',#266,.T.);
#220=FACE_OUTER_BOUND('',#267,.T.);
#221=FACE_OUTER_BOUND('',#268,.T.);
#222=FACE_OUTER_BOUND('',#269,.T.);
#223=FACE_OUTER_BOUND('',#270,.T.);
#224=FACE_OUTER_BOUND('',#271,.T.);
#225=FACE_OUTER_BOUND('',#272,.T.);
#226=FACE_OUTER_BOUND('',#273,.T.);
#227=FACE_OUTER_BOUND('',#274,.T.);
#228=FACE_OUTER_BOUND('',#275,.T.);
#229=FACE_OUTER_BOUND('',#278,.T.);
#230=FACE_OUTER_BOUND('',#279,.T.);
#231=FACE_OUTER_BOUND('',#280,.T.);
#232=FACE_OUTER_BOUND('',#281,.T.);
#233=FACE_OUTER_BOUND('',#282,.T.);
#234=FACE_OUTER_BOUND('',#284,.T.);
#235=FACE_OUTER_BOUND('',#285,.T.);
#236=FACE_OUTER_BOUND('',#286,.T.);
#237=FACE_OUTER_BOUND('',#287,.T.);
#238=FACE_OUTER_BOUND('',#288,.T.);
#239=FACE_OUTER_BOUND('',#289,.T.);
#240=FACE_OUTER_BOUND('',#290,.T.);
#241=FACE_OUTER_BOUND('',#291,.T.);
#242=FACE_OUTER_BOUND('',#292,.T.);
#243=FACE_OUTER_BOUND('',#293,.T.);
#244=FACE_OUTER_BOUND('',#294,.T.);
#245=FACE_OUTER_BOUND('',#295,.T.);
#246=FACE_OUTER_BOUND('',#296,.T.);
#247=FACE_OUTER_BOUND('',#297,.T.);
#248=FACE_OUTER_BOUND('',#298,.T.);
#249=FACE_OUTER_BOUND('',#299,.T.);
#250=FACE_OUTER_BOUND('',#301,.T.);
#251=FACE_OUTER_BOUND('',#302,.T.);
#252=FACE_OUTER_BOUND('',#303,.T.);
#253=FACE_OUTER_BOUND('',#304,.T.);
#254=FACE_OUTER_BOUND('',#305,.T.);
#255=FACE_OUTER_BOUND('',#306,.T.);
#256=FACE_OUTER_BOUND('',#307,.T.);
#257=FACE_OUTER_BOUND('',#308,.T.);
#258=FACE_OUTER_BOUND('',#309,.T.);
#259=FACE_OUTER_BOUND('',#310,.T.);
#260=EDGE_LOOP('',(#621,#622,#623,#624,#625,#626,#627,#628,#629,#630,#631,
#632,#633,#634));
#261=EDGE_LOOP('',(#635,#636,#637,#638,#639,#640,#641,#642));
#262=EDGE_LOOP('',(#643,#644,#645,#646,#647,#648));
#263=EDGE_LOOP('',(#649,#650,#651,#652));
#264=EDGE_LOOP('',(#653,#654,#655,#656,#657));
#265=EDGE_LOOP('',(#658,#659,#660,#661,#662));
#266=EDGE_LOOP('',(#663,#664,#665,#666,#667,#668));
#267=EDGE_LOOP('',(#669,#670,#671,#672,#673,#674,#675,#676,#677,#678,#679,
#680,#681,#682,#683));
#268=EDGE_LOOP('',(#684,#685,#686,#687,#688,#689,#690,#691,#692));
#269=EDGE_LOOP('',(#693,#694,#695,#696,#697,#698,#699,#700));
#270=EDGE_LOOP('',(#701,#702,#703,#704));
#271=EDGE_LOOP('',(#705,#706,#707,#708,#709,#710,#711,#712));
#272=EDGE_LOOP('',(#713,#714,#715,#716));
#273=EDGE_LOOP('',(#717,#718,#719,#720,#721,#722,#723,#724,#725,#726,#727,
#728,#729,#730,#731,#732));
#274=EDGE_LOOP('',(#733,#734,#735,#736,#737,#738,#739,#740));
#275=EDGE_LOOP('',(#741,#742,#743,#744));
#276=EDGE_LOOP('',(#745));
#277=EDGE_LOOP('',(#746,#747,#748,#749));
#278=EDGE_LOOP('',(#750,#751,#752,#753));
#279=EDGE_LOOP('',(#754,#755,#756,#757,#758,#759,#760,#761,#762,#763,#764,
#765,#766,#767,#768,#769));
#280=EDGE_LOOP('',(#770,#771,#772,#773,#774,#775,#776,#777));
#281=EDGE_LOOP('',(#778,#779,#780,#781));
#282=EDGE_LOOP('',(#782,#783,#784,#785));
#283=EDGE_LOOP('',(#786,#787));
#284=EDGE_LOOP('',(#788,#789,#790,#791,#792,#793,#794,#795));
#285=EDGE_LOOP('',(#796,#797));
#286=EDGE_LOOP('',(#798,#799,#800,#801));
#287=EDGE_LOOP('',(#802,#803,#804,#805));
#288=EDGE_LOOP('',(#806,#807,#808,#809,#810,#811,#812,#813));
#289=EDGE_LOOP('',(#814,#815,#816,#817));
#290=EDGE_LOOP('',(#818,#819,#820,#821));
#291=EDGE_LOOP('',(#822,#823,#824,#825));
#292=EDGE_LOOP('',(#826,#827,#828,#829));
#293=EDGE_LOOP('',(#830,#831,#832,#833,#834,#835));
#294=EDGE_LOOP('',(#836,#837,#838,#839,#840,#841));
#295=EDGE_LOOP('',(#842,#843,#844,#845));
#296=EDGE_LOOP('',(#846,#847,#848,#849,#850,#851));
#297=EDGE_LOOP('',(#852,#853,#854,#855));
#298=EDGE_LOOP('',(#856,#857,#858,#859,#860));
#299=EDGE_LOOP('',(#861));
#300=EDGE_LOOP('',(#862));
#301=EDGE_LOOP('',(#863,#864,#865,#866));
#302=EDGE_LOOP('',(#867,#868,#869,#870,#871,#872));
#303=EDGE_LOOP('',(#873,#874,#875,#876));
#304=EDGE_LOOP('',(#877,#878,#879,#880,#881));
#305=EDGE_LOOP('',(#882,#883,#884,#885,#886));
#306=EDGE_LOOP('',(#887,#888,#889,#890));
#307=EDGE_LOOP('',(#891,#892,#893,#894));
#308=EDGE_LOOP('',(#895,#896,#897,#898,#899));
#309=EDGE_LOOP('',(#900,#901,#902,#903));
#310=EDGE_LOOP('',(#904,#905));
#311=EDGE_LOOP('',(#906));
#312=CIRCLE('',#971,44.);
#313=CIRCLE('',#972,44.);
#314=CIRCLE('',#973,44.);
#315=CIRCLE('',#974,44.);
#316=CIRCLE('',#978,44.);
#317=CIRCLE('',#980,44.);
#318=CIRCLE('',#982,44.);
#319=CIRCLE('',#985,44.);
#320=CIRCLE('',#986,44.);
#321=CIRCLE('',#988,1.7);
#322=CIRCLE('',#990,1.7);
#323=CIRCLE('',#994,1.);
#324=CIRCLE('',#995,1.);
#325=CIRCLE('',#997,44.);
#326=CIRCLE('',#998,1.);
#327=CIRCLE('',#999,40.);
#328=CIRCLE('',#1000,50.);
#329=CIRCLE('',#1001,0.5);
#330=CIRCLE('',#1002,1.);
#331=CIRCLE('',#1003,1.);
#332=CIRCLE('',#1005,2.);
#333=CIRCLE('',#1006,1.99999999999999);
#334=CIRCLE('',#1008,3.05);
#335=CIRCLE('',#1010,1.);
#336=CIRCLE('',#1012,1.);
#337=CIRCLE('',#1013,1.);
#338=CIRCLE('',#1014,0.5);
#339=CIRCLE('',#1015,50.);
#340=CIRCLE('',#1016,40.);
#341=CIRCLE('',#1018,2.00000000000075);
#342=CIRCLE('',#1019,2.00000000000002);
#343=CIRCLE('',#1023,50.);
#344=CIRCLE('',#1024,50.);
#345=CIRCLE('',#1026,3.05);
#346=CIRCLE('',#1028,0.5);
#347=CIRCLE('',#1030,0.5);
#348=CIRCLE('',#1041,2.00000000000075);
#349=CIRCLE('',#1044,3.05);
#350=CIRCLE('',#1048,2.00000000000002);
#351=CIRCLE('',#1051,2.);
#352=CIRCLE('',#1054,1.99999999999999);
#353=B_SPLINE_CURVE_WITH_KNOTS('',3,(#1314,#1315,#1316,#1317),
 .UNSPECIFIED.,.F.,.F.,(4,4),(0.,0.0497065706811452),.UNSPECIFIED.);
#354=B_SPLINE_CURVE_WITH_KNOTS('',3,(#1321,#1322,#1323,#1324,#1325,#1326,
#1327,#1328,#1329,#1330,#1331,#1332,#1333,#1334,#1335,#1336,#1337,#1338,
#1339,#1340,#1341,#1342,#1343,#1344,#1345,#1346,#1347,#1348,#1349,#1350),
 .UNSPECIFIED.,.F.,.F.,(4,2,2,2,2,2,2,2,2,2,2,2,2,2,4),(0.0900886020194599,
0.0917054749563426,0.121246291505678,0.146337370559444,0.162970450183532,
0.168986658751539,0.172748419987058,0.176163612787022,0.180494626059115,
0.18847195376579,0.197490509247787,0.207390281773413,0.219878545044897,
0.237788741010431,0.247637535549918),.UNSPECIFIED.);
#355=B_SPLINE_CURVE_WITH_KNOTS('',3,(#1354,#1355,#1356,#1357,#1358,#1359,
#1360,#1361,#1362,#1363,#1364,#1365,#1366,#1367,#1368,#1369,#1370,#1371,
#1372,#1373,#1374,#1375,#1376,#1377,#1378,#1379,#1380,#1381),
 .UNSPECIFIED.,.F.,.F.,(4,2,2,2,2,2,2,2,2,2,2,2,2,4),(0.0602642401156731,
0.0741440872686725,0.0915586799767549,0.10463680235011,0.115630654904514,
0.125768638409824,0.130690743357972,0.134317000743177,0.138072481071553,
0.143623036323597,0.155699902435842,0.184297852877139,0.211374080192357,
0.21853981300369),.UNSPECIFIED.);
#356=B_SPLINE_CURVE_WITH_KNOTS('',3,(#1385,#1386,#1387,#1388),
 .UNSPECIFIED.,.F.,.F.,(4,4),(-0.0497065706858338,0.),.UNSPECIFIED.);
#357=B_SPLINE_CURVE_WITH_KNOTS('',3,(#1390,#1391,#1392,#1393,#1394,#1395,
#1396,#1397,#1398,#1399),.UNSPECIFIED.,.F.,.F.,(4,2,2,2,4),(1.19990317078168,
1.2995925187612,1.39956230103636,1.49952830830442,1.59949138449585),
 .UNSPECIFIED.);
#358=B_SPLINE_CURVE_WITH_KNOTS('',3,(#1401,#1402,#1403,#1404,#1405,#1406,
#1407,#1408,#1409,#1410),.UNSPECIFIED.,.F.,.F.,(4,2,2,2,4),(0.,0.0999630761914363,
0.199929083459496,0.299898865734655,0.39958821371418),.UNSPECIFIED.);
#359=B_SPLINE_CURVE_WITH_KNOTS('',3,(#1412,#1413,#1414,#1415),
 .UNSPECIFIED.,.F.,.F.,(4,4),(3.20122325269727,3.25092982338311),
 .UNSPECIFIED.);
#360=B_SPLINE_CURVE_WITH_KNOTS('',3,(#1419,#1420,#1421,#1422),
 .UNSPECIFIED.,.F.,.F.,(4,4),(3.15151659570804,3.20122316638918),
 .UNSPECIFIED.);
#361=B_SPLINE_CURVE_WITH_KNOTS('',3,(#1424,#1425,#1426,#1427,#1428,#1429,
#1430,#1431,#1432,#1433),.UNSPECIFIED.,.F.,.F.,(4,2,2,2,4),(1.19990318578084,
1.29959251876119,1.39956230103635,1.49952830830442,1.59949138449585),
 .UNSPECIFIED.);
#362=B_SPLINE_CURVE_WITH_KNOTS('',3,(#1434,#1435,#1436,#1437,#1438,#1439,
#1440,#1441,#1442,#1443),.UNSPECIFIED.,.F.,.F.,(4,2,2,2,4),(0.,0.0999630761914385,
0.199929083459491,0.299898865734652,0.399588198725596),.UNSPECIFIED.);
#363=B_SPLINE_CURVE_WITH_KNOTS('',3,(#1456,#1457,#1458,#1459),
 .UNSPECIFIED.,.F.,.F.,(4,4),(3.15151659578326,3.20122316646008),
 .UNSPECIFIED.);
#364=B_SPLINE_CURVE_WITH_KNOTS('',3,(#1477,#1478,#1479,#1480,#1481,#1482,
#1483,#1484,#1485,#1486),.UNSPECIFIED.,.F.,.F.,(4,2,2,2,4),(0.832917147841298,
0.857902923831515,0.925283753531064,0.989118741767856,1.05295373000465),
 .UNSPECIFIED.);
#365=B_SPLINE_CURVE_WITH_KNOTS('',3,(#1488,#1489,#1490,#1491,#1492,#1493,
#1494,#1495,#1496,#1497),.UNSPECIFIED.,.F.,.F.,(4,2,2,2,4),(0.,0.0646310074406795,
0.129262014881359,0.195848019826275,0.220392705394372),.UNSPECIFIED.);
#366=B_SPLINE_CURVE_WITH_KNOTS('',3,(#1503,#1504,#1505,#1506,#1507,#1508,
#1509,#1510,#1511,#1512),.UNSPECIFIED.,.F.,.F.,(4,2,2,2,4),(0.,0.0649671361730971,
0.129934272346194,0.197034233892053,0.221602384263122),.UNSPECIFIED.);
#367=B_SPLINE_CURVE_WITH_KNOTS('',3,(#1514,#1515,#1516,#1517,#1518,#1519,
#1520,#1521,#1522,#1523),.UNSPECIFIED.,.F.,.F.,(4,2,2,2,4),(0.831386587532967,
0.857299855009842,0.925449053045674,0.98936392911713,1.05327880518858),
 .UNSPECIFIED.);
#368=B_SPLINE_CURVE_WITH_KNOTS('',3,(#1526,#1527,#1528,#1529,#1530,#1531,
#1532,#1533,#1534,#1535,#1536,#1537,#1538,#1539,#1540,#1541,#1542,#1543),
 .UNSPECIFIED.,.F.,.F.,(4,2,2,2,2,2,2,2,4),(0.304611973408781,0.329500345581678,
0.396566666392165,0.461523842374033,0.5264810183559,0.590397324878792,0.654313631401683,
0.722417862766825,0.747980656086975),.UNSPECIFIED.);
#369=B_SPLINE_CURVE_WITH_KNOTS('',3,(#1554,#1555,#1556,#1557,#1558,#1559,
#1560,#1561,#1562,#1563),.UNSPECIFIED.,.F.,.F.,(4,2,2,2,4),(1.19990318576847,
1.29959251876119,1.39956230103635,1.49952830830442,1.59949138449585),
 .UNSPECIFIED.);
#370=B_SPLINE_CURVE_WITH_KNOTS('',3,(#1565,#1566,#1567,#1568,#1569,#1570,
#1571,#1572,#1573,#1574),.UNSPECIFIED.,.F.,.F.,(4,2,2,2,4),(0.,0.0999630761914385,
0.199929083459491,0.299898865734652,0.39958819873641),.UNSPECIFIED.);
#371=B_SPLINE_CURVE_WITH_KNOTS('',3,(#1576,#1577,#1578,#1579),
 .UNSPECIFIED.,.F.,.F.,(4,4),(0.,0.0497065706768373),.UNSPECIFIED.);
#372=B_SPLINE_CURVE_WITH_KNOTS('',3,(#1583,#1584,#1585,#1586),
 .UNSPECIFIED.,.F.,.F.,(4,4),(-0.0496247537305173,0.),.UNSPECIFIED.);
#373=B_SPLINE_CURVE_WITH_KNOTS('',3,(#1588,#1589,#1590,#1591,#1592,#1593,
#1594,#1595,#1596,#1597),.UNSPECIFIED.,.F.,.F.,(4,2,2,2,4),(1.19990317078147,
1.2995925187612,1.39956230103636,1.49952830830442,1.59949138449585),
 .UNSPECIFIED.);
#374=B_SPLINE_CURVE_WITH_KNOTS('',3,(#1599,#1600,#1601,#1602,#1603,#1604,
#1605,#1606,#1607,#1608),.UNSPECIFIED.,.F.,.F.,(4,2,2,2,4),(0.,0.0999630761914363,
0.199929083459496,0.299898865734655,0.399588213714392),.UNSPECIFIED.);
#375=B_SPLINE_CURVE_WITH_KNOTS('',3,(#1609,#1610,#1611,#1612),
 .UNSPECIFIED.,.F.,.F.,(4,4),(3.12908046350359,3.17870521727335),
 .UNSPECIFIED.);
#376=B_SPLINE_CURVE_WITH_KNOTS('',3,(#1613,#1614,#1615,#1616,#1617,#1618,
#1619,#1620,#1621,#1622,#1623,#1624,#1625,#1626,#1627,#1628,#1629,#1630,
#1631,#1632,#1633,#1634,#1635,#1636,#1637,#1638,#1639,#1640,#1641,#1642,
#1643),.UNSPECIFIED.,.F.,.F.,(4,2,2,2,3,2,2,2,2,2,2,2,2,2,4),(0.25178771118768,
0.268630151095044,0.289693607680418,0.30230401772201,0.318467956145916,
0.329268963631952,0.333964180402188,0.337325070639418,0.340723489567169,
0.345597017904345,0.355108938086734,0.363949441713914,0.374241770221493,
0.388001809493227,0.407824129622766),.UNSPECIFIED.);
#377=B_SPLINE_CURVE_WITH_KNOTS('',3,(#1645,#1646,#1647,#1648,#1649,#1650,
#1651,#1652,#1653,#1654,#1655,#1656,#1657,#1658,#1659),.UNSPECIFIED.,.F.,
 .F.,(4,2,2,3,2,2,4),(0.28839455601045,0.291762923447918,0.297197202769096,
0.306383774999869,0.331691410475411,0.356323454299699,0.366231396816772),
 .UNSPECIFIED.);
#378=B_SPLINE_CURVE_WITH_KNOTS('',3,(#1661,#1662,#1663,#1664,#1665,#1666,
#1667,#1668,#1669,#1670,#1671,#1672,#1673,#1674,#1675,#1676,#1677,#1678),
 .UNSPECIFIED.,.F.,.F.,(4,2,2,2,2,2,2,2,4),(0.216440479809249,0.234692671940794,
0.250669954060256,0.262276344159769,0.272351922323572,0.280681976393495,
0.284932361272172,0.288233335502783,0.28839455601045),.UNSPECIFIED.);
#379=B_SPLINE_CURVE_WITH_KNOTS('',3,(#1684,#1685,#1686,#1687,#1688,#1689,
#1690,#1691,#1692,#1693,#1694,#1695,#1696,#1697,#1698,#1699,#1700,#1701),
 .UNSPECIFIED.,.F.,.F.,(4,2,2,2,2,2,2,2,4),(0.306526435792804,0.330750401804465,
0.39736660817102,0.462005129131699,0.526643650092379,0.590476527426527,
0.654309404760675,0.721730030867342,0.747060068807067),.UNSPECIFIED.);
#380=B_SPLINE_CURVE_WITH_KNOTS('',3,(#1810,#1811,#1812,#1813,#1814,#1815,
#1816,#1817,#1818,#1819,#1820,#1821,#1822,#1823,#1824,#1825,#1826,#1827,
#1828,#1829,#1830,#1831,#1832,#1833,#1834,#1835,#1836,#1837,#1838,#1839,
#1840,#1841,#1842,#1843,#1844),.UNSPECIFIED.,.F.,.F.,(4,2,2,2,2,2,2,2,3,
2,2,2,2,2,2,2,4),(1.01581814277656,1.04825781205908,1.16313082368947,1.28259661433154,
1.40206240497361,1.51973834531832,1.63741428566303,1.7520919432602,1.86676960085737,
1.98144725845455,2.09612491605172,2.21380085639643,2.33147679674114,2.45094258738321,
2.57040837802528,2.68528138965567,2.71772105893815),.UNSPECIFIED.);
#381=VERTEX_POINT('',#1312);
#382=VERTEX_POINT('',#1313);
#383=VERTEX_POINT('',#1318);
#384=VERTEX_POINT('',#1320);
#385=VERTEX_POINT('',#1351);
#386=VERTEX_POINT('',#1353);
#387=VERTEX_POINT('',#1382);
#388=VERTEX_POINT('',#1384);
#389=VERTEX_POINT('',#1389);
#390=VERTEX_POINT('',#1400);
#391=VERTEX_POINT('',#1411);
#392=VERTEX_POINT('',#1416);
#393=VERTEX_POINT('',#1418);
#394=VERTEX_POINT('',#1423);
#395=VERTEX_POINT('',#1445);
#396=VERTEX_POINT('',#1447);
#397=VERTEX_POINT('',#1449);
#398=VERTEX_POINT('',#1451);
#399=VERTEX_POINT('',#1453);
#400=VERTEX_POINT('',#1455);
#401=VERTEX_POINT('',#1462);
#402=VERTEX_POINT('',#1464);
#403=VERTEX_POINT('',#1466);
#404=VERTEX_POINT('',#1468);
#405=VERTEX_POINT('',#1472);
#406=VERTEX_POINT('',#1476);
#407=VERTEX_POINT('',#1487);
#408=VERTEX_POINT('',#1498);
#409=VERTEX_POINT('',#1502);
#410=VERTEX_POINT('',#1513);
#411=VERTEX_POINT('',#1524);
#412=VERTEX_POINT('',#1545);
#413=VERTEX_POINT('',#1547);
#414=VERTEX_POINT('',#1549);
#415=VERTEX_POINT('',#1553);
#416=VERTEX_POINT('',#1564);
#417=VERTEX_POINT('',#1575);
#418=VERTEX_POINT('',#1580);
#419=VERTEX_POINT('',#1582);
#420=VERTEX_POINT('',#1587);
#421=VERTEX_POINT('',#1598);
#422=VERTEX_POINT('',#1644);
#423=VERTEX_POINT('',#1660);
#424=VERTEX_POINT('',#1681);
#425=VERTEX_POINT('',#1703);
#426=VERTEX_POINT('',#1708);
#427=VERTEX_POINT('',#1710);
#428=VERTEX_POINT('',#1712);
#429=VERTEX_POINT('',#1714);
#430=VERTEX_POINT('',#1718);
#431=VERTEX_POINT('',#1719);
#432=VERTEX_POINT('',#1721);
#433=VERTEX_POINT('',#1723);
#434=VERTEX_POINT('',#1727);
#435=VERTEX_POINT('',#1729);
#436=VERTEX_POINT('',#1731);
#437=VERTEX_POINT('',#1733);
#438=VERTEX_POINT('',#1735);
#439=VERTEX_POINT('',#1737);
#440=VERTEX_POINT('',#1739);
#441=VERTEX_POINT('',#1741);
#442=VERTEX_POINT('',#1743);
#443=VERTEX_POINT('',#1745);
#444=VERTEX_POINT('',#1747);
#445=VERTEX_POINT('',#1749);
#446=VERTEX_POINT('',#1751);
#447=VERTEX_POINT('',#1753);
#448=VERTEX_POINT('',#1759);
#449=VERTEX_POINT('',#1763);
#450=VERTEX_POINT('',#1766);
#451=VERTEX_POINT('',#1768);
#452=VERTEX_POINT('',#1769);
#453=VERTEX_POINT('',#1771);
#454=VERTEX_POINT('',#1773);
#455=VERTEX_POINT('',#1777);
#456=VERTEX_POINT('',#1779);
#457=VERTEX_POINT('',#1783);
#458=VERTEX_POINT('',#1785);
#459=VERTEX_POINT('',#1787);
#460=VERTEX_POINT('',#1789);
#461=VERTEX_POINT('',#1791);
#462=VERTEX_POINT('',#1793);
#463=VERTEX_POINT('',#1795);
#464=VERTEX_POINT('',#1800);
#465=VERTEX_POINT('',#1808);
#466=VERTEX_POINT('',#1809);
#467=VERTEX_POINT('',#1847);
#468=VERTEX_POINT('',#1849);
#469=VERTEX_POINT('',#1851);
#470=VERTEX_POINT('',#1853);
#471=VERTEX_POINT('',#1859);
#472=VERTEX_POINT('',#1863);
#473=VERTEX_POINT('',#1868);
#474=VERTEX_POINT('',#1870);
#475=VERTEX_POINT('',#1887);
#476=VERTEX_POINT('',#1895);
#477=VERTEX_POINT('',#1901);
#478=EDGE_CURVE('',#381,#382,#353,.T.);
#479=EDGE_CURVE('',#383,#381,#312,.T.);
#480=EDGE_CURVE('',#384,#383,#354,.T.);
#481=EDGE_CURVE('',#385,#384,#313,.T.);
#482=EDGE_CURVE('',#386,#385,#355,.T.);
#483=EDGE_CURVE('',#387,#386,#314,.T.);
#484=EDGE_CURVE('',#388,#387,#356,.T.);
#485=EDGE_CURVE('',#388,#389,#357,.T.);
#486=EDGE_CURVE('',#389,#390,#358,.T.);
#487=EDGE_CURVE('',#391,#390,#359,.T.);
#488=EDGE_CURVE('',#392,#391,#315,.T.);
#489=EDGE_CURVE('',#393,#392,#360,.T.);
#490=EDGE_CURVE('',#393,#394,#361,.T.);
#491=EDGE_CURVE('',#394,#382,#362,.T.);
#492=EDGE_CURVE('',#395,#382,#41,.T.);
#493=EDGE_CURVE('',#395,#396,#42,.T.);
#494=EDGE_CURVE('',#397,#396,#43,.T.);
#495=EDGE_CURVE('',#398,#397,#44,.T.);
#496=EDGE_CURVE('',#399,#398,#45,.T.);
#497=EDGE_CURVE('',#399,#400,#363,.T.);
#498=EDGE_CURVE('',#400,#381,#46,.T.);
#499=EDGE_CURVE('',#393,#401,#47,.T.);
#500=EDGE_CURVE('',#392,#402,#48,.T.);
#501=EDGE_CURVE('',#402,#403,#49,.T.);
#502=EDGE_CURVE('',#404,#403,#50,.T.);
#503=EDGE_CURVE('',#401,#404,#51,.T.);
#504=EDGE_CURVE('',#405,#391,#52,.T.);
#505=EDGE_CURVE('',#402,#405,#316,.T.);
#506=EDGE_CURVE('',#386,#406,#364,.T.);
#507=EDGE_CURVE('',#406,#407,#365,.T.);
#508=EDGE_CURVE('',#407,#408,#317,.T.);
#509=EDGE_CURVE('',#387,#408,#53,.T.);
#510=EDGE_CURVE('',#384,#409,#366,.F.);
#511=EDGE_CURVE('',#409,#410,#367,.F.);
#512=EDGE_CURVE('',#410,#411,#318,.T.);
#513=EDGE_CURVE('',#411,#385,#368,.T.);
#514=EDGE_CURVE('',#412,#390,#54,.T.);
#515=EDGE_CURVE('',#413,#412,#55,.T.);
#516=EDGE_CURVE('',#414,#413,#56,.T.);
#517=EDGE_CURVE('',#405,#414,#57,.T.);
#518=EDGE_CURVE('',#399,#415,#369,.T.);
#519=EDGE_CURVE('',#415,#416,#370,.T.);
#520=EDGE_CURVE('',#417,#416,#371,.T.);
#521=EDGE_CURVE('',#418,#417,#319,.T.);
#522=EDGE_CURVE('',#419,#418,#372,.T.);
#523=EDGE_CURVE('',#419,#420,#373,.T.);
#524=EDGE_CURVE('',#420,#421,#374,.T.);
#525=EDGE_CURVE('',#408,#421,#375,.T.);
#526=EDGE_CURVE('',#411,#407,#376,.T.);
#527=EDGE_CURVE('',#422,#410,#377,.T.);
#528=EDGE_CURVE('',#423,#422,#378,.T.);
#529=EDGE_CURVE('',#400,#423,#320,.T.);
#530=EDGE_CURVE('',#424,#424,#321,.T.);
#531=EDGE_CURVE('',#424,#422,#58,.T.);
#532=EDGE_CURVE('',#423,#383,#379,.F.);
#533=EDGE_CURVE('',#425,#425,#322,.T.);
#534=EDGE_CURVE('',#425,#406,#59,.T.);
#535=EDGE_CURVE('',#426,#421,#60,.T.);
#536=EDGE_CURVE('',#427,#426,#61,.T.);
#537=EDGE_CURVE('',#428,#427,#62,.T.);
#538=EDGE_CURVE('',#428,#429,#63,.T.);
#539=EDGE_CURVE('',#388,#429,#64,.T.);
#540=EDGE_CURVE('',#430,#431,#323,.T.);
#541=EDGE_CURVE('',#431,#432,#65,.T.);
#542=EDGE_CURVE('',#432,#433,#324,.T.);
#543=EDGE_CURVE('',#433,#430,#66,.T.);
#544=EDGE_CURVE('',#434,#432,#67,.T.);
#545=EDGE_CURVE('',#435,#434,#68,.T.);
#546=EDGE_CURVE('',#435,#436,#325,.T.);
#547=EDGE_CURVE('',#436,#437,#69,.T.);
#548=EDGE_CURVE('',#438,#437,#70,.T.);
#549=EDGE_CURVE('',#439,#438,#326,.T.);
#550=EDGE_CURVE('',#439,#440,#71,.T.);
#551=EDGE_CURVE('',#441,#440,#327,.T.);
#552=EDGE_CURVE('',#441,#442,#328,.T.);
#553=EDGE_CURVE('',#443,#442,#329,.T.);
#554=EDGE_CURVE('',#443,#444,#72,.T.);
#555=EDGE_CURVE('',#445,#444,#330,.T.);
#556=EDGE_CURVE('',#445,#446,#73,.T.);
#557=EDGE_CURVE('',#447,#446,#331,.T.);
#558=EDGE_CURVE('',#447,#433,#74,.T.);
#559=EDGE_CURVE('',#431,#414,#75,.T.);
#560=EDGE_CURVE('',#428,#413,#332,.T.);
#561=EDGE_CURVE('',#448,#427,#333,.T.);
#562=EDGE_CURVE('',#448,#434,#76,.T.);
#563=EDGE_CURVE('',#449,#447,#77,.T.);
#564=EDGE_CURVE('',#449,#430,#78,.T.);
#565=EDGE_CURVE('',#450,#450,#334,.T.);
#566=EDGE_CURVE('',#451,#452,#79,.T.);
#567=EDGE_CURVE('',#451,#453,#80,.T.);
#568=EDGE_CURVE('',#453,#454,#81,.T.);
#569=EDGE_CURVE('',#454,#452,#82,.T.);
#570=EDGE_CURVE('',#438,#455,#83,.T.);
#571=EDGE_CURVE('',#455,#456,#335,.T.);
#572=EDGE_CURVE('',#456,#439,#84,.T.);
#573=EDGE_CURVE('',#457,#449,#336,.T.);
#574=EDGE_CURVE('',#458,#457,#85,.T.);
#575=EDGE_CURVE('',#459,#458,#337,.T.);
#576=EDGE_CURVE('',#459,#460,#86,.T.);
#577=EDGE_CURVE('',#461,#460,#338,.T.);
#578=EDGE_CURVE('',#461,#462,#339,.T.);
#579=EDGE_CURVE('',#463,#462,#340,.T.);
#580=EDGE_CURVE('',#463,#456,#87,.T.);
#581=EDGE_CURVE('',#403,#455,#88,.T.);
#582=EDGE_CURVE('',#437,#464,#89,.T.);
#583=EDGE_CURVE('',#464,#397,#341,.T.);
#584=EDGE_CURVE('',#396,#404,#342,.T.);
#585=EDGE_CURVE('',#440,#463,#90,.T.);
#586=EDGE_CURVE('',#462,#441,#91,.T.);
#587=EDGE_CURVE('',#465,#466,#380,.T.);
#588=EDGE_CURVE('',#466,#465,#92,.T.);
#589=EDGE_CURVE('',#467,#461,#93,.T.);
#590=EDGE_CURVE('',#467,#468,#343,.T.);
#591=EDGE_CURVE('',#469,#468,#94,.T.);
#592=EDGE_CURVE('',#469,#470,#344,.T.);
#593=EDGE_CURVE('',#442,#470,#95,.T.);
#594=EDGE_CURVE('',#465,#466,#345,.T.);
#595=EDGE_CURVE('',#467,#471,#346,.F.);
#596=EDGE_CURVE('',#460,#471,#96,.T.);
#597=EDGE_CURVE('',#470,#472,#347,.T.);
#598=EDGE_CURVE('',#472,#443,#97,.T.);
#599=EDGE_CURVE('',#444,#459,#98,.T.);
#600=EDGE_CURVE('',#473,#472,#99,.T.);
#601=EDGE_CURVE('',#474,#473,#100,.T.);
#602=EDGE_CURVE('',#471,#474,#101,.T.);
#603=EDGE_CURVE('',#446,#457,#102,.T.);
#604=EDGE_CURVE('',#458,#445,#103,.T.);
#605=EDGE_CURVE('',#468,#451,#104,.T.);
#606=EDGE_CURVE('',#452,#469,#105,.T.);
#607=EDGE_CURVE('',#453,#474,#106,.T.);
#608=EDGE_CURVE('',#473,#454,#107,.T.);
#609=EDGE_CURVE('',#475,#416,#108,.T.);
#610=EDGE_CURVE('',#464,#475,#109,.T.);
#611=EDGE_CURVE('',#436,#417,#110,.T.);
#612=EDGE_CURVE('',#398,#475,#348,.T.);
#613=EDGE_CURVE('',#476,#476,#349,.T.);
#614=EDGE_CURVE('',#450,#476,#111,.T.);
#615=EDGE_CURVE('',#418,#435,#112,.T.);
#616=EDGE_CURVE('',#448,#477,#113,.T.);
#617=EDGE_CURVE('',#419,#477,#114,.T.);
#618=EDGE_CURVE('',#401,#395,#350,.T.);
#619=EDGE_CURVE('',#429,#412,#351,.T.);
#620=EDGE_CURVE('',#477,#426,#352,.T.);
#621=ORIENTED_EDGE('',*,*,#478,.F.);
#622=ORIENTED_EDGE('',*,*,#479,.F.);
#623=ORIENTED_EDGE('',*,*,#480,.F.);
#624=ORIENTED_EDGE('',*,*,#481,.F.);
#625=ORIENTED_EDGE('',*,*,#482,.F.);
#626=ORIENTED_EDGE('',*,*,#483,.F.);
#627=ORIENTED_EDGE('',*,*,#484,.F.);
#628=ORIENTED_EDGE('',*,*,#485,.T.);
#629=ORIENTED_EDGE('',*,*,#486,.T.);
#630=ORIENTED_EDGE('',*,*,#487,.F.);
#631=ORIENTED_EDGE('',*,*,#488,.F.);
#632=ORIENTED_EDGE('',*,*,#489,.F.);
#633=ORIENTED_EDGE('',*,*,#490,.T.);
#634=ORIENTED_EDGE('',*,*,#491,.T.);
#635=ORIENTED_EDGE('',*,*,#478,.T.);
#636=ORIENTED_EDGE('',*,*,#492,.F.);
#637=ORIENTED_EDGE('',*,*,#493,.T.);
#638=ORIENTED_EDGE('',*,*,#494,.F.);
#639=ORIENTED_EDGE('',*,*,#495,.F.);
#640=ORIENTED_EDGE('',*,*,#496,.F.);
#641=ORIENTED_EDGE('',*,*,#497,.T.);
#642=ORIENTED_EDGE('',*,*,#498,.T.);
#643=ORIENTED_EDGE('',*,*,#499,.F.);
#644=ORIENTED_EDGE('',*,*,#489,.T.);
#645=ORIENTED_EDGE('',*,*,#500,.T.);
#646=ORIENTED_EDGE('',*,*,#501,.T.);
#647=ORIENTED_EDGE('',*,*,#502,.F.);
#648=ORIENTED_EDGE('',*,*,#503,.F.);
#649=ORIENTED_EDGE('',*,*,#488,.T.);
#650=ORIENTED_EDGE('',*,*,#504,.F.);
#651=ORIENTED_EDGE('',*,*,#505,.F.);
#652=ORIENTED_EDGE('',*,*,#500,.F.);
#653=ORIENTED_EDGE('',*,*,#483,.T.);
#654=ORIENTED_EDGE('',*,*,#506,.T.);
#655=ORIENTED_EDGE('',*,*,#507,.T.);
#656=ORIENTED_EDGE('',*,*,#508,.T.);
#657=ORIENTED_EDGE('',*,*,#509,.F.);
#658=ORIENTED_EDGE('',*,*,#481,.T.);
#659=ORIENTED_EDGE('',*,*,#510,.T.);
#660=ORIENTED_EDGE('',*,*,#511,.T.);
#661=ORIENTED_EDGE('',*,*,#512,.T.);
#662=ORIENTED_EDGE('',*,*,#513,.T.);
#663=ORIENTED_EDGE('',*,*,#487,.T.);
#664=ORIENTED_EDGE('',*,*,#514,.F.);
#665=ORIENTED_EDGE('',*,*,#515,.F.);
#666=ORIENTED_EDGE('',*,*,#516,.F.);
#667=ORIENTED_EDGE('',*,*,#517,.F.);
#668=ORIENTED_EDGE('',*,*,#504,.T.);
#669=ORIENTED_EDGE('',*,*,#497,.F.);
#670=ORIENTED_EDGE('',*,*,#518,.T.);
#671=ORIENTED_EDGE('',*,*,#519,.T.);
#672=ORIENTED_EDGE('',*,*,#520,.F.);
#673=ORIENTED_EDGE('',*,*,#521,.F.);
#674=ORIENTED_EDGE('',*,*,#522,.F.);
#675=ORIENTED_EDGE('',*,*,#523,.T.);
#676=ORIENTED_EDGE('',*,*,#524,.T.);
#677=ORIENTED_EDGE('',*,*,#525,.F.);
#678=ORIENTED_EDGE('',*,*,#508,.F.);
#679=ORIENTED_EDGE('',*,*,#526,.F.);
#680=ORIENTED_EDGE('',*,*,#512,.F.);
#681=ORIENTED_EDGE('',*,*,#527,.F.);
#682=ORIENTED_EDGE('',*,*,#528,.F.);
#683=ORIENTED_EDGE('',*,*,#529,.F.);
#684=ORIENTED_EDGE('',*,*,#530,.F.);
#685=ORIENTED_EDGE('',*,*,#531,.T.);
#686=ORIENTED_EDGE('',*,*,#527,.T.);
#687=ORIENTED_EDGE('',*,*,#511,.F.);
#688=ORIENTED_EDGE('',*,*,#510,.F.);
#689=ORIENTED_EDGE('',*,*,#480,.T.);
#690=ORIENTED_EDGE('',*,*,#532,.F.);
#691=ORIENTED_EDGE('',*,*,#528,.T.);
#692=ORIENTED_EDGE('',*,*,#531,.F.);
#693=ORIENTED_EDGE('',*,*,#533,.F.);
#694=ORIENTED_EDGE('',*,*,#534,.T.);
#695=ORIENTED_EDGE('',*,*,#506,.F.);
#696=ORIENTED_EDGE('',*,*,#482,.T.);
#697=ORIENTED_EDGE('',*,*,#513,.F.);
#698=ORIENTED_EDGE('',*,*,#526,.T.);
#699=ORIENTED_EDGE('',*,*,#507,.F.);
#700=ORIENTED_EDGE('',*,*,#534,.F.);
#701=ORIENTED_EDGE('',*,*,#479,.T.);
#702=ORIENTED_EDGE('',*,*,#498,.F.);
#703=ORIENTED_EDGE('',*,*,#529,.T.);
#704=ORIENTED_EDGE('',*,*,#532,.T.);
#705=ORIENTED_EDGE('',*,*,#484,.T.);
#706=ORIENTED_EDGE('',*,*,#509,.T.);
#707=ORIENTED_EDGE('',*,*,#525,.T.);
#708=ORIENTED_EDGE('',*,*,#535,.F.);
#709=ORIENTED_EDGE('',*,*,#536,.F.);
#710=ORIENTED_EDGE('',*,*,#537,.F.);
#711=ORIENTED_EDGE('',*,*,#538,.T.);
#712=ORIENTED_EDGE('',*,*,#539,.F.);
#713=ORIENTED_EDGE('',*,*,#540,.T.);
#714=ORIENTED_EDGE('',*,*,#541,.T.);
#715=ORIENTED_EDGE('',*,*,#542,.T.);
#716=ORIENTED_EDGE('',*,*,#543,.T.);
#717=ORIENTED_EDGE('',*,*,#542,.F.);
#718=ORIENTED_EDGE('',*,*,#544,.F.);
#719=ORIENTED_EDGE('',*,*,#545,.F.);
#720=ORIENTED_EDGE('',*,*,#546,.T.);
#721=ORIENTED_EDGE('',*,*,#547,.T.);
#722=ORIENTED_EDGE('',*,*,#548,.F.);
#723=ORIENTED_EDGE('',*,*,#549,.F.);
#724=ORIENTED_EDGE('',*,*,#550,.T.);
#725=ORIENTED_EDGE('',*,*,#551,.F.);
#726=ORIENTED_EDGE('',*,*,#552,.T.);
#727=ORIENTED_EDGE('',*,*,#553,.F.);
#728=ORIENTED_EDGE('',*,*,#554,.T.);
#729=ORIENTED_EDGE('',*,*,#555,.F.);
#730=ORIENTED_EDGE('',*,*,#556,.T.);
#731=ORIENTED_EDGE('',*,*,#557,.F.);
#732=ORIENTED_EDGE('',*,*,#558,.T.);
#733=ORIENTED_EDGE('',*,*,#541,.F.);
#734=ORIENTED_EDGE('',*,*,#559,.T.);
#735=ORIENTED_EDGE('',*,*,#516,.T.);
#736=ORIENTED_EDGE('',*,*,#560,.F.);
#737=ORIENTED_EDGE('',*,*,#537,.T.);
#738=ORIENTED_EDGE('',*,*,#561,.F.);
#739=ORIENTED_EDGE('',*,*,#562,.T.);
#740=ORIENTED_EDGE('',*,*,#544,.T.);
#741=ORIENTED_EDGE('',*,*,#543,.F.);
#742=ORIENTED_EDGE('',*,*,#558,.F.);
#743=ORIENTED_EDGE('',*,*,#563,.F.);
#744=ORIENTED_EDGE('',*,*,#564,.T.);
#745=ORIENTED_EDGE('',*,*,#565,.T.);
#746=ORIENTED_EDGE('',*,*,#566,.F.);
#747=ORIENTED_EDGE('',*,*,#567,.T.);
#748=ORIENTED_EDGE('',*,*,#568,.T.);
#749=ORIENTED_EDGE('',*,*,#569,.T.);
#750=ORIENTED_EDGE('',*,*,#549,.T.);
#751=ORIENTED_EDGE('',*,*,#570,.T.);
#752=ORIENTED_EDGE('',*,*,#571,.T.);
#753=ORIENTED_EDGE('',*,*,#572,.T.);
#754=ORIENTED_EDGE('',*,*,#540,.F.);
#755=ORIENTED_EDGE('',*,*,#564,.F.);
#756=ORIENTED_EDGE('',*,*,#573,.F.);
#757=ORIENTED_EDGE('',*,*,#574,.F.);
#758=ORIENTED_EDGE('',*,*,#575,.F.);
#759=ORIENTED_EDGE('',*,*,#576,.T.);
#760=ORIENTED_EDGE('',*,*,#577,.F.);
#761=ORIENTED_EDGE('',*,*,#578,.T.);
#762=ORIENTED_EDGE('',*,*,#579,.F.);
#763=ORIENTED_EDGE('',*,*,#580,.T.);
#764=ORIENTED_EDGE('',*,*,#571,.F.);
#765=ORIENTED_EDGE('',*,*,#581,.F.);
#766=ORIENTED_EDGE('',*,*,#501,.F.);
#767=ORIENTED_EDGE('',*,*,#505,.T.);
#768=ORIENTED_EDGE('',*,*,#517,.T.);
#769=ORIENTED_EDGE('',*,*,#559,.F.);
#770=ORIENTED_EDGE('',*,*,#570,.F.);
#771=ORIENTED_EDGE('',*,*,#548,.T.);
#772=ORIENTED_EDGE('',*,*,#582,.T.);
#773=ORIENTED_EDGE('',*,*,#583,.T.);
#774=ORIENTED_EDGE('',*,*,#494,.T.);
#775=ORIENTED_EDGE('',*,*,#584,.T.);
#776=ORIENTED_EDGE('',*,*,#502,.T.);
#777=ORIENTED_EDGE('',*,*,#581,.T.);
#778=ORIENTED_EDGE('',*,*,#572,.F.);
#779=ORIENTED_EDGE('',*,*,#580,.F.);
#780=ORIENTED_EDGE('',*,*,#585,.F.);
#781=ORIENTED_EDGE('',*,*,#550,.F.);
#782=ORIENTED_EDGE('',*,*,#551,.T.);
#783=ORIENTED_EDGE('',*,*,#585,.T.);
#784=ORIENTED_EDGE('',*,*,#579,.T.);
#785=ORIENTED_EDGE('',*,*,#586,.T.);
#786=ORIENTED_EDGE('',*,*,#587,.T.);
#787=ORIENTED_EDGE('',*,*,#588,.T.);
#788=ORIENTED_EDGE('',*,*,#586,.F.);
#789=ORIENTED_EDGE('',*,*,#578,.F.);
#790=ORIENTED_EDGE('',*,*,#589,.F.);
#791=ORIENTED_EDGE('',*,*,#590,.T.);
#792=ORIENTED_EDGE('',*,*,#591,.F.);
#793=ORIENTED_EDGE('',*,*,#592,.T.);
#794=ORIENTED_EDGE('',*,*,#593,.F.);
#795=ORIENTED_EDGE('',*,*,#552,.F.);
#796=ORIENTED_EDGE('',*,*,#587,.F.);
#797=ORIENTED_EDGE('',*,*,#594,.T.);
#798=ORIENTED_EDGE('',*,*,#595,.F.);
#799=ORIENTED_EDGE('',*,*,#589,.T.);
#800=ORIENTED_EDGE('',*,*,#577,.T.);
#801=ORIENTED_EDGE('',*,*,#596,.T.);
#802=ORIENTED_EDGE('',*,*,#597,.T.);
#803=ORIENTED_EDGE('',*,*,#598,.T.);
#804=ORIENTED_EDGE('',*,*,#553,.T.);
#805=ORIENTED_EDGE('',*,*,#593,.T.);
#806=ORIENTED_EDGE('',*,*,#596,.F.);
#807=ORIENTED_EDGE('',*,*,#576,.F.);
#808=ORIENTED_EDGE('',*,*,#599,.F.);
#809=ORIENTED_EDGE('',*,*,#554,.F.);
#810=ORIENTED_EDGE('',*,*,#598,.F.);
#811=ORIENTED_EDGE('',*,*,#600,.F.);
#812=ORIENTED_EDGE('',*,*,#601,.F.);
#813=ORIENTED_EDGE('',*,*,#602,.F.);
#814=ORIENTED_EDGE('',*,*,#573,.T.);
#815=ORIENTED_EDGE('',*,*,#563,.T.);
#816=ORIENTED_EDGE('',*,*,#557,.T.);
#817=ORIENTED_EDGE('',*,*,#603,.T.);
#818=ORIENTED_EDGE('',*,*,#603,.F.);
#819=ORIENTED_EDGE('',*,*,#556,.F.);
#820=ORIENTED_EDGE('',*,*,#604,.F.);
#821=ORIENTED_EDGE('',*,*,#574,.T.);
#822=ORIENTED_EDGE('',*,*,#575,.T.);
#823=ORIENTED_EDGE('',*,*,#604,.T.);
#824=ORIENTED_EDGE('',*,*,#555,.T.);
#825=ORIENTED_EDGE('',*,*,#599,.T.);
#826=ORIENTED_EDGE('',*,*,#591,.T.);
#827=ORIENTED_EDGE('',*,*,#605,.T.);
#828=ORIENTED_EDGE('',*,*,#566,.T.);
#829=ORIENTED_EDGE('',*,*,#606,.T.);
#830=ORIENTED_EDGE('',*,*,#602,.T.);
#831=ORIENTED_EDGE('',*,*,#607,.F.);
#832=ORIENTED_EDGE('',*,*,#567,.F.);
#833=ORIENTED_EDGE('',*,*,#605,.F.);
#834=ORIENTED_EDGE('',*,*,#590,.F.);
#835=ORIENTED_EDGE('',*,*,#595,.T.);
#836=ORIENTED_EDGE('',*,*,#600,.T.);
#837=ORIENTED_EDGE('',*,*,#597,.F.);
#838=ORIENTED_EDGE('',*,*,#592,.F.);
#839=ORIENTED_EDGE('',*,*,#606,.F.);
#840=ORIENTED_EDGE('',*,*,#569,.F.);
#841=ORIENTED_EDGE('',*,*,#608,.F.);
#842=ORIENTED_EDGE('',*,*,#601,.T.);
#843=ORIENTED_EDGE('',*,*,#608,.T.);
#844=ORIENTED_EDGE('',*,*,#568,.F.);
#845=ORIENTED_EDGE('',*,*,#607,.T.);
#846=ORIENTED_EDGE('',*,*,#609,.F.);
#847=ORIENTED_EDGE('',*,*,#610,.F.);
#848=ORIENTED_EDGE('',*,*,#582,.F.);
#849=ORIENTED_EDGE('',*,*,#547,.F.);
#850=ORIENTED_EDGE('',*,*,#611,.T.);
#851=ORIENTED_EDGE('',*,*,#520,.T.);
#852=ORIENTED_EDGE('',*,*,#610,.T.);
#853=ORIENTED_EDGE('',*,*,#612,.F.);
#854=ORIENTED_EDGE('',*,*,#495,.T.);
#855=ORIENTED_EDGE('',*,*,#583,.F.);
#856=ORIENTED_EDGE('',*,*,#609,.T.);
#857=ORIENTED_EDGE('',*,*,#519,.F.);
#858=ORIENTED_EDGE('',*,*,#518,.F.);
#859=ORIENTED_EDGE('',*,*,#496,.T.);
#860=ORIENTED_EDGE('',*,*,#612,.T.);
#861=ORIENTED_EDGE('',*,*,#613,.F.);
#862=ORIENTED_EDGE('',*,*,#533,.T.);
#863=ORIENTED_EDGE('',*,*,#565,.F.);
#864=ORIENTED_EDGE('',*,*,#614,.T.);
#865=ORIENTED_EDGE('',*,*,#613,.T.);
#866=ORIENTED_EDGE('',*,*,#614,.F.);
#867=ORIENTED_EDGE('',*,*,#522,.T.);
#868=ORIENTED_EDGE('',*,*,#615,.T.);
#869=ORIENTED_EDGE('',*,*,#545,.T.);
#870=ORIENTED_EDGE('',*,*,#562,.F.);
#871=ORIENTED_EDGE('',*,*,#616,.T.);
#872=ORIENTED_EDGE('',*,*,#617,.F.);
#873=ORIENTED_EDGE('',*,*,#618,.F.);
#874=ORIENTED_EDGE('',*,*,#503,.T.);
#875=ORIENTED_EDGE('',*,*,#584,.F.);
#876=ORIENTED_EDGE('',*,*,#493,.F.);
#877=ORIENTED_EDGE('',*,*,#618,.T.);
#878=ORIENTED_EDGE('',*,*,#492,.T.);
#879=ORIENTED_EDGE('',*,*,#491,.F.);
#880=ORIENTED_EDGE('',*,*,#490,.F.);
#881=ORIENTED_EDGE('',*,*,#499,.T.);
#882=ORIENTED_EDGE('',*,*,#619,.T.);
#883=ORIENTED_EDGE('',*,*,#514,.T.);
#884=ORIENTED_EDGE('',*,*,#486,.F.);
#885=ORIENTED_EDGE('',*,*,#485,.F.);
#886=ORIENTED_EDGE('',*,*,#539,.T.);
#887=ORIENTED_EDGE('',*,*,#560,.T.);
#888=ORIENTED_EDGE('',*,*,#515,.T.);
#889=ORIENTED_EDGE('',*,*,#619,.F.);
#890=ORIENTED_EDGE('',*,*,#538,.F.);
#891=ORIENTED_EDGE('',*,*,#561,.T.);
#892=ORIENTED_EDGE('',*,*,#536,.T.);
#893=ORIENTED_EDGE('',*,*,#620,.F.);
#894=ORIENTED_EDGE('',*,*,#616,.F.);
#895=ORIENTED_EDGE('',*,*,#620,.T.);
#896=ORIENTED_EDGE('',*,*,#535,.T.);
#897=ORIENTED_EDGE('',*,*,#524,.F.);
#898=ORIENTED_EDGE('',*,*,#523,.F.);
#899=ORIENTED_EDGE('',*,*,#617,.T.);
#900=ORIENTED_EDGE('',*,*,#521,.T.);
#901=ORIENTED_EDGE('',*,*,#611,.F.);
#902=ORIENTED_EDGE('',*,*,#546,.F.);
#903=ORIENTED_EDGE('',*,*,#615,.F.);
#904=ORIENTED_EDGE('',*,*,#588,.F.);
#905=ORIENTED_EDGE('',*,*,#594,.F.);
#906=ORIENTED_EDGE('',*,*,#530,.T.);
#907=TOROIDAL_SURFACE('',#970,43.9999999999998,2.7);
#908=TOROIDAL_SURFACE('',#984,43.9999999999998,2.7);
#909=ADVANCED_FACE('',(#213),#907,.F.);
#910=ADVANCED_FACE('',(#214),#189,.T.);
#911=ADVANCED_FACE('',(#215),#190,.T.);
#912=ADVANCED_FACE('',(#216),#20,.F.);
#913=ADVANCED_FACE('',(#217),#21,.F.);
#914=ADVANCED_FACE('',(#218),#22,.F.);
#915=ADVANCED_FACE('',(#219),#191,.T.);
#916=ADVANCED_FACE('',(#220),#908,.F.);
#917=ADVANCED_FACE('',(#221),#23,.F.);
#918=ADVANCED_FACE('',(#222),#24,.F.);
#919=ADVANCED_FACE('',(#223),#25,.F.);
#920=ADVANCED_FACE('',(#224),#192,.T.);
#921=ADVANCED_FACE('',(#225),#26,.T.);
#922=ADVANCED_FACE('',(#226),#193,.F.);
#923=ADVANCED_FACE('',(#227),#194,.F.);
#924=ADVANCED_FACE('',(#228,#15,#16),#195,.T.);
#925=ADVANCED_FACE('',(#229),#27,.T.);
#926=ADVANCED_FACE('',(#230),#196,.F.);
#927=ADVANCED_FACE('',(#231),#197,.T.);
#928=ADVANCED_FACE('',(#232),#198,.T.);
#929=ADVANCED_FACE('',(#233,#17),#28,.T.);
#930=ADVANCED_FACE('',(#234),#29,.T.);
#931=ADVANCED_FACE('',(#235),#30,.F.);
#932=ADVANCED_FACE('',(#236),#31,.F.);
#933=ADVANCED_FACE('',(#237),#32,.F.);
#934=ADVANCED_FACE('',(#238),#199,.F.);
#935=ADVANCED_FACE('',(#239),#33,.T.);
#936=ADVANCED_FACE('',(#240),#200,.T.);
#937=ADVANCED_FACE('',(#241),#34,.T.);
#938=ADVANCED_FACE('',(#242),#201,.T.);
#939=ADVANCED_FACE('',(#243),#202,.F.);
#940=ADVANCED_FACE('',(#244),#203,.F.);
#941=ADVANCED_FACE('',(#245),#204,.F.);
#942=ADVANCED_FACE('',(#246),#205,.T.);
#943=ADVANCED_FACE('',(#247),#35,.F.);
#944=ADVANCED_FACE('',(#248),#206,.F.);
#945=ADVANCED_FACE('',(#249,#18),#207,.F.);
#946=ADVANCED_FACE('',(#250),#36,.F.);
#947=ADVANCED_FACE('',(#251),#208,.T.);
#948=ADVANCED_FACE('',(#252),#37,.F.);
#949=ADVANCED_FACE('',(#253),#209,.F.);
#950=ADVANCED_FACE('',(#254),#210,.F.);
#951=ADVANCED_FACE('',(#255),#38,.F.);
#952=ADVANCED_FACE('',(#256),#39,.F.);
#953=ADVANCED_FACE('',(#257),#211,.F.);
#954=ADVANCED_FACE('',(#258),#40,.F.);
#955=ADVANCED_FACE('',(#259,#19),#212,.T.);
#956=CLOSED_SHELL('',(#909,#910,#911,#912,#913,#914,#915,#916,#917,#918,
#919,#920,#921,#922,#923,#924,#925,#926,#927,#928,#929,#930,#931,#932,#933,
#934,#935,#936,#937,#938,#939,#940,#941,#942,#943,#944,#945,#946,#947,#948,
#949,#950,#951,#952,#953,#954,#955));
#957=DERIVED_UNIT_ELEMENT(#959,1.);
#958=DERIVED_UNIT_ELEMENT(#1920,-3.);
#959=(
MASS_UNIT()
NAMED_UNIT(*)
SI_UNIT(.KILO.,.GRAM.)
);
#960=DERIVED_UNIT((#957,#958));
#961=MEASURE_REPRESENTATION_ITEM('density measure',
POSITIVE_RATIO_MEASURE(7850.),#960);
#962=PROPERTY_DEFINITION_REPRESENTATION(#967,#964);
#963=PROPERTY_DEFINITION_REPRESENTATION(#968,#965);
#964=REPRESENTATION('material name',(#966),#1917);
#965=REPRESENTATION('density',(#961),#1917);
#966=DESCRIPTIVE_REPRESENTATION_ITEM('Steel','Steel');
#967=PROPERTY_DEFINITION('material property','material name',#1927);
#968=PROPERTY_DEFINITION('material property','density of part',#1927);
#969=AXIS2_PLACEMENT_3D('',#1310,#1058,#1059);
#970=AXIS2_PLACEMENT_3D('',#1311,#1060,#1061);
#971=AXIS2_PLACEMENT_3D('',#1319,#1062,#1063);
#972=AXIS2_PLACEMENT_3D('',#1352,#1064,#1065);
#973=AXIS2_PLACEMENT_3D('',#1383,#1066,#1067);
#974=AXIS2_PLACEMENT_3D('',#1417,#1068,#1069);
#975=AXIS2_PLACEMENT_3D('',#1444,#1070,#1071);
#976=AXIS2_PLACEMENT_3D('',#1461,#1078,#1079);
#977=AXIS2_PLACEMENT_3D('',#1471,#1085,#1086);
#978=AXIS2_PLACEMENT_3D('',#1474,#1088,#1089);
#979=AXIS2_PLACEMENT_3D('',#1475,#1090,#1091);
#980=AXIS2_PLACEMENT_3D('',#1499,#1092,#1093);
#981=AXIS2_PLACEMENT_3D('',#1501,#1095,#1096);
#982=AXIS2_PLACEMENT_3D('',#1525,#1097,#1098);
#983=AXIS2_PLACEMENT_3D('',#1544,#1099,#1100);
#984=AXIS2_PLACEMENT_3D('',#1552,#1105,#1106);
#985=AXIS2_PLACEMENT_3D('',#1581,#1107,#1108);
#986=AXIS2_PLACEMENT_3D('',#1679,#1109,#1110);
#987=AXIS2_PLACEMENT_3D('',#1680,#1111,#1112);
#988=AXIS2_PLACEMENT_3D('',#1682,#1113,#1114);
#989=AXIS2_PLACEMENT_3D('',#1702,#1116,#1117);
#990=AXIS2_PLACEMENT_3D('',#1704,#1118,#1119);
#991=AXIS2_PLACEMENT_3D('',#1706,#1121,#1122);
#992=AXIS2_PLACEMENT_3D('',#1707,#1123,#1124);
#993=AXIS2_PLACEMENT_3D('',#1717,#1130,#1131);
#994=AXIS2_PLACEMENT_3D('',#1720,#1132,#1133);
#995=AXIS2_PLACEMENT_3D('',#1724,#1135,#1136);
#996=AXIS2_PLACEMENT_3D('',#1726,#1138,#1139);
#997=AXIS2_PLACEMENT_3D('',#1732,#1142,#1143);
#998=AXIS2_PLACEMENT_3D('',#1738,#1146,#1147);
#999=AXIS2_PLACEMENT_3D('',#1742,#1149,#1150);
#1000=AXIS2_PLACEMENT_3D('',#1744,#1151,#1152);
#1001=AXIS2_PLACEMENT_3D('',#1746,#1153,#1154);
#1002=AXIS2_PLACEMENT_3D('',#1750,#1156,#1157);
#1003=AXIS2_PLACEMENT_3D('',#1754,#1159,#1160);
#1004=AXIS2_PLACEMENT_3D('',#1756,#1162,#1163);
#1005=AXIS2_PLACEMENT_3D('',#1758,#1165,#1166);
#1006=AXIS2_PLACEMENT_3D('',#1760,#1167,#1168);
#1007=AXIS2_PLACEMENT_3D('',#1762,#1170,#1171);
#1008=AXIS2_PLACEMENT_3D('',#1767,#1174,#1175);
#1009=AXIS2_PLACEMENT_3D('',#1776,#1180,#1181);
#1010=AXIS2_PLACEMENT_3D('',#1780,#1183,#1184);
#1011=AXIS2_PLACEMENT_3D('',#1782,#1186,#1187);
#1012=AXIS2_PLACEMENT_3D('',#1784,#1188,#1189);
#1013=AXIS2_PLACEMENT_3D('',#1788,#1191,#1192);
#1014=AXIS2_PLACEMENT_3D('',#1792,#1194,#1195);
#1015=AXIS2_PLACEMENT_3D('',#1794,#1196,#1197);
#1016=AXIS2_PLACEMENT_3D('',#1796,#1198,#1199);
#1017=AXIS2_PLACEMENT_3D('',#1799,#1202,#1203);
#1018=AXIS2_PLACEMENT_3D('',#1802,#1205,#1206);
#1019=AXIS2_PLACEMENT_3D('',#1803,#1207,#1208);
#1020=AXIS2_PLACEMENT_3D('',#1804,#1209,#1210);
#1021=AXIS2_PLACEMENT_3D('',#1806,#1212,#1213);
#1022=AXIS2_PLACEMENT_3D('',#1846,#1216,#1217);
#1023=AXIS2_PLACEMENT_3D('',#1850,#1219,#1220);
#1024=AXIS2_PLACEMENT_3D('',#1854,#1222,#1223);
#1025=AXIS2_PLACEMENT_3D('',#1856,#1225,#1226);
#1026=AXIS2_PLACEMENT_3D('',#1857,#1227,#1228);
#1027=AXIS2_PLACEMENT_3D('',#1858,#1229,#1230);
#1028=AXIS2_PLACEMENT_3D('',#1860,#1231,#1232);
#1029=AXIS2_PLACEMENT_3D('',#1862,#1234,#1235);
#1030=AXIS2_PLACEMENT_3D('',#1864,#1236,#1237);
#1031=AXIS2_PLACEMENT_3D('',#1866,#1239,#1240);
#1032=AXIS2_PLACEMENT_3D('',#1873,#1245,#1246);
#1033=AXIS2_PLACEMENT_3D('',#1875,#1248,#1249);
#1034=AXIS2_PLACEMENT_3D('',#1877,#1251,#1252);
#1035=AXIS2_PLACEMENT_3D('',#1878,#1253,#1254);
#1036=AXIS2_PLACEMENT_3D('',#1881,#1257,#1258);
#1037=AXIS2_PLACEMENT_3D('',#1883,#1260,#1261);
#1038=AXIS2_PLACEMENT_3D('',#1885,#1263,#1264);
#1039=AXIS2_PLACEMENT_3D('',#1886,#1265,#1266);
#1040=AXIS2_PLACEMENT_3D('',#1891,#1270,#1271);
#1041=AXIS2_PLACEMENT_3D('',#1892,#1272,#1273);
#1042=AXIS2_PLACEMENT_3D('',#1893,#1274,#1275);
#1043=AXIS2_PLACEMENT_3D('',#1894,#1276,#1277);
#1044=AXIS2_PLACEMENT_3D('',#1896,#1278,#1279);
#1045=AXIS2_PLACEMENT_3D('',#1897,#1280,#1281);
#1046=AXIS2_PLACEMENT_3D('',#1899,#1283,#1284);
#1047=AXIS2_PLACEMENT_3D('',#1904,#1288,#1289);
#1048=AXIS2_PLACEMENT_3D('',#1905,#1290,#1291);
#1049=AXIS2_PLACEMENT_3D('',#1906,#1292,#1293);
#1050=AXIS2_PLACEMENT_3D('',#1907,#1294,#1295);
#1051=AXIS2_PLACEMENT_3D('',#1908,#1296,#1297);
#1052=AXIS2_PLACEMENT_3D('',#1909,#1298,#1299);
#1053=AXIS2_PLACEMENT_3D('',#1910,#1300,#1301);
#1054=AXIS2_PLACEMENT_3D('',#1911,#1302,#1303);
#1055=AXIS2_PLACEMENT_3D('',#1912,#1304,#1305);
#1056=AXIS2_PLACEMENT_3D('',#1913,#1306,#1307);
#1057=AXIS2_PLACEMENT_3D('',#1914,#1308,#1309);
#1058=DIRECTION('axis',(0.,0.,1.));
#1059=DIRECTION('refdir',(1.,0.,0.));
#1060=DIRECTION('center_axis',(1.83928064044409E-15,1.,-1.82221222884471E-14));
#1061=DIRECTION('ref_axis',(-0.707106781172849,-1.1563436384961E-14,-0.707106781200246));
#1062=DIRECTION('center_axis',(1.34656595638173E-15,1.,1.79856167954304E-16));
#1063=DIRECTION('ref_axis',(1.,-1.34656595638174E-15,2.8310687127931E-14));
#1064=DIRECTION('center_axis',(1.34656595638173E-15,1.,1.79856167954304E-16));
#1065=DIRECTION('ref_axis',(1.,-1.34656595638174E-15,2.8310687127931E-14));
#1066=DIRECTION('center_axis',(1.34656595638173E-15,1.,1.79856167954304E-16));
#1067=DIRECTION('ref_axis',(1.,-1.34656595638174E-15,2.8310687127931E-14));
#1068=DIRECTION('center_axis',(-1.34656595638173E-15,-1.,-1.79856167954304E-16));
#1069=DIRECTION('ref_axis',(1.,-1.34656595638174E-15,2.8310687127931E-14));
#1070=DIRECTION('center_axis',(1.,1.96280936657254E-11,-1.743324921375E-25));
#1071=DIRECTION('ref_axis',(-1.96280936657254E-11,1.,-2.44249065427887E-15));
#1072=DIRECTION('',(1.96280936657254E-11,-1.,2.44249065427886E-15));
#1073=DIRECTION('',(0.,8.88178419700125E-15,1.));
#1074=DIRECTION('',(-1.96280936657254E-11,1.,-2.44249065427886E-15));
#1075=DIRECTION('',(0.,8.88178419700125E-15,1.));
#1076=DIRECTION('',(1.96280936657254E-11,-1.,2.44249065427886E-15));
#1077=DIRECTION('',(1.34656595638173E-15,1.,1.79856167954304E-16));
#1078=DIRECTION('center_axis',(1.,1.96280936657254E-11,-1.743324921375E-25));
#1079=DIRECTION('ref_axis',(-1.96280936657254E-11,1.,-2.44249065427887E-15));
#1080=DIRECTION('',(1.96280936657254E-11,-1.,2.44249065427886E-15));
#1081=DIRECTION('',(1.34656595638173E-15,1.,1.79856167954304E-16));
#1082=DIRECTION('',(0.,8.88178419700125E-15,1.));
#1083=DIRECTION('',(-1.96280936657254E-11,1.,-2.44249065427886E-15));
#1084=DIRECTION('',(0.,8.88178419700125E-15,1.));
#1085=DIRECTION('center_axis',(1.34656595638173E-15,1.,1.79856167954304E-16));
#1086=DIRECTION('ref_axis',(1.,-1.34656595638174E-15,2.8310687127931E-14));
#1087=DIRECTION('',(-1.34656595638173E-15,-1.,-1.79856167954304E-16));
#1088=DIRECTION('center_axis',(5.79392319288104E-15,-1.,-1.17016260240726E-14));
#1089=DIRECTION('ref_axis',(1.,-1.34656595638174E-15,2.8310687127931E-14));
#1090=DIRECTION('center_axis',(1.34656595638173E-15,1.,1.79856167954304E-16));
#1091=DIRECTION('ref_axis',(1.,-1.34656595638174E-15,2.8310687127931E-14));
#1092=DIRECTION('center_axis',(-1.34656595638173E-15,-1.,-1.79856167954304E-16));
#1093=DIRECTION('ref_axis',(1.,-1.34656595638174E-15,2.8310687127931E-14));
#1094=DIRECTION('',(-1.34656595638173E-15,-1.,-1.79856167954304E-16));
#1095=DIRECTION('center_axis',(1.34656595638173E-15,1.,1.79856167954304E-16));
#1096=DIRECTION('ref_axis',(1.,-1.34656595638174E-15,2.8310687127931E-14));
#1097=DIRECTION('center_axis',(-1.34656595638173E-15,-1.,-1.79856167954304E-16));
#1098=DIRECTION('ref_axis',(1.,-1.34656595638174E-15,2.8310687127931E-14));
#1099=DIRECTION('center_axis',(-9.96980276113391E-13,-1.79856167952962E-16,
1.));
#1100=DIRECTION('ref_axis',(-1.34656595638173E-15,-1.,-1.79856167954304E-16));
#1101=DIRECTION('',(4.92714682227513E-16,1.,5.27290724595494E-15));
#1102=DIRECTION('',(-1.,0.,0.));
#1103=DIRECTION('',(-1.34656595638173E-15,-1.,-1.798561679543E-16));
#1104=DIRECTION('',(1.,2.22044604925031E-15,9.96980276113391E-13));
#1105=DIRECTION('center_axis',(1.8392806404772E-15,1.,-1.82221222884274E-14));
#1106=DIRECTION('ref_axis',(-0.707106781172155,-1.1563436384961E-14,-0.70710678120094));
#1107=DIRECTION('center_axis',(1.34656595638173E-15,1.,1.79856167954304E-16));
#1108=DIRECTION('ref_axis',(1.,-1.34656595638174E-15,2.8310687127931E-14));
#1109=DIRECTION('center_axis',(-1.34656595638173E-15,-1.,-1.79856167954304E-16));
#1110=DIRECTION('ref_axis',(1.,-1.34656595638174E-15,2.8310687127931E-14));
#1111=DIRECTION('center_axis',(1.,2.68303897619162E-16,1.66533453692767E-15));
#1112=DIRECTION('ref_axis',(-2.68303897619189E-16,1.,1.55211197809564E-14));
#1113=DIRECTION('center_axis',(1.,-4.92714684077597E-16,1.5279507840179E-16));
#1114=DIRECTION('ref_axis',(-2.68303897619189E-16,1.,1.55211197809564E-14));
#1115=DIRECTION('',(1.,2.68303897619162E-16,1.66533453692767E-15));
#1116=DIRECTION('center_axis',(-6.6264316038565E-29,2.44249065427887E-15,
1.));
#1117=DIRECTION('ref_axis',(-1.,-1.80318722916214E-14,-2.32017913300298E-29));
#1118=DIRECTION('center_axis',(-6.6264316038565E-29,2.44249065427887E-15,
1.));
#1119=DIRECTION('ref_axis',(-1.,-1.80318722916214E-14,-2.32017913300298E-29));
#1120=DIRECTION('',(-6.6264316038565E-29,2.44249065427887E-15,1.));
#1121=DIRECTION('center_axis',(1.34656595638173E-15,1.,1.79856167954304E-16));
#1122=DIRECTION('ref_axis',(1.,-1.34656595638174E-15,2.8310687127931E-14));
#1123=DIRECTION('center_axis',(-9.96980276113391E-13,-1.79856167952962E-16,
1.));
#1124=DIRECTION('ref_axis',(-1.34656595638173E-15,-1.,-1.79856167954304E-16));
#1125=DIRECTION('',(4.92714684077761E-16,1.,-1.0707894089292E-12));
#1126=DIRECTION('',(-1.,0.,0.));
#1127=DIRECTION('',(-4.92714682227513E-16,-1.,-5.27290724595494E-15));
#1128=DIRECTION('',(-1.,0.,0.));
#1129=DIRECTION('',(4.92714682227513E-16,1.,5.27290724595494E-15));
#1130=DIRECTION('center_axis',(-1.11418810685467E-15,1.,-1.74901615765717E-15));
#1131=DIRECTION('ref_axis',(0.707106781186908,0.,-0.707106781186187));
#1132=DIRECTION('center_axis',(5.79392319288104E-15,-1.,-1.17016260240726E-14));
#1133=DIRECTION('ref_axis',(0.707106781186908,0.,-0.707106781186187));
#1134=DIRECTION('',(1.11418810685467E-15,-1.,1.74901615765717E-15));
#1135=DIRECTION('center_axis',(3.22841402175607E-15,1.,2.3698919794053E-14));
#1136=DIRECTION('ref_axis',(0.707106781186908,0.,-0.707106781186187));
#1137=DIRECTION('',(-1.11418810685467E-15,1.,-1.74901615765717E-15));
#1138=DIRECTION('center_axis',(3.22841402175607E-15,1.,2.3698919794053E-14));
#1139=DIRECTION('ref_axis',(1.,-3.22841402175606E-15,-5.82243711177398E-16));
#1140=DIRECTION('',(9.96160529544032E-13,2.36989197940497E-14,-1.));
#1141=DIRECTION('',(1.,2.22044604925031E-15,9.96980276113391E-13));
#1142=DIRECTION('center_axis',(3.22841402175607E-15,1.,2.3698919794053E-14));
#1143=DIRECTION('ref_axis',(1.,-1.34656595638174E-15,2.8310687127931E-14));
#1144=DIRECTION('',(0.,8.88178419700125E-15,1.));
#1145=DIRECTION('',(1.,9.76825914882945E-14,-1.7986028639039E-28));
#1146=DIRECTION('center_axis',(3.22841402175607E-15,1.,2.3698919794053E-14));
#1147=DIRECTION('ref_axis',(-0.707106781186551,-6.2803698347351E-15,0.707106781186544));
#1148=DIRECTION('',(-6.93889390532746E-17,2.3698919794053E-14,-1.));
#1149=DIRECTION('center_axis',(3.22841402175607E-15,1.,2.3698919794053E-14));
#1150=DIRECTION('ref_axis',(-0.972992291850643,-9.24242316694959E-15,-0.230837605253637));
#1151=DIRECTION('center_axis',(-3.22841402175607E-15,-1.,-2.3698919794053E-14));
#1152=DIRECTION('ref_axis',(-1.,0.,-2.82968093401235E-14));
#1153=DIRECTION('center_axis',(-3.22841402175607E-15,-1.,-2.3698919794053E-14));
#1154=DIRECTION('ref_axis',(0.937132766358207,0.,-0.348973033654199));
#1155=DIRECTION('',(-1.,3.2284140217559E-15,7.21644966007376E-15));
#1156=DIRECTION('center_axis',(3.22841402175607E-15,1.,2.3698919794053E-14));
#1157=DIRECTION('ref_axis',(-0.707106781186544,-1.25607396694703E-14,0.707106781186551));
#1158=DIRECTION('',(1.05887520973613E-14,-2.20025637960633E-17,-1.));
#1159=DIRECTION('center_axis',(3.22841402175607E-15,1.,2.3698919794053E-14));
#1160=DIRECTION('ref_axis',(-0.707106781186538,0.,-0.707106781186557));
#1161=DIRECTION('',(1.,2.22044604925031E-15,9.96980276113391E-13));
#1162=DIRECTION('center_axis',(-1.,-1.11418810685641E-15,-9.96160529544032E-13));
#1163=DIRECTION('ref_axis',(-9.96160529544032E-13,-1.99074473381087E-14,
1.));
#1164=DIRECTION('',(-2.84912377819577E-14,-1.17016260240728E-14,1.));
#1165=DIRECTION('center_axis',(1.,-4.92714684077609E-16,1.38917290593963E-16));
#1166=DIRECTION('ref_axis',(-4.9271468407761E-16,-1.,-1.55211197809564E-14));
#1167=DIRECTION('center_axis',(1.,-4.92714684077609E-16,1.38917290593963E-16));
#1168=DIRECTION('ref_axis',(-4.92714684077612E-16,-1.,-1.55211197809564E-14));
#1169=DIRECTION('',(-4.92714684077761E-16,-1.,1.0707894089292E-12));
#1170=DIRECTION('center_axis',(2.83523204913638E-14,-1.74901615765714E-15,
-1.));
#1171=DIRECTION('ref_axis',(-1.,-1.8031872291621E-14,-2.83523204913638E-14));
#1172=DIRECTION('',(6.18949336228679E-15,-1.,1.74901615765731E-15));
#1173=DIRECTION('',(1.,4.80849382472578E-15,3.904808511482E-15));
#1174=DIRECTION('center_axis',(-2.83523204913638E-14,1.74901615765714E-15,
1.));
#1175=DIRECTION('ref_axis',(-1.,-1.80318722916214E-14,-2.06914335795675E-29));
#1176=DIRECTION('',(-1.7121461745576E-14,-1.,1.74901615765663E-15));
#1177=DIRECTION('',(-1.,-2.1711745808426E-14,7.03589900604743E-15));
#1178=DIRECTION('',(1.75391576075439E-14,-1.,5.57311768692209E-15));
#1179=DIRECTION('',(1.,1.75391576075432E-14,-7.03589900604741E-15));
#1180=DIRECTION('center_axis',(1.80318722916212E-14,-1.,6.88160890909562E-15));
#1181=DIRECTION('ref_axis',(-0.707106781186551,-6.2803698347351E-15,0.707106781186544));
#1182=DIRECTION('',(-1.80318722916212E-14,1.,-6.88160890909562E-15));
#1183=DIRECTION('center_axis',(5.79392319288104E-15,-1.,-1.17016260240726E-14));
#1184=DIRECTION('ref_axis',(-0.707106781186551,-6.2803698347351E-15,0.707106781186544));
#1185=DIRECTION('',(1.80318722916212E-14,-1.,6.88160890909562E-15));
#1186=DIRECTION('center_axis',(5.79392319288104E-15,-1.,-1.17016260240726E-14));
#1187=DIRECTION('ref_axis',(1.20396233056043E-14,-1.17016260240725E-14,
1.));
#1188=DIRECTION('center_axis',(5.79392319288104E-15,-1.,-1.17016260240726E-14));
#1189=DIRECTION('ref_axis',(-0.707106781186538,0.,-0.707106781186557));
#1190=DIRECTION('',(-1.04117910154463E-15,1.17016260240726E-14,-1.));
#1191=DIRECTION('center_axis',(5.79392319288104E-15,-1.,-1.17016260240726E-14));
#1192=DIRECTION('ref_axis',(-0.707106781186544,-1.25607396694703E-14,0.707106781186551));
#1193=DIRECTION('',(1.,5.79392319288113E-15,-7.21644966007379E-15));
#1194=DIRECTION('center_axis',(-5.79392319288104E-15,1.,1.17016260240726E-14));
#1195=DIRECTION('ref_axis',(0.937132766358207,0.,-0.348973033654199));
#1196=DIRECTION('center_axis',(-5.79392319288104E-15,1.,1.17016260240726E-14));
#1197=DIRECTION('ref_axis',(-1.,0.,-2.82968093401235E-14));
#1198=DIRECTION('center_axis',(5.79392319288104E-15,-1.,-1.17016260240726E-14));
#1199=DIRECTION('ref_axis',(-0.972992291850643,-9.24242316694959E-15,-0.230837605253637));
#1200=DIRECTION('',(6.93889390322495E-17,-1.17016260240726E-14,1.));
#1201=DIRECTION('',(-1.,-1.35318316590405E-14,2.14570166220115E-28));
#1202=DIRECTION('center_axis',(1.23062301214478E-28,6.88160890909562E-15,
1.));
#1203=DIRECTION('ref_axis',(-1.80318722916209E-14,1.,-6.88160890909562E-15));
#1204=DIRECTION('',(1.3637062736241E-10,1.,1.99840082900786E-15));
#1205=DIRECTION('center_axis',(7.57306469012171E-29,-2.44249065427886E-15,
-1.));
#1206=DIRECTION('ref_axis',(-1.80318722916209E-14,1.,-2.44249065427887E-15));
#1207=DIRECTION('center_axis',(7.57306469012171E-29,-2.44249065427886E-15,
-1.));
#1208=DIRECTION('ref_axis',(-1.80318722916209E-14,1.,-2.44249065427887E-15));
#1209=DIRECTION('center_axis',(-1.,-1.80318722916213E-14,-4.84871999182078E-15));
#1210=DIRECTION('ref_axis',(-1.80318722916213E-14,1.,1.18924456064282E-14));
#1211=DIRECTION('',(-1.80318722916214E-14,1.,3.58636449499307E-14));
#1212=DIRECTION('center_axis',(1.80318722916214E-14,-1.,-3.58636449499307E-14));
#1213=DIRECTION('ref_axis',(-0.972992291850643,-9.24242316694959E-15,-0.230837605253637));
#1214=DIRECTION('',(0.,-1.,0.));
#1215=DIRECTION('',(-1.80318722916214E-14,1.,3.58636449499307E-14));
#1216=DIRECTION('center_axis',(0.,1.,0.));
#1217=DIRECTION('ref_axis',(-1.,0.,-2.82968093401235E-14));
#1218=DIRECTION('',(0.,1.,0.));
#1219=DIRECTION('center_axis',(2.22044604925036E-14,-1.,1.24218649228355E-30));
#1220=DIRECTION('ref_axis',(-1.,0.,-2.82968093401235E-14));
#1221=DIRECTION('',(0.,1.,0.));
#1222=DIRECTION('center_axis',(-1.80318722916209E-14,1.,-5.87112278757427E-15));
#1223=DIRECTION('ref_axis',(-1.,0.,-2.82968093401235E-14));
#1224=DIRECTION('',(0.,1.,0.));
#1225=DIRECTION('center_axis',(1.,2.68303897619162E-16,1.66533453692767E-15));
#1226=DIRECTION('ref_axis',(-1.66533453692767E-15,1.71577847280761E-14,
1.));
#1227=DIRECTION('center_axis',(1.,-4.92714684077597E-16,1.5279507840179E-16));
#1228=DIRECTION('ref_axis',(4.92714684077597E-16,1.,1.55211197809564E-14));
#1229=DIRECTION('center_axis',(0.,1.,0.));
#1230=DIRECTION('ref_axis',(0.937132766358207,0.,-0.348973033654199));
#1231=DIRECTION('center_axis',(2.22044604925036E-14,-1.,1.24218649228355E-30));
#1232=DIRECTION('ref_axis',(0.937132766358207,0.,-0.348973033654199));
#1233=DIRECTION('',(1.61825175313543E-29,-1.,2.24244861304677E-15));
#1234=DIRECTION('center_axis',(0.,1.,0.));
#1235=DIRECTION('ref_axis',(0.937132766358207,0.,-0.348973033654199));
#1236=DIRECTION('center_axis',(-1.80318722916209E-14,1.,-5.87112278757427E-15));
#1237=DIRECTION('ref_axis',(0.937132766358207,0.,-0.348973033654199));
#1238=DIRECTION('',(1.61825175313543E-29,-1.,2.24244861304677E-15));
#1239=DIRECTION('center_axis',(-7.21644966007377E-15,-2.24244861304677E-15,
-1.));
#1240=DIRECTION('ref_axis',(-1.,-1.80318722916216E-14,7.21644966007381E-15));
#1241=DIRECTION('',(-6.18949336228679E-15,1.,-2.24244861304673E-15));
#1242=DIRECTION('',(1.,1.80318722916208E-14,-7.21644966007381E-15));
#1243=DIRECTION('',(1.80318722916215E-14,-1.,2.24244861304664E-15));
#1244=DIRECTION('',(-1.,-2.22044604925036E-14,7.21644966007382E-15));
#1245=DIRECTION('center_axis',(-6.18949336228679E-15,1.,-1.74901615765731E-15));
#1246=DIRECTION('ref_axis',(-0.707106781186538,0.,-0.707106781186557));
#1247=DIRECTION('',(-6.18949336228679E-15,1.,-1.74901615765731E-15));
#1248=DIRECTION('center_axis',(-1.,-6.1894933622868E-15,-4.66756263269446E-15));
#1249=DIRECTION('ref_axis',(-6.18949336228687E-15,1.,1.55211197809563E-14));
#1250=DIRECTION('',(6.18949336228679E-15,-1.,2.24244861304673E-15));
#1251=DIRECTION('center_axis',(-6.18949336228679E-15,1.,-2.24244861304673E-15));
#1252=DIRECTION('ref_axis',(-0.707106781186544,-1.25607396694703E-14,0.707106781186551));
#1253=DIRECTION('center_axis',(-1.,-1.80318722916213E-14,-4.84871999182079E-15));
#1254=DIRECTION('ref_axis',(-1.80318722916213E-14,1.,1.18924456064282E-14));
#1255=DIRECTION('',(4.84871999182096E-15,-9.34787597064748E-15,-1.));
#1256=DIRECTION('',(-4.84871999182096E-15,9.3478759706475E-15,1.));
#1257=DIRECTION('center_axis',(-2.22044604925036E-14,1.,-1.24218649228355E-30));
#1258=DIRECTION('ref_axis',(-1.38777878078302E-17,9.34037701181235E-31,
1.));
#1259=DIRECTION('',(-4.08469554476671E-15,-2.56657219957698E-15,1.));
#1260=DIRECTION('center_axis',(1.80318722916209E-14,-1.,5.87112278757427E-15));
#1261=DIRECTION('ref_axis',(-1.,-1.8031872291621E-14,-2.77694534034368E-14));
#1262=DIRECTION('',(1.05887520973613E-14,-2.20025637960633E-17,-1.));
#1263=DIRECTION('center_axis',(-1.,-1.80318722916215E-14,-4.08469554476675E-15));
#1264=DIRECTION('ref_axis',(1.80318722916176E-14,-1.,9.51379467546814E-13));
#1265=DIRECTION('center_axis',(1.,-1.3637062736241E-10,1.2112144830426E-24));
#1266=DIRECTION('ref_axis',(1.3637062736241E-10,1.,1.99840082900786E-15));
#1267=DIRECTION('',(-1.3637062736241E-10,-1.,6.88160890909562E-15));
#1268=DIRECTION('',(0.,-8.88178419700125E-15,-1.));
#1269=DIRECTION('',(1.34656595638173E-15,1.,1.79856167954304E-16));
#1270=DIRECTION('center_axis',(0.,8.88178419700125E-15,1.));
#1271=DIRECTION('ref_axis',(-1.80318722916209E-14,1.,-8.88178419700125E-15));
#1272=DIRECTION('center_axis',(-7.57306469012171E-29,2.44249065427886E-15,
1.));
#1273=DIRECTION('ref_axis',(-1.80318722916209E-14,1.,-2.44249065427887E-15));
#1274=DIRECTION('center_axis',(1.23062301214478E-28,6.88160890909562E-15,
1.));
#1275=DIRECTION('ref_axis',(-1.80318722916209E-14,1.,-6.88160890909562E-15));
#1276=DIRECTION('center_axis',(-6.6264316038565E-29,2.44249065427887E-15,
1.));
#1277=DIRECTION('ref_axis',(-1.,-1.80318722916214E-14,-2.20881053461883E-29));
#1278=DIRECTION('center_axis',(-6.6264316038565E-29,2.44249065427887E-15,
1.));
#1279=DIRECTION('ref_axis',(-1.,-1.80318722916214E-14,-2.06914335795675E-29));
#1280=DIRECTION('center_axis',(-6.6264316038565E-29,2.44249065427887E-15,
1.));
#1281=DIRECTION('ref_axis',(-1.,-1.80318722916214E-14,-2.06914335795675E-29));
#1282=DIRECTION('',(-6.6264316038565E-29,2.44249065427887E-15,1.));
#1283=DIRECTION('center_axis',(-9.96980276113391E-13,-1.79856167952962E-16,
1.));
#1284=DIRECTION('ref_axis',(-1.34656595638173E-15,-1.,-1.79856167954304E-16));
#1285=DIRECTION('',(-1.34656595638173E-15,-1.,-1.79856167954304E-16));
#1286=DIRECTION('',(-1.,0.,0.));
#1287=DIRECTION('',(4.92714684077761E-16,1.,-1.0707894089292E-12));
#1288=DIRECTION('center_axis',(0.,8.88178419700125E-15,1.));
#1289=DIRECTION('ref_axis',(-1.80318722916209E-14,1.,-8.88178419700125E-15));
#1290=DIRECTION('center_axis',(-7.57306469012171E-29,2.44249065427886E-15,
1.));
#1291=DIRECTION('ref_axis',(-1.80318722916209E-14,1.,-2.44249065427887E-15));
#1292=DIRECTION('center_axis',(1.23062301214478E-28,6.88160890909562E-15,
1.));
#1293=DIRECTION('ref_axis',(-1.80318722916209E-14,1.,-6.88160890909562E-15));
#1294=DIRECTION('center_axis',(1.,-4.92714684077609E-16,1.38917290593918E-16));
#1295=DIRECTION('ref_axis',(-4.92714684077609E-16,-1.,-1.55211197809564E-14));
#1296=DIRECTION('center_axis',(1.,-4.92714684077609E-16,1.38917290593966E-16));
#1297=DIRECTION('ref_axis',(-4.9271468407761E-16,-1.,-1.55211197809564E-14));
#1298=DIRECTION('center_axis',(-1.,0.,0.));
#1299=DIRECTION('ref_axis',(0.,-1.,-1.55211197809564E-14));
#1300=DIRECTION('center_axis',(-1.,0.,0.));
#1301=DIRECTION('ref_axis',(0.,-1.,-1.55211197809564E-14));
#1302=DIRECTION('center_axis',(1.,-4.92714684077609E-16,1.38917290593963E-16));
#1303=DIRECTION('ref_axis',(-4.92714684077612E-16,-1.,-1.55211197809564E-14));
#1304=DIRECTION('center_axis',(1.,-4.92714684077609E-16,1.38917290594013E-16));
#1305=DIRECTION('ref_axis',(-4.92714684077609E-16,-1.,-1.55211197809564E-14));
#1306=DIRECTION('center_axis',(1.34656595638173E-15,1.,1.79856167954304E-16));
#1307=DIRECTION('ref_axis',(1.,-1.34656595638174E-15,2.8310687127931E-14));
#1308=DIRECTION('center_axis',(-1.,4.92714684077597E-16,-1.5279507840179E-16));
#1309=DIRECTION('ref_axis',(4.92714684077597E-16,1.,1.55211197809564E-14));
#1310=CARTESIAN_POINT('',(0.,0.,0.));
#1311=CARTESIAN_POINT('Origin',(7.9437713499383,45.2361096272724,10.1647335529257));
#1312=CARTESIAN_POINT('',(-36.0562288002047,42.5361096272725,10.1647335529247));
#1313=CARTESIAN_POINT('',(-36.0562288000976,42.5361111219203,10.6647335529257));
#1314=CARTESIAN_POINT('Ctrl Pts',(-36.0562288000974,42.5361096272725,10.1647335529258));
#1315=CARTESIAN_POINT('Ctrl Pts',(-36.0562288000974,42.5361096272725,10.3304221218629));
#1316=CARTESIAN_POINT('Ctrl Pts',(-36.0562288000974,42.5361091179034,10.4971199119745));
#1317=CARTESIAN_POINT('Ctrl Pts',(-36.0562288000974,42.5361111219203,10.6647335529257));
#1318=CARTESIAN_POINT('',(-33.8894442300749,42.5361096272711,-3.47279139840158));
#1319=CARTESIAN_POINT('Origin',(7.9437713499383,42.5361096272724,10.1647335529257));
#1320=CARTESIAN_POINT('',(-33.611454891113,42.5361096272712,-4.29774149574751));
#1321=CARTESIAN_POINT('Ctrl Pts',(-33.611454891113,42.5361096272723,-4.29774149573906));
#1322=CARTESIAN_POINT('Ctrl Pts',(-33.6172117068241,42.5361096275578,-4.29774149459739));
#1323=CARTESIAN_POINT('Ctrl Pts',(-33.6229964148263,42.5361260537731,-4.29767583435817));
#1324=CARTESIAN_POINT('Ctrl Pts',(-33.7349722763032,42.5367604292021,-4.29513811771794));
#1325=CARTESIAN_POINT('Ctrl Pts',(-33.8425182887054,42.5430838241123,-4.27104267459728));
#1326=CARTESIAN_POINT('Ctrl Pts',(-34.0225892417935,42.5587361450287,-4.19550445305627));
#1327=CARTESIAN_POINT('Ctrl Pts',(-34.0967935829461,42.5671906928727,-4.14922139257793));
#1328=CARTESIAN_POINT('Ctrl Pts',(-34.1977484817698,42.5784487132408,-4.05852652269188));
#1329=CARTESIAN_POINT('Ctrl Pts',(-34.233837831866,42.5824075567026,-4.01712572101615));
#1330=CARTESIAN_POINT('Ctrl Pts',(-34.2720611863672,42.5855690701991,-3.95474694873385));
#1331=CARTESIAN_POINT('Ctrl Pts',(-34.2811739715545,42.5861953306464,-3.93757822284021));
#1332=CARTESIAN_POINT('Ctrl Pts',(-34.2938963906059,42.5867806056301,-3.90886559682437));
#1333=CARTESIAN_POINT('Ctrl Pts',(-34.2982847123135,42.5869016444544,-3.89763329109911));
#1334=CARTESIAN_POINT('Ctrl Pts',(-34.3055760190866,42.5869141962374,-3.87591326826598));
#1335=CARTESIAN_POINT('Ctrl Pts',(-34.3085763168933,42.5868258189749,-3.86545902941287));
#1336=CARTESIAN_POINT('Ctrl Pts',(-34.3142180017058,42.5863987975032,-3.84154471966269));
#1337=CARTESIAN_POINT('Ctrl Pts',(-34.3165445393577,42.5859993873375,-3.82804227925265));
#1338=CARTESIAN_POINT('Ctrl Pts',(-34.3205651662977,42.5843922305205,-3.78948183895469));
#1339=CARTESIAN_POINT('Ctrl Pts',(-34.3200545463072,42.5827921915275,-3.76449045170562));
#1340=CARTESIAN_POINT('Ctrl Pts',(-34.3115748192268,42.5782994189444,-3.71213569683891));
#1341=CARTESIAN_POINT('Ctrl Pts',(-34.3027684136095,42.5753357972714,-3.68568041486697));
#1342=CARTESIAN_POINT('Ctrl Pts',(-34.2756908931517,42.5684371426688,-3.63385027011081));
#1343=CARTESIAN_POINT('Ctrl Pts',(-34.2570664724576,42.5645698358983,-3.60974819272726));
#1344=CARTESIAN_POINT('Ctrl Pts',(-34.2074439866351,42.5561277004157,-3.56210108385985));
#1345=CARTESIAN_POINT('Ctrl Pts',(-34.1750798944758,42.5517487117875,-3.54089076130911));
#1346=CARTESIAN_POINT('Ctrl Pts',(-34.0909398097986,42.5429852460288,-3.50055719105238));
#1347=CARTESIAN_POINT('Ctrl Pts',(-34.0365694321308,42.5394092844912,-3.48614478231131));
#1348=CARTESIAN_POINT('Ctrl Pts',(-33.9519762110441,42.5366135300854,-3.47479044259306));
#1349=CARTESIAN_POINT('Ctrl Pts',(-33.9210127796046,42.5361096288591,-3.47279140475583));
#1350=CARTESIAN_POINT('Ctrl Pts',(-33.8894442300749,42.5361096272723,-3.47279139841102));
#1351=CARTESIAN_POINT('',(-6.44531215674665,42.5361096272704,-31.4159624508511));
#1352=CARTESIAN_POINT('Origin',(7.9437713499383,42.5361096272724,10.1647335529257));
#1353=CARTESIAN_POINT('',(-5.62036205938961,42.5361096272703,-31.6923362074754));
#1354=CARTESIAN_POINT('Ctrl Pts',(-5.62036205940059,42.5361096272717,-31.6923362074754));
#1355=CARTESIAN_POINT('Ctrl Pts',(-5.62036206269397,42.5361096280954,-31.7428411385761));
#1356=CARTESIAN_POINT('Ctrl Pts',(-5.62547665192463,42.537414153995,-31.7916147696681));
#1357=CARTESIAN_POINT('Ctrl Pts',(-5.64861871915566,42.5429736157134,-31.8945776693616));
#1358=CARTESIAN_POINT('Ctrl Pts',(-5.6693631691531,42.5478410386376,-31.9458412832653));
#1359=CARTESIAN_POINT('Ctrl Pts',(-5.71822196031814,42.5576790580861,-32.0208020260708));
#1360=CARTESIAN_POINT('Ctrl Pts',(-5.74405751494342,42.5624982342429,-32.0494883560579));
#1361=CARTESIAN_POINT('Ctrl Pts',(-5.80143523208216,42.5712944499527,-32.091191526767));
#1362=CARTESIAN_POINT('Ctrl Pts',(-5.8305575145431,42.5751304174887,-32.1053324087118));
#1363=CARTESIAN_POINT('Ctrl Pts',(-5.89134341467106,42.5812634328192,-32.1215397898603));
#1364=CARTESIAN_POINT('Ctrl Pts',(-5.92151971260877,42.5835343294719,-32.1241611296891));
#1365=CARTESIAN_POINT('Ctrl Pts',(-5.96678853765899,42.5856895355912,-32.1210457169673));
#1366=CARTESIAN_POINT('Ctrl Pts',(-5.98154480753896,42.5861975557265,-32.118922515008));
#1367=CARTESIAN_POINT('Ctrl Pts',(-6.00695515910268,42.5867456670705,-32.113489551061));
#1368=CARTESIAN_POINT('Ctrl Pts',(-6.01765862950692,42.5868737657334,-32.1106410423698));
#1369=CARTESIAN_POINT('Ctrl Pts',(-6.03922727776231,42.5869319117501,-32.103823278832));
#1370=CARTESIAN_POINT('Ctrl Pts',(-6.05007702440631,42.5868547390772,-32.0998201251526));
#1371=CARTESIAN_POINT('Ctrl Pts',(-6.07657816261709,42.5864192114641,-32.0887007205265));
#1372=CARTESIAN_POINT('Ctrl Pts',(-6.09202052633859,42.5859443275343,-32.0810217508016));
#1373=CARTESIAN_POINT('Ctrl Pts',(-6.13965387886059,42.5838637860442,-32.0538454420973));
#1374=CARTESIAN_POINT('Ctrl Pts',(-6.17019231002241,42.5815843235287,-32.0310728538405));
#1375=CARTESIAN_POINT('Ctrl Pts',(-6.26456068844517,42.5723605113134,-31.9453980528236));
#1376=CARTESIAN_POINT('Ctrl Pts',(-6.32190994204196,42.5627238418142,-31.8656804306367));
#1377=CARTESIAN_POINT('Ctrl Pts',(-6.40557395605274,42.5460614456641,-31.6856653563036));
#1378=CARTESIAN_POINT('Ctrl Pts',(-6.43222444339198,42.539356079896,-31.5890633715205));
#1379=CARTESIAN_POINT('Ctrl Pts',(-6.44407673419734,42.5364201014317,-31.4663307592849));
#1380=CARTESIAN_POINT('Ctrl Pts',(-6.44531215502162,42.5361096277006,-31.4409212796858));
#1381=CARTESIAN_POINT('Ctrl Pts',(-6.44531215673651,42.5361096272717,-31.4159624508511));
#1382=CARTESIAN_POINT('',(7.94377135002402,42.5361096272716,-33.8352664470744));
#1383=CARTESIAN_POINT('Origin',(7.9437713499383,42.5361096272724,10.1647335529257));
#1384=CARTESIAN_POINT('',(8.44377134993827,42.5361111217616,-33.8352664470741));
#1385=CARTESIAN_POINT('Ctrl Pts',(8.44377134993827,42.5361111217616,-33.8352664470739));
#1386=CARTESIAN_POINT('Ctrl Pts',(8.27615770903016,42.5361091178505,-33.8352664470741));
#1387=CARTESIAN_POINT('Ctrl Pts',(8.10945991893495,42.5361096272716,-33.8352664470743));
#1388=CARTESIAN_POINT('Ctrl Pts',(7.94377134998217,42.5361096272716,-33.8352664470744));
#1389=CARTESIAN_POINT('',(8.44377134993834,45.2361096272716,-36.5325897108329));
#1390=CARTESIAN_POINT('Ctrl Pts',(8.44377134993827,42.5361111217616,-33.8352664470743));
#1391=CARTESIAN_POINT('Ctrl Pts',(8.44377134993827,42.5364610783789,-34.1678972436303));
#1392=CARTESIAN_POINT('Ctrl Pts',(8.44377134993835,42.6144834726516,-34.5587543929251));
#1393=CARTESIAN_POINT('Ctrl Pts',(8.44377134993834,42.8691632712592,-35.1736275172394));
#1394=CARTESIAN_POINT('Ctrl Pts',(8.44377134993834,43.0913172606085,-35.506119506476));
#1395=CARTESIAN_POINT('Ctrl Pts',(8.44377134993834,43.5625620898085,-35.9773810277141));
#1396=CARTESIAN_POINT('Ctrl Pts',(8.44377134993834,43.8950324365771,-36.199540227986));
#1397=CARTESIAN_POINT('Ctrl Pts',(8.44377134993834,44.5107307390499,-36.4545792760386));
#1398=CARTESIAN_POINT('Ctrl Pts',(8.44377134993827,44.9028993733001,-36.5325897108329));
#1399=CARTESIAN_POINT('Ctrl Pts',(8.44377134993827,45.2361096272716,-36.5325897108329));
#1400=CARTESIAN_POINT('',(8.44377134993828,47.9361081327817,-33.8352664470741));
#1401=CARTESIAN_POINT('Ctrl Pts',(8.44377134993828,45.2361096272716,-36.5325897108329));
#1402=CARTESIAN_POINT('Ctrl Pts',(8.44377134993828,45.569319881243,-36.5325897108329));
#1403=CARTESIAN_POINT('Ctrl Pts',(8.44377134993834,45.9614885154932,-36.4545792760386));
#1404=CARTESIAN_POINT('Ctrl Pts',(8.44377134993827,46.5771868179661,-36.199540227986));
#1405=CARTESIAN_POINT('Ctrl Pts',(8.44377134993827,46.9096571647347,-35.9773810277141));
#1406=CARTESIAN_POINT('Ctrl Pts',(8.44377134993827,47.3809019939347,-35.506119506476));
#1407=CARTESIAN_POINT('Ctrl Pts',(8.44377134993827,47.603055983284,-35.1736275172394));
#1408=CARTESIAN_POINT('Ctrl Pts',(8.44377134993827,47.8577357818916,-34.5587543929251));
#1409=CARTESIAN_POINT('Ctrl Pts',(8.44377134993828,47.9357581761643,-34.1678972436303));
#1410=CARTESIAN_POINT('Ctrl Pts',(8.44377134993828,47.9361081327817,-33.8352664470743));
#1411=CARTESIAN_POINT('',(7.94377135002403,47.9361096272716,-33.8352664470744));
#1412=CARTESIAN_POINT('Ctrl Pts',(7.94377134998217,47.9361096272716,-33.8352664470744));
#1413=CARTESIAN_POINT('Ctrl Pts',(8.10945991893496,47.9361096272716,-33.8352664470743));
#1414=CARTESIAN_POINT('Ctrl Pts',(8.27615770903017,47.9361101366928,-33.8352664470741));
#1415=CARTESIAN_POINT('Ctrl Pts',(8.44377134993828,47.9361081327817,-33.8352664470739));
#1416=CARTESIAN_POINT('',(-36.0562288002047,47.9361096272725,10.1647335529247));
#1417=CARTESIAN_POINT('Origin',(7.94377134993831,47.9361096272724,10.1647335529257));
#1418=CARTESIAN_POINT('',(-36.0562288002036,47.9361081326246,10.6647335529256));
#1419=CARTESIAN_POINT('Ctrl Pts',(-36.0562288002034,47.9361081326246,10.6647335529256));
#1420=CARTESIAN_POINT('Ctrl Pts',(-36.0562288002034,47.9361101366416,10.4971199119744));
#1421=CARTESIAN_POINT('Ctrl Pts',(-36.0562288002034,47.9361096272725,10.3304221218628));
#1422=CARTESIAN_POINT('Ctrl Pts',(-36.0562288002034,47.9361096272725,10.1647335529257));
#1423=CARTESIAN_POINT('',(-38.7535519138203,45.2361096272725,10.6647335529257));
#1424=CARTESIAN_POINT('Ctrl Pts',(-36.0562288002037,47.9361081326246,10.6647335529256));
#1425=CARTESIAN_POINT('Ctrl Pts',(-36.3888595642453,47.9357581575469,10.6647335529256));
#1426=CARTESIAN_POINT('Ctrl Pts',(-36.7797166421042,47.85773576276,10.6647335529256));
#1427=CARTESIAN_POINT('Ctrl Pts',(-37.3945897202268,47.6030559832849,10.6647335529256));
#1428=CARTESIAN_POINT('Ctrl Pts',(-37.7270817094633,47.3809019939357,10.6647335529256));
#1429=CARTESIAN_POINT('Ctrl Pts',(-38.1983432307015,46.9096571647356,10.6647335529256));
#1430=CARTESIAN_POINT('Ctrl Pts',(-38.4205024309734,46.577186817967,10.6647335529256));
#1431=CARTESIAN_POINT('Ctrl Pts',(-38.6755414790261,45.9614885154942,10.6647335529256));
#1432=CARTESIAN_POINT('Ctrl Pts',(-38.7535519138204,45.569319881244,10.6647335529257));
#1433=CARTESIAN_POINT('Ctrl Pts',(-38.7535519138204,45.2361096272725,10.6647335529257));
#1434=CARTESIAN_POINT('Ctrl Pts',(-38.7535519138204,45.2361096272725,10.6647335529257));
#1435=CARTESIAN_POINT('Ctrl Pts',(-38.7535519138204,44.9028993733011,10.6647335529257));
#1436=CARTESIAN_POINT('Ctrl Pts',(-38.6755414790261,44.5107307390508,10.6647335529257));
#1437=CARTESIAN_POINT('Ctrl Pts',(-38.4205024309735,43.895032436578,10.6647335529257));
#1438=CARTESIAN_POINT('Ctrl Pts',(-38.1983432307016,43.5625620898094,10.6647335529257));
#1439=CARTESIAN_POINT('Ctrl Pts',(-37.7270817094634,43.0913172606094,10.6647335529257));
#1440=CARTESIAN_POINT('Ctrl Pts',(-37.3945897202269,42.8691632712601,10.6647335529257));
#1441=CARTESIAN_POINT('Ctrl Pts',(-36.7797166420716,42.6144834917716,10.6647335529257));
#1442=CARTESIAN_POINT('Ctrl Pts',(-36.3888595641623,42.5364610969851,10.6647335529257));
#1443=CARTESIAN_POINT('Ctrl Pts',(-36.0562288000977,42.5361111219203,10.6647335529257));
#1444=CARTESIAN_POINT('Origin',(-36.0562288000189,38.5369084769302,10.1647335529247));
#1445=CARTESIAN_POINT('',(-36.0562288001112,43.2361096272707,10.6647335529247));
#1446=CARTESIAN_POINT('',(-36.0562288002015,47.8361096272715,10.6647335529247));
#1447=CARTESIAN_POINT('',(-36.056228800111,43.2361096272708,12.6647335529247));
#1448=CARTESIAN_POINT('',(-36.0562288001111,43.2361096272707,10.1647335529247));
#1449=CARTESIAN_POINT('',(-36.0562288000189,38.5369084769302,12.6647335529247));
#1450=CARTESIAN_POINT('',(-36.0562288002014,47.8361096272715,12.6647335529247));
#1451=CARTESIAN_POINT('',(-36.0562288000189,38.5369084769302,10.6647335529247));
#1452=CARTESIAN_POINT('',(-36.056228800019,38.5369084769302,10.1647335529247));
#1453=CARTESIAN_POINT('',(-36.0562288000328,39.2369069822819,10.6647335528792));
#1454=CARTESIAN_POINT('',(-36.0562288002014,47.8361096272715,10.6647335529247));
#1455=CARTESIAN_POINT('',(-36.0562288002047,39.2369084769297,10.1647335529248));
#1456=CARTESIAN_POINT('Ctrl Pts',(-36.0562288000326,39.2369069822819,10.6647335528792));
#1457=CARTESIAN_POINT('Ctrl Pts',(-36.0562288000326,39.2369089862988,10.4971199119428));
#1458=CARTESIAN_POINT('Ctrl Pts',(-36.0562288000326,39.2369084769297,10.3304221218458));
#1459=CARTESIAN_POINT('Ctrl Pts',(-36.0562288000326,39.2369084769297,10.1647335529231));
#1460=CARTESIAN_POINT('',(-36.0562288002047,49.8369088146708,10.1647335529246));
#1461=CARTESIAN_POINT('Origin',(-36.0562288001896,47.2361096272708,10.1647335529247));
#1462=CARTESIAN_POINT('',(-36.0562288001897,47.2361096272708,10.6647335529247));
#1463=CARTESIAN_POINT('',(-36.0562288002015,47.8361096272715,10.6647335529247));
#1464=CARTESIAN_POINT('',(-36.0562288002047,49.8369088146707,10.1647335529246));
#1465=CARTESIAN_POINT('',(-36.0562288002047,49.8369088146708,10.1647335529246));
#1466=CARTESIAN_POINT('',(-36.0562288002014,49.8369088146699,12.6647335529247));
#1467=CARTESIAN_POINT('',(-36.0562288002014,49.8369088146699,10.1647335529247));
#1468=CARTESIAN_POINT('',(-36.0562288001896,47.2361096272708,12.6647335529247));
#1469=CARTESIAN_POINT('',(-36.0562288002014,47.8361096272715,12.6647335529247));
#1470=CARTESIAN_POINT('',(-36.0562288001896,47.2361096272708,10.1647335529247));
#1471=CARTESIAN_POINT('Origin',(7.94377119979529,49.8369088146707,10.1647335529255));
#1472=CARTESIAN_POINT('',(7.94377119979325,49.8369088146715,-33.8352664470744));
#1473=CARTESIAN_POINT('',(7.94377135002403,49.8369088146707,-33.8352664470744));
#1474=CARTESIAN_POINT('Origin',(7.94377119979529,49.8369088146714,10.1647335529255));
#1475=CARTESIAN_POINT('Origin',(7.94377119979529,49.8369088146707,10.1647335529255));
#1476=CARTESIAN_POINT('',(-4.33283710806856,40.8869085072665,-32.0878981811486));
#1477=CARTESIAN_POINT('Ctrl Pts',(-5.62036205938961,42.536109627269,-31.6923362074754));
#1478=CARTESIAN_POINT('Ctrl Pts',(-5.53892069810044,42.5157406564656,-31.718727961214));
#1479=CARTESIAN_POINT('Ctrl Pts',(-5.45819203472141,42.4890949023644,-31.7446228666054));
#1480=CARTESIAN_POINT('Ctrl Pts',(-5.1682158068532,42.3684363796911,-31.8367552454658));
#1481=CARTESIAN_POINT('Ctrl Pts',(-4.97378307940571,42.2347489665077,-31.896681822108));
#1482=CARTESIAN_POINT('Ctrl Pts',(-4.67402095007161,41.9294733340563,-31.987544462094));
#1483=CARTESIAN_POINT('Ctrl Pts',(-4.54590795105618,41.7409294157037,-32.0255001616386));
#1484=CARTESIAN_POINT('Ctrl Pts',(-4.37528795838084,41.3260450442676,-32.0756344330441));
#1485=CARTESIAN_POINT('Ctrl Pts',(-4.33283710806857,41.0996918013892,-32.0878981811486));
#1486=CARTESIAN_POINT('Ctrl Pts',(-4.33283710806856,40.8869085072665,-32.0878981811486));
#1487=CARTESIAN_POINT('',(-5.62356959177357,39.2369084769301,-31.6912966439939));
#1488=CARTESIAN_POINT('Ctrl Pts',(-4.33283710806856,40.8869085072665,-32.0878981811486));
#1489=CARTESIAN_POINT('Ctrl Pts',(-4.33283710806856,40.6714718157976,-32.0878981811486));
#1490=CARTESIAN_POINT('Ctrl Pts',(-4.37634388615467,40.4424974167847,-32.0753307898908));
#1491=CARTESIAN_POINT('Ctrl Pts',(-4.55085726872383,40.0236549451122,-32.0240390163341));
#1492=CARTESIAN_POINT('Ctrl Pts',(-4.68180795997757,39.8337745993232,-31.9852246730895));
#1493=CARTESIAN_POINT('Ctrl Pts',(-4.98420865713481,39.531373902166,-31.8934767306973));
#1494=CARTESIAN_POINT('Ctrl Pts',(-5.17723992928365,39.4005437674067,-31.8339261798548));
#1495=CARTESIAN_POINT('Ctrl Pts',(-5.46404317201364,39.2827116311888,-31.7427488792118));
#1496=CARTESIAN_POINT('Ctrl Pts',(-5.54347363403479,39.2567755515292,-31.7172591910763));
#1497=CARTESIAN_POINT('Ctrl Pts',(-5.62356959177357,39.2369084769314,-31.6912966439939));
#1498=CARTESIAN_POINT('',(7.94377135002401,39.2369084769288,-33.8352664470742));
#1499=CARTESIAN_POINT('Origin',(7.94377134998577,39.2369084769296,10.1647335529231));
#1500=CARTESIAN_POINT('',(7.94377135002403,49.8369088146707,-33.8352664470744));
#1501=CARTESIAN_POINT('Origin',(7.94377119979529,49.8369088146707,10.1647335529255));
#1502=CARTESIAN_POINT('',(-33.1407453484128,40.8869085072661,-5.58526644707498));
#1503=CARTESIAN_POINT('Ctrl Pts',(-33.1407453484128,40.8869085072661,-5.58526644707499));
#1504=CARTESIAN_POINT('Ctrl Pts',(-33.1407453484128,41.1034656278431,-5.58526644707499));
#1505=CARTESIAN_POINT('Ctrl Pts',(-33.1576773779686,41.3330033969401,-5.5413059868903));
#1506=CARTESIAN_POINT('Ctrl Pts',(-33.2240978435741,41.7516553868775,-5.36637431468199));
#1507=CARTESIAN_POINT('Ctrl Pts',(-33.2734301256289,41.9408357793151,-5.23550223106026));
#1508=CARTESIAN_POINT('Ctrl Pts',(-33.3847285849983,42.2420080912405,-4.93432991913485));
#1509=CARTESIAN_POINT('Ctrl Pts',(-33.4547196545586,42.3725168607615,-4.74211889900211));
#1510=CARTESIAN_POINT('Ctrl Pts',(-33.5560386339259,42.4903034849552,-4.45622374390618));
#1511=CARTESIAN_POINT('Ctrl Pts',(-33.5837404392986,42.5161931107436,-4.37737380676349));
#1512=CARTESIAN_POINT('Ctrl Pts',(-33.611454891113,42.5361096272701,-4.29774149574751));
#1513=CARTESIAN_POINT('',(-33.6125710705738,39.2369084769308,-4.29453396337461));
#1514=CARTESIAN_POINT('Ctrl Pts',(-33.6125710705738,39.2369084769322,-4.29453396337461));
#1515=CARTESIAN_POINT('Ctrl Pts',(-33.583374345468,39.2577221383919,-4.37844617402461));
#1516=CARTESIAN_POINT('Ctrl Pts',(-33.5541848171953,39.2851680799387,-4.46150831265511));
#1517=CARTESIAN_POINT('Ctrl Pts',(-33.4504891375899,39.407644786595,-4.75390354954977));
#1518=CARTESIAN_POINT('Ctrl Pts',(-33.3797592568927,39.5418756385187,-4.94793237813782));
#1519=CARTESIAN_POINT('Ctrl Pts',(-33.2696041653369,39.846820597899,-5.24569473956748));
#1520=CARTESIAN_POINT('Ctrl Pts',(-33.2216410907888,40.0342692786017,-5.37286864728432));
#1521=CARTESIAN_POINT('Ctrl Pts',(-33.1571370087372,40.4477564549988,-5.54270403779178));
#1522=CARTESIAN_POINT('Ctrl Pts',(-33.1407453484128,40.6738589203612,-5.58526644707498));
#1523=CARTESIAN_POINT('Ctrl Pts',(-33.1407453484128,40.8869085072661,-5.58526644707498));
#1524=CARTESIAN_POINT('',(-6.44210462436248,39.23690847693,-31.4170722853484));
#1525=CARTESIAN_POINT('Origin',(7.94377134998577,39.2369084769296,10.1647335529231));
#1526=CARTESIAN_POINT('Ctrl Pts',(-6.44210462436248,39.2369084769312,-31.4170722853484));
#1527=CARTESIAN_POINT('Ctrl Pts',(-6.52284015040151,39.2569341906349,-31.3891405678873));
#1528=CARTESIAN_POINT('Ctrl Pts',(-6.60279139314833,39.2830982712284,-31.36121372143));
#1529=CARTESIAN_POINT('Ctrl Pts',(-6.88972572369949,39.4013205117814,-31.2600972013164));
#1530=CARTESIAN_POINT('Ctrl Pts',(-7.08192400175009,39.5318323449138,-31.1904965023297));
#1531=CARTESIAN_POINT('Ctrl Pts',(-7.38310179667537,39.8330101398391,-31.0798041279466));
#1532=CARTESIAN_POINT('Ctrl Pts',(-7.51397385175148,40.0222115411624,-31.0307377731599));
#1533=CARTESIAN_POINT('Ctrl Pts',(-7.68889053351627,40.4408660474319,-30.9646796089251));
#1534=CARTESIAN_POINT('Ctrl Pts',(-7.73283710806856,40.670384587327,-30.9478430138844));
#1535=CARTESIAN_POINT('Ctrl Pts',(-7.73283710806856,41.0999628623428,-30.9478430138844));
#1536=CARTESIAN_POINT('Ctrl Pts',(-7.69027338192603,41.326082579012,-30.9641479521439));
#1537=CARTESIAN_POINT('Ctrl Pts',(-7.52039931188643,41.7396262945479,-31.0283201598097));
#1538=CARTESIAN_POINT('Ctrl Pts',(-7.393186969217,41.927113571847,-31.0760389311975));
#1539=CARTESIAN_POINT('Ctrl Pts',(-7.09538533717862,42.2320226327836,-31.1856058133852));
#1540=CARTESIAN_POINT('Ctrl Pts',(-6.90138866459503,42.3662175631309,-31.2559336918551));
#1541=CARTESIAN_POINT('Ctrl Pts',(-6.61006575701632,42.4882320283919,-31.3586687286278));
#1542=CARTESIAN_POINT('Ctrl Pts',(-6.52811435593407,42.5154003027809,-31.3873085835348));
#1543=CARTESIAN_POINT('Ctrl Pts',(-6.44531215674665,42.5361096272692,-31.4159624508511));
#1544=CARTESIAN_POINT('Origin',(7.94377135002403,49.8369088146715,-33.8352664470744));
#1545=CARTESIAN_POINT('',(8.44377134993539,47.2361096272717,-33.8352664470719));
#1546=CARTESIAN_POINT('',(8.44377134993532,47.8361096272717,-33.8352664470719));
#1547=CARTESIAN_POINT('',(10.4437713499353,47.2361096272717,-33.8352664470714));
#1548=CARTESIAN_POINT('',(9.94377134993535,47.2361096272717,-33.8352664470719));
#1549=CARTESIAN_POINT('',(10.4437711997932,49.8369088146715,-33.8352664470719));
#1550=CARTESIAN_POINT('',(10.443771350024,49.8369088146707,-33.8352664470719));
#1551=CARTESIAN_POINT('',(7.94377119979325,49.8369088146715,-33.8352664470744));
#1552=CARTESIAN_POINT('Origin',(7.94377134998577,36.5369084769296,10.1647335529231));
#1553=CARTESIAN_POINT('',(-38.7535519137734,36.5369084769297,10.6647335528765));
#1554=CARTESIAN_POINT('Ctrl Pts',(-36.056228800033,39.2369069822819,10.6647335528792));
#1555=CARTESIAN_POINT('Ctrl Pts',(-36.3888595641014,39.2365570072194,10.6647335528788));
#1556=CARTESIAN_POINT('Ctrl Pts',(-36.7797166420191,39.1585346124329,10.6647335528784));
#1557=CARTESIAN_POINT('Ctrl Pts',(-37.3945897201799,38.9038548329421,10.6647335528778));
#1558=CARTESIAN_POINT('Ctrl Pts',(-37.7270817094164,38.6817008435928,10.6647335528775));
#1559=CARTESIAN_POINT('Ctrl Pts',(-38.1983432306546,38.2104560143927,10.664733552877));
#1560=CARTESIAN_POINT('Ctrl Pts',(-38.4205024309265,37.8779856676242,10.6647335528768));
#1561=CARTESIAN_POINT('Ctrl Pts',(-38.6755414789792,37.2622873651513,10.6647335528766));
#1562=CARTESIAN_POINT('Ctrl Pts',(-38.7535519137734,36.8701187309011,10.6647335528765));
#1563=CARTESIAN_POINT('Ctrl Pts',(-38.7535519137734,36.5369084769297,10.6647335528765));
#1564=CARTESIAN_POINT('',(-36.0562287999424,33.8369099715773,10.6647335528793));
#1565=CARTESIAN_POINT('Ctrl Pts',(-38.7535519137734,36.5369084769297,10.6647335528765));
#1566=CARTESIAN_POINT('Ctrl Pts',(-38.7535519137734,36.2036982229582,10.6647335528765));
#1567=CARTESIAN_POINT('Ctrl Pts',(-38.6755414789792,35.811529588708,10.6647335528766));
#1568=CARTESIAN_POINT('Ctrl Pts',(-38.4205024309265,35.1958312862352,10.6647335528769));
#1569=CARTESIAN_POINT('Ctrl Pts',(-38.1983432306546,34.8633609394666,10.6647335528771));
#1570=CARTESIAN_POINT('Ctrl Pts',(-37.7270817094166,34.3921161102665,10.6647335528776));
#1571=CARTESIAN_POINT('Ctrl Pts',(-37.39458972018,34.1699621209173,10.6647335528779));
#1572=CARTESIAN_POINT('Ctrl Pts',(-36.7797166419914,33.9152823414149,10.6647335528785));
#1573=CARTESIAN_POINT('Ctrl Pts',(-36.3888595640306,33.8372599466288,10.6647335528789));
#1574=CARTESIAN_POINT('Ctrl Pts',(-36.0562287999426,33.8369099715773,10.6647335528793));
#1575=CARTESIAN_POINT('',(-36.0562288002047,33.8369084769297,10.1647335529248));
#1576=CARTESIAN_POINT('Ctrl Pts',(-36.0562287999422,33.8369084769297,10.1647335529232));
#1577=CARTESIAN_POINT('Ctrl Pts',(-36.0562287999422,33.8369084769297,10.330422121846));
#1578=CARTESIAN_POINT('Ctrl Pts',(-36.0562287999422,33.8369079675605,10.4971199119429));
#1579=CARTESIAN_POINT('Ctrl Pts',(-36.0562287999422,33.8369099715773,10.6647335528793));
#1580=CARTESIAN_POINT('',(7.943771350024,33.8369084769288,-33.8352664470742));
#1581=CARTESIAN_POINT('Origin',(7.94377134998576,33.8369084769296,10.1647335529231));
#1582=CARTESIAN_POINT('',(8.4437713500295,33.8369099714187,-33.8352664470741));
#1583=CARTESIAN_POINT('Ctrl Pts',(8.4437713500295,33.8369099714187,-33.8352664470739));
#1584=CARTESIAN_POINT('Ctrl Pts',(8.27589128504098,33.8369079643224,-33.8352664470741));
#1585=CARTESIAN_POINT('Ctrl Pts',(8.10918719579802,33.8369084769288,-33.8352664470743));
#1586=CARTESIAN_POINT('Ctrl Pts',(7.94377135002963,33.8369084769288,-33.8352664470744));
#1587=CARTESIAN_POINT('',(8.44377135003228,36.5369084769287,-36.5325897108351));
#1588=CARTESIAN_POINT('Ctrl Pts',(8.4437713500295,33.8369099714187,-33.8352664470743));
#1589=CARTESIAN_POINT('Ctrl Pts',(8.44377135002983,33.8372599280358,-34.1678972436308));
#1590=CARTESIAN_POINT('Ctrl Pts',(8.44377135003029,33.9152823223085,-34.5587543929266));
#1591=CARTESIAN_POINT('Ctrl Pts',(8.44377135003093,34.1699621209164,-35.1736275172415));
#1592=CARTESIAN_POINT('Ctrl Pts',(8.44377135003128,34.3921161102656,-35.5061195064781));
#1593=CARTESIAN_POINT('Ctrl Pts',(8.44377135003171,34.8633609394657,-35.9773810277162));
#1594=CARTESIAN_POINT('Ctrl Pts',(8.44377135003192,35.1958312862343,-36.1995402279881));
#1595=CARTESIAN_POINT('Ctrl Pts',(8.44377135003221,35.8115295887071,-36.4545792760408));
#1596=CARTESIAN_POINT('Ctrl Pts',(8.44377135003219,36.2036982229573,-36.5325897108351));
#1597=CARTESIAN_POINT('Ctrl Pts',(8.4437713500322,36.5369084769287,-36.5325897108351));
#1598=CARTESIAN_POINT('',(8.44377135002951,39.2369069824388,-33.8352664470741));
#1599=CARTESIAN_POINT('Ctrl Pts',(8.4437713500322,36.5369084769287,-36.5325897108351));
#1600=CARTESIAN_POINT('Ctrl Pts',(8.4437713500322,36.8701187309002,-36.5325897108351));
#1601=CARTESIAN_POINT('Ctrl Pts',(8.44377135003214,37.2622873651504,-36.4545792760408));
#1602=CARTESIAN_POINT('Ctrl Pts',(8.44377135003185,37.8779856676232,-36.1995402279881));
#1603=CARTESIAN_POINT('Ctrl Pts',(8.44377135003164,38.2104560143918,-35.9773810277162));
#1604=CARTESIAN_POINT('Ctrl Pts',(8.44377135003121,38.6817008435919,-35.5061195064781));
#1605=CARTESIAN_POINT('Ctrl Pts',(8.44377135003079,38.9038548329411,-35.1736275172416));
#1606=CARTESIAN_POINT('Ctrl Pts',(8.44377135003022,39.158534631549,-34.5587543929266));
#1607=CARTESIAN_POINT('Ctrl Pts',(8.44377135002984,39.2365570258218,-34.1678972436308));
#1608=CARTESIAN_POINT('Ctrl Pts',(8.44377135002951,39.2369069824388,-33.8352664470743));
#1609=CARTESIAN_POINT('Ctrl Pts',(7.94377135002964,39.2369084769288,-33.8352664470744));
#1610=CARTESIAN_POINT('Ctrl Pts',(8.10918719592881,39.2369084769288,-33.8352664470743));
#1611=CARTESIAN_POINT('Ctrl Pts',(8.27589128515142,39.2369089895351,-33.8352664470741));
#1612=CARTESIAN_POINT('Ctrl Pts',(8.44377135002951,39.2369069824388,-33.8352664470739));
#1613=CARTESIAN_POINT('Ctrl Pts',(-6.44210462435308,39.2369084769288,-31.4170722853484));
#1614=CARTESIAN_POINT('Ctrl Pts',(-6.44210462063075,39.2369084760056,-31.4707965792802));
#1615=CARTESIAN_POINT('Ctrl Pts',(-6.43634164507308,39.2354475829172,-31.5263275735497));
#1616=CARTESIAN_POINT('Ctrl Pts',(-6.41051350344597,39.2293265054194,-31.6514103934238));
#1617=CARTESIAN_POINT('Ctrl Pts',(-6.38751554888171,39.2240255122734,-31.7195571502107));
#1618=CARTESIAN_POINT('Ctrl Pts',(-6.3384701021839,39.2145034935609,-31.8209922425661));
#1619=CARTESIAN_POINT('Ctrl Pts',(-6.31718978841452,39.2106813551001,-31.8576215406004));
#1620=CARTESIAN_POINT('Ctrl Pts',(-6.26223733563951,39.2021677764158,-31.9360569420918));
#1621=CARTESIAN_POINT('Ctrl Pts',(-6.22626257490603,39.1974529751687,-31.977122027903));
#1622=CARTESIAN_POINT('Ctrl Pts',(-6.18552061143255,39.1937789352017,-32.0121880531206));
#1623=CARTESIAN_POINT('Ctrl Pts',(-6.15829616644073,39.1913238817273,-32.0356197435259));
#1624=CARTESIAN_POINT('Ctrl Pts',(-6.12874430178995,39.1893234611226,-32.0565284913512));
#1625=CARTESIAN_POINT('Ctrl Pts',(-6.08356252229099,39.187610237696,-32.0809166574505));
#1626=CARTESIAN_POINT('Ctrl Pts',(-6.06949963250867,39.187243074362,-32.0875695101943));
#1627=CARTESIAN_POINT('Ctrl Pts',(-6.04483195614966,39.1869196701297,-32.0974894169654));
#1628=CARTESIAN_POINT('Ctrl Pts',(-6.03438578868516,39.1868763296144,-32.10117905947));
#1629=CARTESIAN_POINT('Ctrl Pts',(-6.01312058768981,39.1869892229799,-32.107596678613));
#1630=CARTESIAN_POINT('Ctrl Pts',(-6.00230530855377,39.1871476941519,-32.1103114359034));
#1631=CARTESIAN_POINT('Ctrl Pts',(-5.9757593614445,39.1877949493422,-32.1155512316276));
#1632=CARTESIAN_POINT('Ctrl Pts',(-5.95996536838643,39.1883969966425,-32.1174759857859));
#1633=CARTESIAN_POINT('Ctrl Pts',(-5.91320483283427,39.190840493136,-32.1193316655752));
#1634=CARTESIAN_POINT('Ctrl Pts',(-5.8827214910256,39.1932930780635,-32.1155978957731));
#1635=CARTESIAN_POINT('Ctrl Pts',(-5.82619746646166,39.1992919110321,-32.0980286800572));
#1636=CARTESIAN_POINT('Ctrl Pts',(-5.80095904463573,39.2026364000249,-32.0852244462123));
#1637=CARTESIAN_POINT('Ctrl Pts',(-5.75123685614331,39.2101756186232,-32.0493376632743));
#1638=CARTESIAN_POINT('Ctrl Pts',(-5.72836275598491,39.2142821623075,-32.0255082633366));
#1639=CARTESIAN_POINT('Ctrl Pts',(-5.68343451223111,39.2229964554921,-31.9630438584504));
#1640=CARTESIAN_POINT('Ctrl Pts',(-5.6644984663625,39.2272351320596,-31.92252346495));
#1641=CARTESIAN_POINT('Ctrl Pts',(-5.63179718320642,39.234770698259,-31.8199149503381));
#1642=CARTESIAN_POINT('Ctrl Pts',(-5.62356959598385,39.2369084758871,-31.7551397497013));
#1643=CARTESIAN_POINT('Ctrl Pts',(-5.62356959178406,39.2369084769288,-31.6912966439939));
#1644=CARTESIAN_POINT('',(-34.2981384086791,39.1869085072661,-3.88526644718084));
#1645=CARTESIAN_POINT('Ctrl Pts',(-34.2981384086791,39.1869085072661,-3.88526644728666));
#1646=CARTESIAN_POINT('Ctrl Pts',(-34.2946542194508,39.1869085072674,-3.8957418071914));
#1647=CARTESIAN_POINT('Ctrl Pts',(-34.2906820021297,39.1870054797936,-3.90609924930902));
#1648=CARTESIAN_POINT('Ctrl Pts',(-34.2791437891266,39.187492880143,-3.93278510625594));
#1649=CARTESIAN_POINT('Ctrl Pts',(-34.270880426006,39.1880265465608,-3.9488506314137));
#1650=CARTESIAN_POINT('Ctrl Pts',(-34.2461053698071,39.1899787398364,-3.99073402383721));
#1651=CARTESIAN_POINT('Ctrl Pts',(-34.2278916208745,39.1917490661842,-4.01554430735983));
#1652=CARTESIAN_POINT('Ctrl Pts',(-34.2078953800921,39.1938414271668,-4.03864135468421));
#1653=CARTESIAN_POINT('Ctrl Pts',(-34.1528087210109,39.1996055694064,-4.10227027301881));
#1654=CARTESIAN_POINT('Ctrl Pts',(-34.0796285579416,39.208388284201,-4.15827981671154));
#1655=CARTESIAN_POINT('Ctrl Pts',(-33.9103667333325,39.2246839469464,-4.24425441733837));
#1656=CARTESIAN_POINT('Ctrl Pts',(-33.8177440947604,39.2317521607556,-4.27339250584985));
#1657=CARTESIAN_POINT('Ctrl Pts',(-33.686247240731,39.2362469361586,-4.29189429621986));
#1658=CARTESIAN_POINT('Ctrl Pts',(-33.6489400549636,39.2369084751248,-4.29453395608824));
#1659=CARTESIAN_POINT('Ctrl Pts',(-33.6125710705738,39.2369084769294,-4.2945339633634));
#1660=CARTESIAN_POINT('',(-33.8883984464008,39.2369084769309,-3.47599893077441));
#1661=CARTESIAN_POINT('Ctrl Pts',(-33.8883984464008,39.2369084769294,-3.47599893078652));
#1662=CARTESIAN_POINT('Ctrl Pts',(-33.9520677355664,39.2369084737281,-3.47599894369308));
#1663=CARTESIAN_POINT('Ctrl Pts',(-34.0127326793243,39.234813543127,-3.48419351320233));
#1664=CARTESIAN_POINT('Ctrl Pts',(-34.1154452042728,39.2277441420223,-3.51461017920778));
#1665=CARTESIAN_POINT('Ctrl Pts',(-34.1617644741393,39.22293520145,-3.53579760332829));
#1666=CARTESIAN_POINT('Ctrl Pts',(-34.2307370609156,39.2130126552868,-3.58766534988071));
#1667=CARTESIAN_POINT('Ctrl Pts',(-34.256026673738,39.2084115177669,-3.6139266736401));
#1668=CARTESIAN_POINT('Ctrl Pts',(-34.2922508258204,39.2001528632089,-3.67174364670555));
#1669=CARTESIAN_POINT('Ctrl Pts',(-34.3040108343507,39.1966102365522,-3.70117368075918));
#1670=CARTESIAN_POINT('Ctrl Pts',(-34.3152543940277,39.1914281794731,-3.75866121411983));
#1671=CARTESIAN_POINT('Ctrl Pts',(-34.3163545049641,39.1896412432156,-3.78527534695169));
#1672=CARTESIAN_POINT('Ctrl Pts',(-34.3125635148955,39.1879010477521,-3.82560369279287));
#1673=CARTESIAN_POINT('Ctrl Pts',(-34.310349196761,39.187479892547,-3.83918249734165));
#1674=CARTESIAN_POINT('Ctrl Pts',(-34.3048994644071,39.1870208151379,-3.86310309505298));
#1675=CARTESIAN_POINT('Ctrl Pts',(-34.3020039477914,39.1869182711141,-3.87348472269706));
#1676=CARTESIAN_POINT('Ctrl Pts',(-34.2984708190788,39.1869087290771,-3.88426341082525));
#1677=CARTESIAN_POINT('Ctrl Pts',(-34.2983051727767,39.186908507266,-3.88476506408748));
#1678=CARTESIAN_POINT('Ctrl Pts',(-34.2981384086791,39.1869085072661,-3.88526644728666));
#1679=CARTESIAN_POINT('Origin',(7.94377134998577,39.2369084769296,10.1647335529231));
#1680=CARTESIAN_POINT('Origin',(-38.9905088001923,40.8869085072661,-3.885266447075));
#1681=CARTESIAN_POINT('',(-38.9905088001923,39.1869085072661,-3.88526644707502));
#1682=CARTESIAN_POINT('Origin',(-38.9905088002124,40.8869085072661,-3.885266447075));
#1683=CARTESIAN_POINT('',(-38.9905088001923,39.1869085072661,-3.88526644707502));
#1684=CARTESIAN_POINT('Ctrl Pts',(-33.8894442300749,42.5361096272699,-3.47279139840158));
#1685=CARTESIAN_POINT('Ctrl Pts',(-33.9151951918681,42.51635343679,-3.39380011984719));
#1686=CARTESIAN_POINT('Ctrl Pts',(-33.9404785767378,42.4906929268279,-3.31547495772847));
#1687=CARTESIAN_POINT('Ctrl Pts',(-34.0318757642253,42.3732991630844,-3.02971485040102));
#1688=CARTESIAN_POINT('Ctrl Pts',(-34.0918016610972,42.2424701837925,-2.83666506756716));
#1689=CARTESIAN_POINT('Ctrl Pts',(-34.1841266408039,41.9400663673415,-2.53426125111618));
#1690=CARTESIAN_POINT('Ctrl Pts',(-34.22318946399,41.7502021378732,-2.40330963243346));
#1691=CARTESIAN_POINT('Ctrl Pts',(-34.2748148354481,41.3313603499329,-2.22878387610917));
#1692=CARTESIAN_POINT('Ctrl Pts',(-34.2874672381192,41.1023702438017,-2.18526644707499));
#1693=CARTESIAN_POINT('Ctrl Pts',(-34.2874672381192,40.6741322494856,-2.18526644707499));
#1694=CARTESIAN_POINT('Ctrl Pts',(-34.2751241743743,40.4477946191812,-2.22771513523643));
#1695=CARTESIAN_POINT('Ctrl Pts',(-34.2246775030739,40.0329576841984,-2.39830131711014));
#1696=CARTESIAN_POINT('Ctrl Pts',(-34.1864888920754,39.8444453092882,-2.52638187294423));
#1697=CARTESIAN_POINT('Ctrl Pts',(-34.0950644684545,39.5391311875321,-2.826117306831));
#1698=CARTESIAN_POINT('Ctrl Pts',(-34.0347553680231,39.4054111174887,-3.02058547497595));
#1699=CARTESIAN_POINT('Ctrl Pts',(-33.9417230710756,39.2843009468861,-3.31162844862621));
#1700=CARTESIAN_POINT('Ctrl Pts',(-33.9153129967875,39.2573815554111,-3.3934598120672));
#1701=CARTESIAN_POINT('Ctrl Pts',(-33.8883984464008,39.2369084769324,-3.47599893077441));
#1702=CARTESIAN_POINT('Origin',(-6.03283710806856,40.8869085072665,-33.9352664470618));
#1703=CARTESIAN_POINT('',(-4.33283710806855,40.8869085072665,-36.7352664470618));
#1704=CARTESIAN_POINT('Origin',(-6.03283710806856,40.8869085072665,-36.7352664470618));
#1705=CARTESIAN_POINT('',(-4.33283710806856,40.8869085072665,-33.9352664470618));
#1706=CARTESIAN_POINT('Origin',(7.94377119979529,49.8369088146707,10.1647335529255));
#1707=CARTESIAN_POINT('Origin',(7.94377135002402,42.6361096272718,-33.8352664470744));
#1708=CARTESIAN_POINT('',(8.44377134993532,38.5369084769288,-33.8352664470763));
#1709=CARTESIAN_POINT('',(8.44377134993532,39.1369084769288,-33.835266447077));
#1710=CARTESIAN_POINT('',(10.4437713499353,38.5369084769288,-33.8352664470763));
#1711=CARTESIAN_POINT('',(9.94377134993535,38.5369084769288,-33.8352664470768));
#1712=CARTESIAN_POINT('',(10.4437713499353,43.2361096272717,-33.8352664470714));
#1713=CARTESIAN_POINT('',(10.4437713499352,47.8361096272717,-33.8352664470714));
#1714=CARTESIAN_POINT('',(8.44377134993539,43.2361096272717,-33.8352664470719));
#1715=CARTESIAN_POINT('',(9.94377134993535,43.2361096272717,-33.8352664470719));
#1716=CARTESIAN_POINT('',(8.44377134993532,47.8361096272717,-33.8352664470719));
#1717=CARTESIAN_POINT('Origin',(9.44377135002811,30.3359540999321,-37.935266447074));
#1718=CARTESIAN_POINT('',(9.44377135002811,49.8369088146723,-38.9352664470752));
#1719=CARTESIAN_POINT('',(10.4437711997933,49.8369088146716,-37.935266447073));
#1720=CARTESIAN_POINT('Origin',(9.44377135002809,49.8369088146715,-37.935266447074));
#1721=CARTESIAN_POINT('',(10.4437713500281,31.9369081998633,-37.935266447073));
#1722=CARTESIAN_POINT('',(10.4437713500281,30.3359540999321,-37.935266447073));
#1723=CARTESIAN_POINT('',(9.44377135002814,31.936908199864,-38.9352664470733));
#1724=CARTESIAN_POINT('Origin',(9.44377135002811,31.9369081998625,-37.935266447074));
#1725=CARTESIAN_POINT('',(9.44377135002814,30.3359540999321,-38.935266447074));
#1726=CARTESIAN_POINT('Origin',(-14.9903229015683,31.9369081998626,-5.84026644707546));
#1727=CARTESIAN_POINT('',(10.443771350024,31.9369081998632,-33.8352664470719));
#1728=CARTESIAN_POINT('',(10.4437713500097,31.9369081998628,-19.4877664470613));
#1729=CARTESIAN_POINT('',(7.94377135002405,31.9369081998632,-33.8352664470744));
#1730=CARTESIAN_POINT('',(7.94377135002405,31.9369081998632,-33.8352664470744));
#1731=CARTESIAN_POINT('',(-36.0562288002047,31.9369081998624,10.1647335529237));
#1732=CARTESIAN_POINT('Origin',(7.94377119979527,31.9369081998625,10.1647335529255));
#1733=CARTESIAN_POINT('',(-36.0562288002013,31.9369081998617,12.6647335529247));
#1734=CARTESIAN_POINT('',(-36.0562288002014,31.9369081998617,10.1647335529247));
#1735=CARTESIAN_POINT('',(-39.9905088002159,31.9369081998613,12.6647335529247));
#1736=CARTESIAN_POINT('',(-40.9905088001955,31.9369081998612,12.6647335529247));
#1737=CARTESIAN_POINT('',(-40.990508800199,31.9369081998619,11.6647335529248));
#1738=CARTESIAN_POINT('Origin',(-39.9905088002159,31.9369081998622,11.6647335529248));
#1739=CARTESIAN_POINT('',(-40.990508800199,31.936908199862,5.67266934130423));
#1740=CARTESIAN_POINT('',(-40.990508800199,31.9369081998625,-13.6877664470755));
#1741=CARTESIAN_POINT('',(-36.7276288002772,31.9369081998632,-12.2955875051794));
#1742=CARTESIAN_POINT('Origin',(-0.99050880021586,31.9369081998624,5.67266934130442));
#1743=CARTESIAN_POINT('',(-24.7596352414784,31.9369081998636,-27.6570486252928));
#1744=CARTESIAN_POINT('Origin',(7.94377119979949,31.9369081998626,10.1647335529254));
#1745=CARTESIAN_POINT('',(-25.0866693058912,31.9369081998632,-28.535266447075));
#1746=CARTESIAN_POINT('Origin',(-25.0866693058912,31.9369081998626,-28.035266447075));
#1747=CARTESIAN_POINT('',(-27.2155088002096,31.9369081998632,-28.5352664470749));
#1748=CARTESIAN_POINT('',(-10.6154158508836,31.9369081998631,-28.5352664470751));
#1749=CARTESIAN_POINT('',(-28.2155088002064,31.9369081998641,-29.5352664470749));
#1750=CARTESIAN_POINT('Origin',(-27.2155088002096,31.9369081998624,-29.5352664470749));
#1751=CARTESIAN_POINT('',(-28.2155088002063,31.9369081998641,-37.9352664470751));
#1752=CARTESIAN_POINT('',(-28.2155088002064,31.9369081998641,-33.135266447075));
#1753=CARTESIAN_POINT('',(-27.2155088002096,31.9369081998639,-38.9352664471099));
#1754=CARTESIAN_POINT('Origin',(-27.2155088002096,31.9369081998624,-37.935266447075));
#1755=CARTESIAN_POINT('',(7.94377135002684,31.936908199864,-38.9352664470748));
#1756=CARTESIAN_POINT('Origin',(10.4437713500233,31.9369081998631,-33.1352664470724));
#1757=CARTESIAN_POINT('',(10.4437711997931,49.8369088146715,-28.0827224160319));
#1758=CARTESIAN_POINT('Origin',(10.4437713499352,45.2361096272717,-33.8352664470741));
#1759=CARTESIAN_POINT('',(10.4437713499353,34.5369084769288,-33.835266447072));
#1760=CARTESIAN_POINT('Origin',(10.4437713499352,36.5369084769288,-33.8352664470742));
#1761=CARTESIAN_POINT('',(10.4437713499353,39.1369084769288,-33.835266447077));
#1762=CARTESIAN_POINT('Origin',(-11.9003829892502,28.7350000000012,-38.9352664470746));
#1763=CARTESIAN_POINT('',(-27.2155088002097,49.8369088146721,-38.9352664470753));
#1764=CARTESIAN_POINT('',(-27.2155088002097,53.3761939519352,-38.9352664470751));
#1765=CARTESIAN_POINT('',(-6.83869589472827,49.8369088146722,-38.9352664470753));
#1766=CARTESIAN_POINT('',(-2.98283710806856,40.8869085072666,-38.9352664470746));
#1767=CARTESIAN_POINT('Origin',(-6.03283710806856,40.8869085072665,-38.9352664470746));
#1768=CARTESIAN_POINT('',(-23.7155088001991,43.6869084769309,-38.9352664470722));
#1769=CARTESIAN_POINT('',(-23.7155088002123,38.0869084769291,-38.9352664470717));
#1770=CARTESIAN_POINT('',(-23.7155088002027,30.3359540999332,-38.9352664470741));
#1771=CARTESIAN_POINT('',(-25.7155088001993,43.6869084769308,-38.9352664470769));
#1772=CARTESIAN_POINT('',(-2.60693876264575,43.6869084769296,-38.9352664470721));
#1773=CARTESIAN_POINT('',(-25.7155088002125,38.0869084769291,-38.9352664470717));
#1774=CARTESIAN_POINT('',(-25.7155088002126,40.2791584920991,-38.9352664470721));
#1775=CARTESIAN_POINT('',(-3.60693876264548,38.0869084769295,-38.935266447072));
#1776=CARTESIAN_POINT('Origin',(-39.990508800216,37.7791584920975,11.6647335529248));
#1777=CARTESIAN_POINT('',(-39.9905088002162,49.8369088146698,12.6647335529247));
#1778=CARTESIAN_POINT('',(-39.990508800216,37.7791584920975,12.6647335529248));
#1779=CARTESIAN_POINT('',(-40.9905088001991,49.8369088146706,11.6647335529247));
#1780=CARTESIAN_POINT('Origin',(-39.9905088002162,49.8369088146711,11.6647335529247));
#1781=CARTESIAN_POINT('',(-40.990508800216,37.7791584920975,11.6647335529248));
#1782=CARTESIAN_POINT('Origin',(-1.77700880021298,49.8369088146715,-38.9352664470772));
#1783=CARTESIAN_POINT('',(-28.2155088002132,49.8369088146719,-37.9352664470751));
#1784=CARTESIAN_POINT('Origin',(-27.2155088002097,49.8369088146713,-37.9352664470751));
#1785=CARTESIAN_POINT('',(-28.2155088002132,49.8369088146718,-29.535266447075));
#1786=CARTESIAN_POINT('',(-28.2155088002132,49.8369088146719,-34.2852664470767));
#1787=CARTESIAN_POINT('',(-27.2155088002097,49.8369088146712,-28.535266447075));
#1788=CARTESIAN_POINT('Origin',(-27.2155088002098,49.8369088146713,-29.535266447075));
#1789=CARTESIAN_POINT('',(-25.0866693058912,49.8369088146712,-28.535266447075));
#1790=CARTESIAN_POINT('',(-4.00875880020577,49.8369088146713,-28.5352664470752));
#1791=CARTESIAN_POINT('',(-24.7596352414784,49.8369088146717,-27.6570486252928));
#1792=CARTESIAN_POINT('Origin',(-25.0866693058912,49.8369088146715,-28.035266447075));
#1793=CARTESIAN_POINT('',(-36.7276288002772,49.8369088146715,-12.2955875051794));
#1794=CARTESIAN_POINT('Origin',(7.94377119979949,49.8369088146715,10.1647335529254));
#1795=CARTESIAN_POINT('',(-40.9905088001991,49.8369088146707,5.67266934130487));
#1796=CARTESIAN_POINT('Origin',(-0.990508800216183,49.8369088146699,5.67266934130507));
#1797=CARTESIAN_POINT('',(-40.9905088001991,49.8369088146711,-30.2352664470762));
#1798=CARTESIAN_POINT('',(-36.0562288002014,49.8369088146699,12.6647335529247));
#1799=CARTESIAN_POINT('Origin',(-38.5233688000621,40.8869085072656,12.6647335529247));
#1800=CARTESIAN_POINT('',(-36.0562287999404,34.5369084769287,12.6647335529247));
#1801=CARTESIAN_POINT('',(-36.0562288002013,31.9369081998617,12.6647335529247));
#1802=CARTESIAN_POINT('Origin',(-36.0562286500139,36.5369084769294,12.6647335529247));
#1803=CARTESIAN_POINT('Origin',(-36.056228650011,45.2361096272708,12.6647335529247));
#1804=CARTESIAN_POINT('Origin',(-40.9905088002157,34.6714084769292,-33.1352664470742));
#1805=CARTESIAN_POINT('',(-40.9905088002159,31.9369081998627,5.67266934130423));
#1806=CARTESIAN_POINT('Origin',(-0.99050880021586,31.9369081998634,5.67266934130442));
#1807=CARTESIAN_POINT('',(-36.7276288002772,31.9369081998634,-12.2955875051794));
#1808=CARTESIAN_POINT('',(-38.9905088001959,41.7268626333109,-6.81732665555337));
#1809=CARTESIAN_POINT('',(-38.9905088001959,40.0469543812216,-6.81732665555334));
#1810=CARTESIAN_POINT('Ctrl Pts',(-38.9905088001959,41.726862633311,-6.81732665555336));
#1811=CARTESIAN_POINT('Ctrl Pts',(-39.0008001226434,41.8361600253887,-6.78601597674255));
#1812=CARTESIAN_POINT('Ctrl Pts',(-39.0130956635251,41.944005609428,-6.74848069047366));
#1813=CARTESIAN_POINT('Ctrl Pts',(-39.0771815601825,42.421784204821,-6.55154590436977));
#1814=CARTESIAN_POINT('Ctrl Pts',(-39.151016266312,42.7601976125943,-6.32112687250707));
#1815=CARTESIAN_POINT('Ctrl Pts',(-39.3153837492812,43.3043123430069,-5.78532323504451));
#1816=CARTESIAN_POINT('Ctrl Pts',(-39.4178929401603,43.5427676066829,-5.43995329978103));
#1817=CARTESIAN_POINT('Ctrl Pts',(-39.6286749708816,43.8590730757202,-4.683311962041));
#1818=CARTESIAN_POINT('Ctrl Pts',(-39.7366456401018,43.9369085072663,-4.2719502390233));
#1819=CARTESIAN_POINT('Ctrl Pts',(-39.9255277598949,43.9369085072663,-3.5043759964366));
#1820=CARTESIAN_POINT('Ctrl Pts',(-40.0195289020334,43.8611590160324,-3.09572470197067));
#1821=CARTESIAN_POINT('Ctrl Pts',(-40.1815517505105,43.5483590012114,-2.34052581679334));
#1822=CARTESIAN_POINT('Ctrl Pts',(-40.2498828002748,43.3111953538217,-1.99409148917261));
#1823=CARTESIAN_POINT('Ctrl Pts',(-40.3515866439299,42.7661631685393,-1.45329108910889));
#1824=CARTESIAN_POINT('Ctrl Pts',(-40.3923797313374,42.4250835077462,-1.22059830814967));
#1825=CARTESIAN_POINT('Ctrl Pts',(-40.4451959222487,41.6765798884998,-0.9115721266388));
#1826=CARTESIAN_POINT('Ctrl Pts',(-40.4575427877647,41.2691673659234,-0.835266447075269));
#1827=CARTESIAN_POINT('Ctrl Pts',(-40.4575427877647,40.8869085072662,-0.835266447075283));
#1828=CARTESIAN_POINT('Ctrl Pts',(-40.4575427877647,40.5046496486089,-0.835266447075296));
#1829=CARTESIAN_POINT('Ctrl Pts',(-40.4451959222487,40.0972371260326,-0.911572126638861));
#1830=CARTESIAN_POINT('Ctrl Pts',(-40.3923797313373,39.3487335067862,-1.22059830814979));
#1831=CARTESIAN_POINT('Ctrl Pts',(-40.3515866439298,39.0076538459932,-1.45329108910902));
#1832=CARTESIAN_POINT('Ctrl Pts',(-40.2498828002747,38.4626216607107,-1.99409148917278));
#1833=CARTESIAN_POINT('Ctrl Pts',(-40.1815517505104,38.2254580133211,-2.34052581679352));
#1834=CARTESIAN_POINT('Ctrl Pts',(-40.0195289020333,37.9126579985002,-3.09572470197088));
#1835=CARTESIAN_POINT('Ctrl Pts',(-39.9255277598948,37.8369085072663,-3.50437599643681));
#1836=CARTESIAN_POINT('Ctrl Pts',(-39.7366456401017,37.8369085072663,-4.27195023902351));
#1837=CARTESIAN_POINT('Ctrl Pts',(-39.6286749708815,37.9147439388124,-4.68331196204121));
#1838=CARTESIAN_POINT('Ctrl Pts',(-39.4178929401602,38.2310494078498,-5.43995329978122));
#1839=CARTESIAN_POINT('Ctrl Pts',(-39.3153837492811,38.4695046715258,-5.78532323504468));
#1840=CARTESIAN_POINT('Ctrl Pts',(-39.151016266312,39.0136194019385,-6.32112687250721));
#1841=CARTESIAN_POINT('Ctrl Pts',(-39.0771815601825,39.3520328097118,-6.55154590436988));
#1842=CARTESIAN_POINT('Ctrl Pts',(-39.013095663525,39.8298114051047,-6.7484806904737));
#1843=CARTESIAN_POINT('Ctrl Pts',(-39.0008001226434,39.9376569891439,-6.78601597674255));
#1844=CARTESIAN_POINT('Ctrl Pts',(-38.9905088001959,40.0469543812216,-6.81732665555334));
#1845=CARTESIAN_POINT('',(-38.9905088002124,31.9369081998632,-6.81732665550302));
#1846=CARTESIAN_POINT('Origin',(7.94377119979949,31.9369081998634,10.1647335529254));
#1847=CARTESIAN_POINT('',(-24.7596352414784,43.686908476929,-27.6570486252928));
#1848=CARTESIAN_POINT('',(-24.7596352414784,31.9369081998634,-27.6570486252928));
#1849=CARTESIAN_POINT('',(-23.7155088002158,43.6869084769292,-28.5352664470748));
#1850=CARTESIAN_POINT('Origin',(7.94377119979949,43.6869084769295,10.1647335529254));
#1851=CARTESIAN_POINT('',(-23.7155088002157,38.0869084769292,-28.5352664470746));
#1852=CARTESIAN_POINT('',(-23.7155086403989,31.9369081998634,-28.5352664470747));
#1853=CARTESIAN_POINT('',(-24.7596352414784,38.086908476929,-27.6570486252928));
#1854=CARTESIAN_POINT('Origin',(7.94377119979949,38.0869084769294,10.1647335529254));
#1855=CARTESIAN_POINT('',(-24.7596352414784,31.9369081998634,-27.6570486252928));
#1856=CARTESIAN_POINT('Origin',(-40.9905088001959,40.8869085072663,-3.88526644707528));
#1857=CARTESIAN_POINT('Origin',(-38.9905088001959,40.8869085072663,-3.88526644707528));
#1858=CARTESIAN_POINT('Origin',(-25.0866693058912,31.9369081998634,-28.035266447075));
#1859=CARTESIAN_POINT('',(-25.0866693058912,43.686908476929,-28.535266447075));
#1860=CARTESIAN_POINT('Origin',(-25.0866693058912,43.6869084769295,-28.035266447075));
#1861=CARTESIAN_POINT('',(-25.0866693058912,31.9369081998634,-28.535266447075));
#1862=CARTESIAN_POINT('Origin',(-25.0866693058912,31.9369081998634,-28.035266447075));
#1863=CARTESIAN_POINT('',(-25.0866693058912,38.086908476929,-28.535266447075));
#1864=CARTESIAN_POINT('Origin',(-25.0866693058912,38.0869084769294,-28.035266447075));
#1865=CARTESIAN_POINT('',(-25.0866693058912,31.9369081998634,-28.535266447075));
#1866=CARTESIAN_POINT('Origin',(-6.24050880019858,40.8869085072679,-28.5352664470751));
#1867=CARTESIAN_POINT('',(-27.2155088002098,59.4521482055686,-28.535266447075));
#1868=CARTESIAN_POINT('',(-25.7155088002159,38.086908476929,-28.5352664470748));
#1869=CARTESIAN_POINT('',(-5.96550880020738,38.0869084769294,-28.5352664470751));
#1870=CARTESIAN_POINT('',(-25.715508800216,43.6869084769289,-28.5352664470748));
#1871=CARTESIAN_POINT('',(-25.7155088002159,40.2791584920985,-28.5352664470748));
#1872=CARTESIAN_POINT('',(-4.96550880020757,43.6869084769295,-28.5352664470751));
#1873=CARTESIAN_POINT('Origin',(-27.2155088002097,53.3761939519352,-37.9352664470751));
#1874=CARTESIAN_POINT('',(-28.2155088002097,53.3761939519352,-37.9352664470751));
#1875=CARTESIAN_POINT('Origin',(-28.2155088002099,78.0173879038693,-29.6352664470763));
#1876=CARTESIAN_POINT('',(-28.2155088002098,59.4521482055686,-29.535266447075));
#1877=CARTESIAN_POINT('Origin',(-27.2155088002098,59.4521482055686,-29.535266447075));
#1878=CARTESIAN_POINT('Origin',(-23.7155088002156,34.6714084769295,-33.1352664470741));
#1879=CARTESIAN_POINT('',(-23.7155088002157,43.6869084769291,-33.5352664470729));
#1880=CARTESIAN_POINT('',(-23.7155088002157,38.0869084769292,-33.5352664470729));
#1881=CARTESIAN_POINT('Origin',(-3.69050880021652,43.6869084769295,-33.135266447074));
#1882=CARTESIAN_POINT('',(-25.715508800216,43.6869084769295,-33.1352664470788));
#1883=CARTESIAN_POINT('Origin',(-5.69050880021626,38.0869084769294,-33.135266447074));
#1884=CARTESIAN_POINT('',(-25.7155088002123,38.0869084769299,-33.1352664470737));
#1885=CARTESIAN_POINT('Origin',(-25.7155088002159,39.6714084769294,-33.1352664470789));
#1886=CARTESIAN_POINT('Origin',(-36.0562288002014,31.9369081998617,10.1647335529247));
#1887=CARTESIAN_POINT('',(-36.0562287999404,34.5369084769287,10.6647335529247));
#1888=CARTESIAN_POINT('',(-36.056228799591,36.4119083533954,10.6647335529248));
#1889=CARTESIAN_POINT('',(-36.0562287998468,34.5369084769287,10.1647335529247));
#1890=CARTESIAN_POINT('',(-36.0562288002047,49.8369088146708,10.1647335529246));
#1891=CARTESIAN_POINT('Origin',(-36.0562286500139,36.5369084769294,10.1647335529247));
#1892=CARTESIAN_POINT('Origin',(-36.0562286500139,36.5369084769294,10.6647335529247));
#1893=CARTESIAN_POINT('Origin',(-38.5233688000621,40.8869085072655,10.6647335529247));
#1894=CARTESIAN_POINT('Origin',(-6.03283710806856,40.8869085072665,-36.7352664470618));
#1895=CARTESIAN_POINT('',(-2.98283710806856,40.8869085072666,-36.7352664470618));
#1896=CARTESIAN_POINT('Origin',(-6.03283710806856,40.8869085072665,-36.7352664470618));
#1897=CARTESIAN_POINT('Origin',(-6.03283710806856,40.8869085072665,-37.8352664470618));
#1898=CARTESIAN_POINT('',(-2.98283710806856,40.8869085072666,-37.8352664470618));
#1899=CARTESIAN_POINT('Origin',(7.94377135002401,33.9369084769289,-33.8352664470744));
#1900=CARTESIAN_POINT('',(7.94377135002403,49.8369088146707,-33.8352664470744));
#1901=CARTESIAN_POINT('',(8.44377134993532,34.5369084769288,-33.835266447072));
#1902=CARTESIAN_POINT('',(9.94377134993535,34.5369084769288,-33.8352664470726));
#1903=CARTESIAN_POINT('',(8.44377134993532,39.1369084769288,-33.835266447077));
#1904=CARTESIAN_POINT('Origin',(-36.056228650011,45.2361096272708,10.1647335529247));
#1905=CARTESIAN_POINT('Origin',(-36.0562286500111,45.2361096272708,10.6647335529247));
#1906=CARTESIAN_POINT('Origin',(-38.5233688000623,40.8869085072655,10.6647335529247));
#1907=CARTESIAN_POINT('Origin',(8.44377134993539,45.2361096272717,-35.1352664470732));
#1908=CARTESIAN_POINT('Origin',(8.44377134993532,45.2361096272717,-33.8352664470746));
#1909=CARTESIAN_POINT('Origin',(9.94377134993528,45.2361096272717,-33.8352664470747));
#1910=CARTESIAN_POINT('Origin',(9.94377134993528,36.5369084769288,-33.8352664470747));
#1911=CARTESIAN_POINT('Origin',(8.44377134993525,36.5369084769288,-33.8352664470742));
#1912=CARTESIAN_POINT('Origin',(8.44377134993532,36.5369084769288,-35.1352664470727));
#1913=CARTESIAN_POINT('Origin',(7.94377119979529,49.8369088146707,10.1647335529255));
#1914=CARTESIAN_POINT('Origin',(-38.9905088002124,40.8869085072673,-14.3852664470737));
#1915=UNCERTAINTY_MEASURE_WITH_UNIT(LENGTH_MEASURE(0.01),#1919,
'DISTANCE_ACCURACY_VALUE',
'Maximum model space distance between geometric entities at asserted c
onnectivities');
#1916=UNCERTAINTY_MEASURE_WITH_UNIT(LENGTH_MEASURE(0.01),#1919,
'DISTANCE_ACCURACY_VALUE',
'Maximum model space distance between geometric entities at asserted c
onnectivities');
#1917=(
GEOMETRIC_REPRESENTATION_CONTEXT(3)
GLOBAL_UNCERTAINTY_ASSIGNED_CONTEXT((#1915))
GLOBAL_UNIT_ASSIGNED_CONTEXT((#1919,#1921,#1922))
REPRESENTATION_CONTEXT('','3D')
);
#1918=(
GEOMETRIC_REPRESENTATION_CONTEXT(3)
GLOBAL_UNCERTAINTY_ASSIGNED_CONTEXT((#1916))
GLOBAL_UNIT_ASSIGNED_CONTEXT((#1919,#1921,#1922))
REPRESENTATION_CONTEXT('','3D')
);
#1919=(
LENGTH_UNIT()
NAMED_UNIT(*)
SI_UNIT(.MILLI.,.METRE.)
);
#1920=(
LENGTH_UNIT()
NAMED_UNIT(*)
SI_UNIT($,.METRE.)
);
#1921=(
NAMED_UNIT(*)
PLANE_ANGLE_UNIT()
SI_UNIT($,.RADIAN.)
);
#1922=(
NAMED_UNIT(*)
SI_UNIT($,.STERADIAN.)
SOLID_ANGLE_UNIT()
);
#1923=SHAPE_DEFINITION_REPRESENTATION(#1924,#1925);
#1924=PRODUCT_DEFINITION_SHAPE('',$,#1927);
#1925=SHAPE_REPRESENTATION('',(#969),#1917);
#1926=PRODUCT_DEFINITION_CONTEXT('part definition',#1931,'design');
#1927=PRODUCT_DEFINITION('2026-06-23-13-19-52-594','rope-elbow-top (1)',
#1928,#1926);
#1928=PRODUCT_DEFINITION_FORMATION('',$,#1933);
#1929=PRODUCT_RELATED_PRODUCT_CATEGORY('rope-elbow-top (1)',
'rope-elbow-top (1)',(#1933));
#1930=APPLICATION_PROTOCOL_DEFINITION('international standard',
'automotive_design',2009,#1931);
#1931=APPLICATION_CONTEXT(
'Core Data for Automotive Mechanical Design Process');
#1932=PRODUCT_CONTEXT('part definition',#1931,'mechanical');
#1933=PRODUCT('2026-06-23-13-19-52-594','rope-elbow-top (1)',$,(#1932));
#1934=PRESENTATION_STYLE_ASSIGNMENT((#1936));
#1935=PRESENTATION_STYLE_ASSIGNMENT((#1937));
#1936=SURFACE_STYLE_USAGE(.BOTH.,#1938);
#1937=SURFACE_STYLE_USAGE(.BOTH.,#1939);
#1938=SURFACE_SIDE_STYLE('',(#1940));
#1939=SURFACE_SIDE_STYLE('',(#1941));
#1940=SURFACE_STYLE_FILL_AREA(#1942);
#1941=SURFACE_STYLE_FILL_AREA(#1943);
#1942=FILL_AREA_STYLE('Steel - Satin',(#1944));
#1943=FILL_AREA_STYLE('ABS (White)',(#1945));
#1944=FILL_AREA_STYLE_COLOUR('Steel - Satin',#1946);
#1945=FILL_AREA_STYLE_COLOUR('ABS (White)',#1947);
#1946=COLOUR_RGB('Steel - Satin',0.627450980392157,0.627450980392157,0.627450980392157);
#1947=COLOUR_RGB('ABS (White)',0.964705882352941,0.964705882352941,0.952941176470588);
ENDSEC;
END-ISO-10303-21;
