ISO-10303-21;
HEADER;
/* Generated by software containing ST-Developer
 * from STEP Tools, Inc. (www.steptools.com) 
 */

FILE_DESCRIPTION(
/* description */ (''),
/* implementation_level */ '2;1');

FILE_NAME(
/* name */ 'mount-bottom-right.step',
/* time_stamp */ '2026-02-12T10:21:25-08:00',
/* author */ (''),
/* organization */ (''),
/* preprocessor_version */ 'ST-DEVELOPER v20.1',
/* originating_system */ 'Autodesk Translation Framework v14.24.0.0',
/* authorisation */ '');

FILE_SCHEMA (('AUTOMOTIVE_DESIGN { 1 0 10303 214 3 1 1 }'));
ENDSEC;

DATA;
#10=MECHANICAL_DESIGN_GEOMETRIC_PRESENTATION_REPRESENTATION('',(#13),#1970);
#11=SHAPE_REPRESENTATION_RELATIONSHIP('SRR','None',#1977,#12);
#12=ADVANCED_BREP_SHAPE_REPRESENTATION('',(#14),#1969);
#13=STYLED_ITEM('',(#1987),#14);
#14=MANIFOLD_SOLID_BREP('Body2',#1148);
#15=B_SPLINE_CURVE_WITH_KNOTS('',3,(#1841,#1842,#1843,#1844,#1845,#1846,
#1847,#1848,#1849,#1850,#1851,#1852,#1853,#1854,#1855,#1856,#1857,#1858,
#1859,#1860,#1861,#1862,#1863),.UNSPECIFIED.,.F.,.F.,(4,2,2,2,2,2,2,2,2,
3,4),(0.522708924988273,0.535132593805455,0.587455623599882,0.63977865339431,
0.691028802718294,0.742278952042279,0.793529102576258,0.844779253110238,
0.897102279835166,0.949425306560093,0.961848999454857),.UNSPECIFIED.);
#16=B_SPLINE_CURVE_WITH_KNOTS('',3,(#1918,#1919,#1920,#1921,#1922,#1923,
#1924,#1925,#1926,#1927,#1928,#1929,#1930,#1931,#1932,#1933,#1934,#1935,
#1936,#1937,#1938,#1939,#1940),.UNSPECIFIED.,.F.,.F.,(4,2,2,2,2,2,2,2,2,
3,4),(0.522708924988273,0.535132593805455,0.587455623599882,0.63977865339431,
0.691028802718294,0.742278952042279,0.793529102576258,0.844779253110238,
0.897102279835166,0.949425306560093,0.961848999454857),.UNSPECIFIED.);
#17=CONICAL_SURFACE('',#1215,2.4,0.380506377112366);
#18=CONICAL_SURFACE('',#1227,2.4,0.380506377112366);
#19=CONICAL_SURFACE('',#1245,2.4,0.380506377112366);
#20=CONICAL_SURFACE('',#1254,2.4,0.380506377112366);
#21=(
BOUNDED_CURVE()
B_SPLINE_CURVE(2,(#1688,#1689,#1690),.UNSPECIFIED.,.F.,.F.)
B_SPLINE_CURVE_WITH_KNOTS((3,3),(0.,0.295167051826242),.UNSPECIFIED.)
CURVE()
GEOMETRIC_REPRESENTATION_ITEM()
RATIONAL_B_SPLINE_CURVE((1.,1.01416457488106,1.))
REPRESENTATION_ITEM('')
);
#22=(
BOUNDED_CURVE()
B_SPLINE_CURVE(2,(#1703,#1704,#1705),.UNSPECIFIED.,.F.,.F.)
B_SPLINE_CURVE_WITH_KNOTS((3,3),(5.94434219041023E-9,0.295167051047262),
 .UNSPECIFIED.)
CURVE()
GEOMETRIC_REPRESENTATION_ITEM()
RATIONAL_B_SPLINE_CURVE((1.00000000057052,1.01416457471483,1.))
REPRESENTATION_ITEM('')
);
#23=(
BOUNDED_CURVE()
B_SPLINE_CURVE(2,(#1811,#1812,#1813,#1814),.UNSPECIFIED.,.F.,.F.)
B_SPLINE_CURVE_WITH_KNOTS((3,1,3),(11647.7498846104,15179.4785493817,18125.7912644067),
 .UNSPECIFIED.)
CURVE()
GEOMETRIC_REPRESENTATION_ITEM()
RATIONAL_B_SPLINE_CURVE((13246.9774695922,12891.1565827104,9608.97529202857,
7118.48160415135))
REPRESENTATION_ITEM('')
);
#24=(
BOUNDED_CURVE()
B_SPLINE_CURVE(2,(#1817,#1818,#1819,#1820),.UNSPECIFIED.,.F.,.F.)
B_SPLINE_CURVE_WITH_KNOTS((3,1,3),(11647.7153449851,15179.4732475945,17044.6695262657),
 .UNSPECIFIED.)
CURVE()
GEOMETRIC_REPRESENTATION_ITEM()
RATIONAL_B_SPLINE_CURVE((13246.9706006377,12891.1611595274,10156.7324629591,
8811.86218383432))
REPRESENTATION_ITEM('')
);
#25=(
BOUNDED_CURVE()
B_SPLINE_CURVE(2,(#1824,#1825,#1826,#1827,#1828),.UNSPECIFIED.,.F.,.F.)
B_SPLINE_CURVE_WITH_KNOTS((3,1,1,3),(3416.52301594106,4868.65191558486,
8018.16655628104,9894.59571273007),.UNSPECIFIED.)
CURVE()
GEOMETRIC_REPRESENTATION_ITEM()
RATIONAL_B_SPLINE_CURVE((7118.47962077928,8345.95030992369,11467.6722711601,
13057.9284216865,13246.970600638))
REPRESENTATION_ITEM('')
);
#26=(
BOUNDED_CURVE()
B_SPLINE_CURVE(2,(#1868,#1869,#1870,#1871,#1872),.UNSPECIFIED.,.F.,.F.)
B_SPLINE_CURVE_WITH_KNOTS((3,1,1,3),(3416.51979404113,4868.65566856266,
8018.17438458511,9894.56117382883),.UNSPECIFIED.)
CURVE()
GEOMETRIC_REPRESENTATION_ITEM()
RATIONAL_B_SPLINE_CURVE((7118.48160416334,8345.96000826813,11467.6907399861,
13057.9319129094,13246.9774695919))
REPRESENTATION_ITEM('')
);
#27=(
BOUNDED_CURVE()
B_SPLINE_CURVE(2,(#1912,#1913,#1914,#1915),.UNSPECIFIED.,.F.,.F.)
B_SPLINE_CURVE_WITH_KNOTS((3,1,3),(11647.715348425,15179.4732884959,18125.788058472),
 .UNSPECIFIED.)
CURVE()
GEOMETRIC_REPRESENTATION_ITEM()
RATIONAL_B_SPLINE_CURVE((13246.9707066747,12891.1612575267,9608.97140953119,
7118.47964989568))
REPRESENTATION_ITEM('')
);
#28=(
BOUNDED_CURVE()
B_SPLINE_CURVE(2,(#1941,#1942,#1943,#1944,#1945),.UNSPECIFIED.,.F.,.F.)
B_SPLINE_CURVE_WITH_KNOTS((3,1,1,3),(3416.5197767575,4868.65569884636,8018.17444775893,
9894.56117653084),.UNSPECIFIED.)
CURVE()
GEOMETRIC_REPRESENTATION_ITEM()
RATIONAL_B_SPLINE_CURVE((7118.48163488633,8345.96009242162,11467.6908889955,
13057.9320300923,13246.9775816915))
REPRESENTATION_ITEM('')
);
#29=(
BOUNDED_CURVE()
B_SPLINE_CURVE(2,(#1948,#1949,#1950,#1951,#1952),.UNSPECIFIED.,.F.,.F.)
B_SPLINE_CURVE_WITH_KNOTS((3,1,1,3),(4497.64151475033,4868.65194453825,
8018.16661667777,9894.59570928467),.UNSPECIFIED.)
CURVE()
GEOMETRIC_REPRESENTATION_ITEM()
RATIONAL_B_SPLINE_CURVE((8811.86223074929,9079.37343657855,11467.6724136877,
13057.9285318883,13246.9707066741))
REPRESENTATION_ITEM('')
);
#30=(
BOUNDED_CURVE()
B_SPLINE_CURVE(2,(#1956,#1957,#1958,#1959),.UNSPECIFIED.,.F.,.F.)
B_SPLINE_CURVE_WITH_KNOTS((3,1,3),(11647.7498819021,15179.4785921641,18125.791281685),
 .UNSPECIFIED.)
CURVE()
GEOMETRIC_REPRESENTATION_ITEM()
RATIONAL_B_SPLINE_CURVE((13246.9775816928,12891.1566883301,9608.97532802574,
7118.48163488091))
REPRESENTATION_ITEM('')
);
#31=FACE_BOUND('',#147,.T.);
#32=FACE_BOUND('',#150,.T.);
#33=FACE_BOUND('',#151,.T.);
#34=FACE_BOUND('',#152,.T.);
#35=FACE_BOUND('',#153,.T.);
#36=FACE_BOUND('',#167,.T.);
#37=FACE_BOUND('',#170,.T.);
#38=FACE_BOUND('',#171,.T.);
#39=FACE_BOUND('',#172,.T.);
#40=FACE_BOUND('',#173,.T.);
#41=PLANE('',#1165);
#42=PLANE('',#1167);
#43=PLANE('',#1168);
#44=PLANE('',#1171);
#45=PLANE('',#1172);
#46=PLANE('',#1175);
#47=PLANE('',#1176);
#48=PLANE('',#1180);
#49=PLANE('',#1183);
#50=PLANE('',#1187);
#51=PLANE('',#1188);
#52=PLANE('',#1189);
#53=PLANE('',#1190);
#54=PLANE('',#1191);
#55=PLANE('',#1192);
#56=PLANE('',#1193);
#57=PLANE('',#1199);
#58=PLANE('',#1205);
#59=PLANE('',#1207);
#60=PLANE('',#1210);
#61=PLANE('',#1211);
#62=PLANE('',#1212);
#63=PLANE('',#1213);
#64=PLANE('',#1218);
#65=PLANE('',#1221);
#66=PLANE('',#1222);
#67=PLANE('',#1223);
#68=PLANE('',#1226);
#69=PLANE('',#1230);
#70=PLANE('',#1233);
#71=PLANE('',#1234);
#72=PLANE('',#1235);
#73=PLANE('',#1236);
#74=PLANE('',#1237);
#75=PLANE('',#1238);
#76=PLANE('',#1239);
#77=PLANE('',#1240);
#78=PLANE('',#1243);
#79=PLANE('',#1244);
#80=PLANE('',#1247);
#81=PLANE('',#1248);
#82=PLANE('',#1249);
#83=PLANE('',#1251);
#84=FACE_OUTER_BOUND('',#143,.T.);
#85=FACE_OUTER_BOUND('',#144,.T.);
#86=FACE_OUTER_BOUND('',#145,.T.);
#87=FACE_OUTER_BOUND('',#146,.T.);
#88=FACE_OUTER_BOUND('',#148,.T.);
#89=FACE_OUTER_BOUND('',#149,.T.);
#90=FACE_OUTER_BOUND('',#154,.T.);
#91=FACE_OUTER_BOUND('',#155,.T.);
#92=FACE_OUTER_BOUND('',#156,.T.);
#93=FACE_OUTER_BOUND('',#157,.T.);
#94=FACE_OUTER_BOUND('',#158,.T.);
#95=FACE_OUTER_BOUND('',#159,.T.);
#96=FACE_OUTER_BOUND('',#160,.T.);
#97=FACE_OUTER_BOUND('',#161,.T.);
#98=FACE_OUTER_BOUND('',#162,.T.);
#99=FACE_OUTER_BOUND('',#163,.T.);
#100=FACE_OUTER_BOUND('',#164,.T.);
#101=FACE_OUTER_BOUND('',#165,.T.);
#102=FACE_OUTER_BOUND('',#166,.T.);
#103=FACE_OUTER_BOUND('',#168,.T.);
#104=FACE_OUTER_BOUND('',#169,.T.);
#105=FACE_OUTER_BOUND('',#174,.T.);
#106=FACE_OUTER_BOUND('',#175,.T.);
#107=FACE_OUTER_BOUND('',#176,.T.);
#108=FACE_OUTER_BOUND('',#177,.T.);
#109=FACE_OUTER_BOUND('',#178,.T.);
#110=FACE_OUTER_BOUND('',#179,.T.);
#111=FACE_OUTER_BOUND('',#180,.T.);
#112=FACE_OUTER_BOUND('',#181,.T.);
#113=FACE_OUTER_BOUND('',#182,.T.);
#114=FACE_OUTER_BOUND('',#183,.T.);
#115=FACE_OUTER_BOUND('',#184,.T.);
#116=FACE_OUTER_BOUND('',#185,.T.);
#117=FACE_OUTER_BOUND('',#186,.T.);
#118=FACE_OUTER_BOUND('',#187,.T.);
#119=FACE_OUTER_BOUND('',#188,.T.);
#120=FACE_OUTER_BOUND('',#189,.T.);
#121=FACE_OUTER_BOUND('',#190,.T.);
#122=FACE_OUTER_BOUND('',#191,.T.);
#123=FACE_OUTER_BOUND('',#192,.T.);
#124=FACE_OUTER_BOUND('',#193,.T.);
#125=FACE_OUTER_BOUND('',#194,.T.);
#126=FACE_OUTER_BOUND('',#195,.T.);
#127=FACE_OUTER_BOUND('',#196,.T.);
#128=FACE_OUTER_BOUND('',#197,.T.);
#129=FACE_OUTER_BOUND('',#198,.T.);
#130=FACE_OUTER_BOUND('',#199,.T.);
#131=FACE_OUTER_BOUND('',#200,.T.);
#132=FACE_OUTER_BOUND('',#201,.T.);
#133=FACE_OUTER_BOUND('',#202,.T.);
#134=FACE_OUTER_BOUND('',#203,.T.);
#135=FACE_OUTER_BOUND('',#204,.T.);
#136=FACE_OUTER_BOUND('',#205,.T.);
#137=FACE_OUTER_BOUND('',#206,.T.);
#138=FACE_OUTER_BOUND('',#207,.T.);
#139=FACE_OUTER_BOUND('',#208,.T.);
#140=FACE_OUTER_BOUND('',#209,.T.);
#141=FACE_OUTER_BOUND('',#210,.T.);
#142=FACE_OUTER_BOUND('',#211,.T.);
#143=EDGE_LOOP('',(#751,#752,#753,#754));
#144=EDGE_LOOP('',(#755,#756,#757,#758));
#145=EDGE_LOOP('',(#759,#760,#761,#762,#763,#764));
#146=EDGE_LOOP('',(#765,#766,#767,#768,#769,#770,#771,#772));
#147=EDGE_LOOP('',(#773));
#148=EDGE_LOOP('',(#774,#775,#776,#777));
#149=EDGE_LOOP('',(#778,#779,#780,#781,#782,#783,#784,#785));
#150=EDGE_LOOP('',(#786,#787,#788,#789));
#151=EDGE_LOOP('',(#790,#791,#792,#793));
#152=EDGE_LOOP('',(#794));
#153=EDGE_LOOP('',(#795));
#154=EDGE_LOOP('',(#796,#797,#798,#799,#800,#801));
#155=EDGE_LOOP('',(#802,#803,#804,#805));
#156=EDGE_LOOP('',(#806,#807,#808,#809));
#157=EDGE_LOOP('',(#810,#811,#812,#813,#814,#815,#816,#817));
#158=EDGE_LOOP('',(#818,#819,#820,#821));
#159=EDGE_LOOP('',(#822,#823,#824,#825));
#160=EDGE_LOOP('',(#826,#827,#828,#829));
#161=EDGE_LOOP('',(#830,#831,#832,#833));
#162=EDGE_LOOP('',(#834,#835,#836,#837));
#163=EDGE_LOOP('',(#838,#839,#840,#841));
#164=EDGE_LOOP('',(#842,#843,#844,#845));
#165=EDGE_LOOP('',(#846,#847,#848,#849));
#166=EDGE_LOOP('',(#850,#851,#852,#853,#854,#855,#856,#857));
#167=EDGE_LOOP('',(#858));
#168=EDGE_LOOP('',(#859,#860,#861,#862));
#169=EDGE_LOOP('',(#863,#864,#865,#866,#867,#868,#869,#870,#871,#872,#873,
#874,#875,#876));
#170=EDGE_LOOP('',(#877));
#171=EDGE_LOOP('',(#878));
#172=EDGE_LOOP('',(#879,#880,#881,#882));
#173=EDGE_LOOP('',(#883,#884,#885,#886));
#174=EDGE_LOOP('',(#887,#888,#889,#890));
#175=EDGE_LOOP('',(#891,#892,#893,#894));
#176=EDGE_LOOP('',(#895,#896,#897,#898,#899,#900,#901,#902));
#177=EDGE_LOOP('',(#903,#904,#905,#906,#907));
#178=EDGE_LOOP('',(#908,#909,#910,#911));
#179=EDGE_LOOP('',(#912,#913,#914,#915));
#180=EDGE_LOOP('',(#916,#917,#918,#919));
#181=EDGE_LOOP('',(#920,#921,#922,#923,#924));
#182=EDGE_LOOP('',(#925,#926,#927,#928,#929,#930,#931,#932));
#183=EDGE_LOOP('',(#933,#934,#935,#936,#937,#938));
#184=EDGE_LOOP('',(#939,#940,#941,#942,#943,#944));
#185=EDGE_LOOP('',(#945,#946,#947,#948));
#186=EDGE_LOOP('',(#949));
#187=EDGE_LOOP('',(#950,#951,#952,#953,#954));
#188=EDGE_LOOP('',(#955,#956,#957,#958));
#189=EDGE_LOOP('',(#959,#960,#961,#962));
#190=EDGE_LOOP('',(#963,#964,#965,#966));
#191=EDGE_LOOP('',(#967,#968,#969,#970,#971,#972));
#192=EDGE_LOOP('',(#973,#974,#975,#976));
#193=EDGE_LOOP('',(#977,#978,#979,#980,#981,#982,#983,#984,#985,#986,#987,
#988,#989,#990,#991,#992,#993,#994,#995,#996));
#194=EDGE_LOOP('',(#997,#998,#999,#1000));
#195=EDGE_LOOP('',(#1001,#1002,#1003,#1004));
#196=EDGE_LOOP('',(#1005,#1006,#1007,#1008));
#197=EDGE_LOOP('',(#1009,#1010,#1011,#1012));
#198=EDGE_LOOP('',(#1013,#1014,#1015,#1016));
#199=EDGE_LOOP('',(#1017,#1018,#1019,#1020));
#200=EDGE_LOOP('',(#1021,#1022,#1023,#1024));
#201=EDGE_LOOP('',(#1025,#1026,#1027,#1028));
#202=EDGE_LOOP('',(#1029,#1030,#1031,#1032));
#203=EDGE_LOOP('',(#1033,#1034,#1035,#1036,#1037));
#204=EDGE_LOOP('',(#1038,#1039,#1040,#1041,#1042,#1043));
#205=EDGE_LOOP('',(#1044,#1045,#1046,#1047,#1048,#1049));
#206=EDGE_LOOP('',(#1050,#1051,#1052,#1053,#1054,#1055,#1056,#1057));
#207=EDGE_LOOP('',(#1058,#1059,#1060,#1061));
#208=EDGE_LOOP('',(#1062,#1063,#1064,#1065));
#209=EDGE_LOOP('',(#1066));
#210=EDGE_LOOP('',(#1067,#1068,#1069,#1070));
#211=EDGE_LOOP('',(#1071,#1072,#1073,#1074,#1075,#1076));
#212=CIRCLE('',#1163,2.7);
#213=CIRCLE('',#1164,2.7);
#214=CIRCLE('',#1166,2.59999999999998);
#215=CIRCLE('',#1169,1.49999999999998);
#216=CIRCLE('',#1170,1.25);
#217=CIRCLE('',#1173,1.25);
#218=CIRCLE('',#1174,1.25);
#219=CIRCLE('',#1178,5.);
#220=CIRCLE('',#1179,5.);
#221=CIRCLE('',#1181,2.);
#222=CIRCLE('',#1182,3.04000000002309);
#223=CIRCLE('',#1185,5.);
#224=CIRCLE('',#1186,5.);
#225=CIRCLE('',#1194,1.49999999999999);
#226=CIRCLE('',#1195,2.59999999999998);
#227=CIRCLE('',#1196,1.25);
#228=CIRCLE('',#1198,1.25);
#229=CIRCLE('',#1200,1.25);
#230=CIRCLE('',#1203,2.);
#231=CIRCLE('',#1204,2.);
#232=CIRCLE('',#1206,4.1200000000308);
#233=CIRCLE('',#1209,2.);
#234=CIRCLE('',#1214,3.0400000000213);
#235=CIRCLE('',#1216,4.1200000000308);
#236=CIRCLE('',#1217,1.52000000002157);
#237=CIRCLE('',#1220,1.25);
#238=CIRCLE('',#1224,1.52000000002157);
#239=CIRCLE('',#1228,4.12000000002861);
#240=CIRCLE('',#1231,4.1200000000308);
#241=CIRCLE('',#1232,4.1200000000308);
#242=CIRCLE('',#1241,1.5200000000236);
#243=CIRCLE('',#1242,1.5200000000236);
#244=CIRCLE('',#1246,4.1200000000308);
#245=CIRCLE('',#1252,1.25);
#246=LINE('',#1564,#363);
#247=LINE('',#1568,#364);
#248=LINE('',#1572,#365);
#249=LINE('',#1575,#366);
#250=LINE('',#1578,#367);
#251=LINE('',#1580,#368);
#252=LINE('',#1582,#369);
#253=LINE('',#1583,#370);
#254=LINE('',#1586,#371);
#255=LINE('',#1590,#372);
#256=LINE('',#1592,#373);
#257=LINE('',#1594,#374);
#258=LINE('',#1595,#375);
#259=LINE('',#1601,#376);
#260=LINE('',#1603,#377);
#261=LINE('',#1605,#378);
#262=LINE('',#1606,#379);
#263=LINE('',#1609,#380);
#264=LINE('',#1611,#381);
#265=LINE('',#1613,#382);
#266=LINE('',#1614,#383);
#267=LINE('',#1615,#384);
#268=LINE('',#1618,#385);
#269=LINE('',#1620,#386);
#270=LINE('',#1622,#387);
#271=LINE('',#1623,#388);
#272=LINE('',#1626,#389);
#273=LINE('',#1628,#390);
#274=LINE('',#1630,#391);
#275=LINE('',#1631,#392);
#276=LINE('',#1638,#393);
#277=LINE('',#1640,#394);
#278=LINE('',#1642,#395);
#279=LINE('',#1643,#396);
#280=LINE('',#1646,#397);
#281=LINE('',#1647,#398);
#282=LINE('',#1653,#399);
#283=LINE('',#1656,#400);
#284=LINE('',#1659,#401);
#285=LINE('',#1661,#402);
#286=LINE('',#1663,#403);
#287=LINE('',#1667,#404);
#288=LINE('',#1670,#405);
#289=LINE('',#1673,#406);
#290=LINE('',#1674,#407);
#291=LINE('',#1680,#408);
#292=LINE('',#1683,#409);
#293=LINE('',#1686,#410);
#294=LINE('',#1691,#411);
#295=LINE('',#1694,#412);
#296=LINE('',#1696,#413);
#297=LINE('',#1697,#414);
#298=LINE('',#1699,#415);
#299=LINE('',#1700,#416);
#300=LINE('',#1706,#417);
#301=LINE('',#1709,#418);
#302=LINE('',#1710,#419);
#303=LINE('',#1714,#420);
#304=LINE('',#1715,#421);
#305=LINE('',#1716,#422);
#306=LINE('',#1719,#423);
#307=LINE('',#1721,#424);
#308=LINE('',#1723,#425);
#309=LINE('',#1727,#426);
#310=LINE('',#1734,#427);
#311=LINE('',#1736,#428);
#312=LINE('',#1738,#429);
#313=LINE('',#1739,#430);
#314=LINE('',#1741,#431);
#315=LINE('',#1742,#432);
#316=LINE('',#1744,#433);
#317=LINE('',#1746,#434);
#318=LINE('',#1747,#435);
#319=LINE('',#1752,#436);
#320=LINE('',#1754,#437);
#321=LINE('',#1756,#438);
#322=LINE('',#1757,#439);
#323=LINE('',#1759,#440);
#324=LINE('',#1761,#441);
#325=LINE('',#1762,#442);
#326=LINE('',#1764,#443);
#327=LINE('',#1770,#444);
#328=LINE('',#1773,#445);
#329=LINE('',#1776,#446);
#330=LINE('',#1778,#447);
#331=LINE('',#1781,#448);
#332=LINE('',#1782,#449);
#333=LINE('',#1785,#450);
#334=LINE('',#1787,#451);
#335=LINE('',#1788,#452);
#336=LINE('',#1793,#453);
#337=LINE('',#1794,#454);
#338=LINE('',#1796,#455);
#339=LINE('',#1798,#456);
#340=LINE('',#1801,#457);
#341=LINE('',#1803,#458);
#342=LINE('',#1804,#459);
#343=LINE('',#1823,#460);
#344=LINE('',#1831,#461);
#345=LINE('',#1837,#462);
#346=LINE('',#1864,#463);
#347=LINE('',#1867,#464);
#348=LINE('',#1876,#465);
#349=LINE('',#1881,#466);
#350=LINE('',#1884,#467);
#351=LINE('',#1886,#468);
#352=LINE('',#1887,#469);
#353=LINE('',#1889,#470);
#354=LINE('',#1891,#471);
#355=LINE('',#1894,#472);
#356=LINE('',#1896,#473);
#357=LINE('',#1901,#474);
#358=LINE('',#1905,#475);
#359=LINE('',#1908,#476);
#360=LINE('',#1947,#477);
#361=LINE('',#1954,#478);
#362=LINE('',#1965,#479);
#363=VECTOR('',#1259,10.);
#364=VECTOR('',#1262,10.);
#365=VECTOR('',#1267,10.);
#366=VECTOR('',#1270,10.);
#367=VECTOR('',#1273,10.);
#368=VECTOR('',#1274,10.);
#369=VECTOR('',#1275,10.);
#370=VECTOR('',#1276,10.);
#371=VECTOR('',#1279,10.);
#372=VECTOR('',#1282,10.);
#373=VECTOR('',#1283,10.);
#374=VECTOR('',#1284,10.);
#375=VECTOR('',#1285,10.);
#376=VECTOR('',#1290,10.);
#377=VECTOR('',#1291,10.);
#378=VECTOR('',#1292,10.);
#379=VECTOR('',#1293,10.);
#380=VECTOR('',#1296,10.);
#381=VECTOR('',#1297,10.);
#382=VECTOR('',#1298,10.);
#383=VECTOR('',#1299,10.);
#384=VECTOR('',#1300,10.);
#385=VECTOR('',#1301,10.);
#386=VECTOR('',#1302,10.);
#387=VECTOR('',#1303,10.);
#388=VECTOR('',#1304,10.);
#389=VECTOR('',#1305,10.);
#390=VECTOR('',#1306,10.);
#391=VECTOR('',#1307,10.);
#392=VECTOR('',#1308,10.);
#393=VECTOR('',#1315,10.);
#394=VECTOR('',#1316,10.);
#395=VECTOR('',#1317,10.);
#396=VECTOR('',#1318,10.);
#397=VECTOR('',#1321,10.);
#398=VECTOR('',#1322,10.);
#399=VECTOR('',#1327,10.);
#400=VECTOR('',#1330,10.);
#401=VECTOR('',#1333,10.);
#402=VECTOR('',#1334,10.);
#403=VECTOR('',#1335,10.);
#404=VECTOR('',#1338,10.);
#405=VECTOR('',#1341,10.);
#406=VECTOR('',#1344,10.);
#407=VECTOR('',#1345,10.);
#408=VECTOR('',#1350,10.);
#409=VECTOR('',#1353,10.);
#410=VECTOR('',#1356,10.);
#411=VECTOR('',#1357,10.);
#412=VECTOR('',#1360,10.);
#413=VECTOR('',#1361,10.);
#414=VECTOR('',#1362,10.);
#415=VECTOR('',#1365,10.);
#416=VECTOR('',#1366,10.);
#417=VECTOR('',#1369,10.);
#418=VECTOR('',#1372,10.);
#419=VECTOR('',#1373,10.);
#420=VECTOR('',#1376,10.);
#421=VECTOR('',#1377,10.);
#422=VECTOR('',#1378,10.);
#423=VECTOR('',#1381,10.);
#424=VECTOR('',#1382,10.);
#425=VECTOR('',#1383,10.);
#426=VECTOR('',#1386,10.);
#427=VECTOR('',#1395,1.25);
#428=VECTOR('',#1398,10.);
#429=VECTOR('',#1399,10.);
#430=VECTOR('',#1400,10.);
#431=VECTOR('',#1401,10.);
#432=VECTOR('',#1402,10.);
#433=VECTOR('',#1403,10.);
#434=VECTOR('',#1404,10.);
#435=VECTOR('',#1405,10.);
#436=VECTOR('',#1408,10.);
#437=VECTOR('',#1409,10.);
#438=VECTOR('',#1410,10.);
#439=VECTOR('',#1411,10.);
#440=VECTOR('',#1412,10.);
#441=VECTOR('',#1413,10.);
#442=VECTOR('',#1414,10.);
#443=VECTOR('',#1417,1.25);
#444=VECTOR('',#1422,10.);
#445=VECTOR('',#1425,10.);
#446=VECTOR('',#1428,10.);
#447=VECTOR('',#1429,10.);
#448=VECTOR('',#1432,10.);
#449=VECTOR('',#1433,10.);
#450=VECTOR('',#1436,10.);
#451=VECTOR('',#1437,10.);
#452=VECTOR('',#1438,10.);
#453=VECTOR('',#1443,10.);
#454=VECTOR('',#1444,10.);
#455=VECTOR('',#1447,10.);
#456=VECTOR('',#1450,10.);
#457=VECTOR('',#1453,10.);
#458=VECTOR('',#1454,10.);
#459=VECTOR('',#1455,10.);
#460=VECTOR('',#1468,10.);
#461=VECTOR('',#1471,1.25);
#462=VECTOR('',#1480,10.);
#463=VECTOR('',#1485,10.);
#464=VECTOR('',#1488,10.);
#465=VECTOR('',#1495,10.);
#466=VECTOR('',#1500,10.);
#467=VECTOR('',#1503,10.);
#468=VECTOR('',#1506,10.);
#469=VECTOR('',#1507,10.);
#470=VECTOR('',#1510,10.);
#471=VECTOR('',#1513,10.);
#472=VECTOR('',#1518,10.);
#473=VECTOR('',#1521,10.);
#474=VECTOR('',#1526,10.);
#475=VECTOR('',#1529,10.);
#476=VECTOR('',#1534,10.);
#477=VECTOR('',#1543,10.);
#478=VECTOR('',#1546,10.);
#479=VECTOR('',#1557,1.25);
#480=VERTEX_POINT('',#1562);
#481=VERTEX_POINT('',#1563);
#482=VERTEX_POINT('',#1565);
#483=VERTEX_POINT('',#1567);
#484=VERTEX_POINT('',#1571);
#485=VERTEX_POINT('',#1573);
#486=VERTEX_POINT('',#1577);
#487=VERTEX_POINT('',#1579);
#488=VERTEX_POINT('',#1581);
#489=VERTEX_POINT('',#1585);
#490=VERTEX_POINT('',#1587);
#491=VERTEX_POINT('',#1589);
#492=VERTEX_POINT('',#1591);
#493=VERTEX_POINT('',#1593);
#494=VERTEX_POINT('',#1596);
#495=VERTEX_POINT('',#1599);
#496=VERTEX_POINT('',#1600);
#497=VERTEX_POINT('',#1602);
#498=VERTEX_POINT('',#1604);
#499=VERTEX_POINT('',#1608);
#500=VERTEX_POINT('',#1610);
#501=VERTEX_POINT('',#1612);
#502=VERTEX_POINT('',#1616);
#503=VERTEX_POINT('',#1617);
#504=VERTEX_POINT('',#1619);
#505=VERTEX_POINT('',#1621);
#506=VERTEX_POINT('',#1624);
#507=VERTEX_POINT('',#1625);
#508=VERTEX_POINT('',#1627);
#509=VERTEX_POINT('',#1629);
#510=VERTEX_POINT('',#1632);
#511=VERTEX_POINT('',#1634);
#512=VERTEX_POINT('',#1637);
#513=VERTEX_POINT('',#1639);
#514=VERTEX_POINT('',#1641);
#515=VERTEX_POINT('',#1645);
#516=VERTEX_POINT('',#1649);
#517=VERTEX_POINT('',#1650);
#518=VERTEX_POINT('',#1652);
#519=VERTEX_POINT('',#1654);
#520=VERTEX_POINT('',#1658);
#521=VERTEX_POINT('',#1660);
#522=VERTEX_POINT('',#1662);
#523=VERTEX_POINT('',#1664);
#524=VERTEX_POINT('',#1666);
#525=VERTEX_POINT('',#1668);
#526=VERTEX_POINT('',#1672);
#527=VERTEX_POINT('',#1676);
#528=VERTEX_POINT('',#1677);
#529=VERTEX_POINT('',#1679);
#530=VERTEX_POINT('',#1681);
#531=VERTEX_POINT('',#1685);
#532=VERTEX_POINT('',#1687);
#533=VERTEX_POINT('',#1693);
#534=VERTEX_POINT('',#1695);
#535=VERTEX_POINT('',#1702);
#536=VERTEX_POINT('',#1708);
#537=VERTEX_POINT('',#1712);
#538=VERTEX_POINT('',#1713);
#539=VERTEX_POINT('',#1718);
#540=VERTEX_POINT('',#1720);
#541=VERTEX_POINT('',#1722);
#542=VERTEX_POINT('',#1724);
#543=VERTEX_POINT('',#1726);
#544=VERTEX_POINT('',#1729);
#545=VERTEX_POINT('',#1732);
#546=VERTEX_POINT('',#1737);
#547=VERTEX_POINT('',#1740);
#548=VERTEX_POINT('',#1743);
#549=VERTEX_POINT('',#1745);
#550=VERTEX_POINT('',#1748);
#551=VERTEX_POINT('',#1750);
#552=VERTEX_POINT('',#1751);
#553=VERTEX_POINT('',#1753);
#554=VERTEX_POINT('',#1755);
#555=VERTEX_POINT('',#1758);
#556=VERTEX_POINT('',#1760);
#557=VERTEX_POINT('',#1766);
#558=VERTEX_POINT('',#1767);
#559=VERTEX_POINT('',#1769);
#560=VERTEX_POINT('',#1771);
#561=VERTEX_POINT('',#1775);
#562=VERTEX_POINT('',#1777);
#563=VERTEX_POINT('',#1779);
#564=VERTEX_POINT('',#1784);
#565=VERTEX_POINT('',#1786);
#566=VERTEX_POINT('',#1790);
#567=VERTEX_POINT('',#1791);
#568=VERTEX_POINT('',#1800);
#569=VERTEX_POINT('',#1802);
#570=VERTEX_POINT('',#1808);
#571=VERTEX_POINT('',#1810);
#572=VERTEX_POINT('',#1815);
#573=VERTEX_POINT('',#1822);
#574=VERTEX_POINT('',#1830);
#575=VERTEX_POINT('',#1836);
#576=VERTEX_POINT('',#1840);
#577=VERTEX_POINT('',#1866);
#578=VERTEX_POINT('',#1878);
#579=VERTEX_POINT('',#1880);
#580=VERTEX_POINT('',#1882);
#581=VERTEX_POINT('',#1899);
#582=VERTEX_POINT('',#1900);
#583=VERTEX_POINT('',#1902);
#584=VERTEX_POINT('',#1904);
#585=VERTEX_POINT('',#1911);
#586=VERTEX_POINT('',#1916);
#587=VERTEX_POINT('',#1962);
#588=EDGE_CURVE('',#480,#481,#246,.T.);
#589=EDGE_CURVE('',#482,#480,#212,.F.);
#590=EDGE_CURVE('',#483,#482,#247,.T.);
#591=EDGE_CURVE('',#481,#483,#213,.T.);
#592=EDGE_CURVE('',#484,#480,#248,.T.);
#593=EDGE_CURVE('',#485,#484,#214,.T.);
#594=EDGE_CURVE('',#482,#485,#249,.T.);
#595=EDGE_CURVE('',#486,#481,#250,.T.);
#596=EDGE_CURVE('',#486,#487,#251,.T.);
#597=EDGE_CURVE('',#487,#488,#252,.T.);
#598=EDGE_CURVE('',#488,#484,#253,.T.);
#599=EDGE_CURVE('',#483,#489,#254,.T.);
#600=EDGE_CURVE('',#489,#490,#215,.T.);
#601=EDGE_CURVE('',#490,#491,#255,.T.);
#602=EDGE_CURVE('',#492,#491,#256,.T.);
#603=EDGE_CURVE('',#492,#493,#257,.T.);
#604=EDGE_CURVE('',#493,#486,#258,.T.);
#605=EDGE_CURVE('',#494,#494,#216,.T.);
#606=EDGE_CURVE('',#495,#496,#259,.T.);
#607=EDGE_CURVE('',#496,#497,#260,.T.);
#608=EDGE_CURVE('',#497,#498,#261,.T.);
#609=EDGE_CURVE('',#498,#495,#262,.T.);
#610=EDGE_CURVE('',#499,#498,#263,.T.);
#611=EDGE_CURVE('',#500,#499,#264,.T.);
#612=EDGE_CURVE('',#500,#501,#265,.T.);
#613=EDGE_CURVE('',#487,#501,#266,.T.);
#614=EDGE_CURVE('',#495,#493,#267,.T.);
#615=EDGE_CURVE('',#502,#503,#268,.T.);
#616=EDGE_CURVE('',#504,#502,#269,.T.);
#617=EDGE_CURVE('',#505,#504,#270,.T.);
#618=EDGE_CURVE('',#503,#505,#271,.T.);
#619=EDGE_CURVE('',#506,#507,#272,.T.);
#620=EDGE_CURVE('',#508,#506,#273,.T.);
#621=EDGE_CURVE('',#509,#508,#274,.T.);
#622=EDGE_CURVE('',#507,#509,#275,.T.);
#623=EDGE_CURVE('',#510,#510,#217,.T.);
#624=EDGE_CURVE('',#511,#511,#218,.T.);
#625=EDGE_CURVE('',#512,#497,#276,.T.);
#626=EDGE_CURVE('',#513,#512,#277,.T.);
#627=EDGE_CURVE('',#513,#514,#278,.T.);
#628=EDGE_CURVE('',#499,#514,#279,.T.);
#629=EDGE_CURVE('',#515,#500,#280,.T.);
#630=EDGE_CURVE('',#514,#515,#281,.T.);
#631=EDGE_CURVE('',#516,#517,#219,.T.);
#632=EDGE_CURVE('',#516,#518,#282,.T.);
#633=EDGE_CURVE('',#518,#519,#220,.T.);
#634=EDGE_CURVE('',#519,#517,#283,.T.);
#635=EDGE_CURVE('',#517,#520,#284,.T.);
#636=EDGE_CURVE('',#521,#520,#285,.T.);
#637=EDGE_CURVE('',#521,#522,#286,.T.);
#638=EDGE_CURVE('',#523,#522,#221,.F.);
#639=EDGE_CURVE('',#523,#524,#287,.T.);
#640=EDGE_CURVE('',#525,#524,#222,.T.);
#641=EDGE_CURVE('',#516,#525,#288,.T.);
#642=EDGE_CURVE('',#526,#519,#289,.T.);
#643=EDGE_CURVE('',#520,#526,#290,.T.);
#644=EDGE_CURVE('',#527,#528,#223,.T.);
#645=EDGE_CURVE('',#527,#529,#291,.T.);
#646=EDGE_CURVE('',#529,#530,#224,.T.);
#647=EDGE_CURVE('',#530,#528,#292,.T.);
#648=EDGE_CURVE('',#531,#530,#293,.F.);
#649=EDGE_CURVE('',#532,#531,#21,.T.);
#650=EDGE_CURVE('',#532,#528,#294,.T.);
#651=EDGE_CURVE('',#520,#533,#295,.T.);
#652=EDGE_CURVE('',#534,#526,#296,.T.);
#653=EDGE_CURVE('',#533,#534,#297,.T.);
#654=EDGE_CURVE('',#533,#527,#298,.T.);
#655=EDGE_CURVE('',#529,#534,#299,.T.);
#656=EDGE_CURVE('',#535,#525,#22,.T.);
#657=EDGE_CURVE('',#518,#535,#300,.F.);
#658=EDGE_CURVE('',#536,#513,#301,.T.);
#659=EDGE_CURVE('',#536,#515,#302,.T.);
#660=EDGE_CURVE('',#537,#538,#303,.T.);
#661=EDGE_CURVE('',#509,#537,#304,.T.);
#662=EDGE_CURVE('',#508,#538,#305,.T.);
#663=EDGE_CURVE('',#539,#501,#306,.T.);
#664=EDGE_CURVE('',#540,#539,#307,.T.);
#665=EDGE_CURVE('',#541,#540,#308,.T.);
#666=EDGE_CURVE('',#542,#541,#225,.F.);
#667=EDGE_CURVE('',#543,#542,#309,.T.);
#668=EDGE_CURVE('',#543,#488,#226,.T.);
#669=EDGE_CURVE('',#544,#544,#227,.T.);
#670=EDGE_CURVE('',#545,#545,#228,.T.);
#671=EDGE_CURVE('',#545,#510,#310,.T.);
#672=EDGE_CURVE('',#539,#536,#311,.T.);
#673=EDGE_CURVE('',#546,#512,#312,.T.);
#674=EDGE_CURVE('',#492,#546,#313,.T.);
#675=EDGE_CURVE('',#491,#547,#314,.T.);
#676=EDGE_CURVE('',#521,#547,#315,.T.);
#677=EDGE_CURVE('',#533,#548,#316,.T.);
#678=EDGE_CURVE('',#549,#548,#317,.T.);
#679=EDGE_CURVE('',#540,#549,#318,.T.);
#680=EDGE_CURVE('',#550,#550,#229,.T.);
#681=EDGE_CURVE('',#551,#552,#319,.T.);
#682=EDGE_CURVE('',#552,#553,#320,.T.);
#683=EDGE_CURVE('',#553,#554,#321,.T.);
#684=EDGE_CURVE('',#554,#551,#322,.T.);
#685=EDGE_CURVE('',#538,#555,#323,.T.);
#686=EDGE_CURVE('',#555,#556,#324,.T.);
#687=EDGE_CURVE('',#556,#537,#325,.T.);
#688=EDGE_CURVE('',#511,#550,#326,.T.);
#689=EDGE_CURVE('',#557,#558,#230,.T.);
#690=EDGE_CURVE('',#558,#559,#327,.T.);
#691=EDGE_CURVE('',#559,#560,#231,.F.);
#692=EDGE_CURVE('',#560,#557,#328,.T.);
#693=EDGE_CURVE('',#561,#557,#329,.T.);
#694=EDGE_CURVE('',#561,#562,#330,.T.);
#695=EDGE_CURVE('',#563,#562,#232,.T.);
#696=EDGE_CURVE('',#541,#563,#331,.F.);
#697=EDGE_CURVE('',#558,#549,#332,.T.);
#698=EDGE_CURVE('',#564,#560,#333,.T.);
#699=EDGE_CURVE('',#565,#564,#334,.T.);
#700=EDGE_CURVE('',#561,#565,#335,.T.);
#701=EDGE_CURVE('',#566,#567,#233,.T.);
#702=EDGE_CURVE('',#567,#523,#336,.T.);
#703=EDGE_CURVE('',#522,#566,#337,.T.);
#704=EDGE_CURVE('',#547,#566,#338,.T.);
#705=EDGE_CURVE('',#559,#548,#339,.T.);
#706=EDGE_CURVE('',#568,#567,#340,.T.);
#707=EDGE_CURVE('',#569,#568,#341,.T.);
#708=EDGE_CURVE('',#524,#569,#342,.T.);
#709=EDGE_CURVE('',#564,#532,#234,.T.);
#710=EDGE_CURVE('',#531,#570,#235,.T.);
#711=EDGE_CURVE('',#571,#570,#23,.T.);
#712=EDGE_CURVE('',#572,#571,#236,.T.);
#713=EDGE_CURVE('',#564,#572,#24,.F.);
#714=EDGE_CURVE('',#573,#572,#343,.T.);
#715=EDGE_CURVE('',#573,#562,#25,.F.);
#716=EDGE_CURVE('',#544,#574,#344,.T.);
#717=EDGE_CURVE('',#574,#574,#237,.T.);
#718=EDGE_CURVE('',#571,#575,#345,.T.);
#719=EDGE_CURVE('',#575,#573,#238,.T.);
#720=EDGE_CURVE('',#576,#563,#15,.T.);
#721=EDGE_CURVE('',#542,#576,#346,.T.);
#722=EDGE_CURVE('',#570,#577,#347,.T.);
#723=EDGE_CURVE('',#577,#575,#26,.T.);
#724=EDGE_CURVE('',#576,#577,#239,.T.);
#725=EDGE_CURVE('',#485,#543,#348,.T.);
#726=EDGE_CURVE('',#535,#578,#240,.T.);
#727=EDGE_CURVE('',#578,#579,#349,.T.);
#728=EDGE_CURVE('',#579,#580,#241,.T.);
#729=EDGE_CURVE('',#489,#580,#350,.T.);
#730=EDGE_CURVE('',#505,#553,#351,.T.);
#731=EDGE_CURVE('',#504,#554,#352,.T.);
#732=EDGE_CURVE('',#502,#551,#353,.T.);
#733=EDGE_CURVE('',#503,#552,#354,.T.);
#734=EDGE_CURVE('',#507,#556,#355,.T.);
#735=EDGE_CURVE('',#506,#555,#356,.T.);
#736=EDGE_CURVE('',#581,#582,#357,.T.);
#737=EDGE_CURVE('',#582,#583,#242,.F.);
#738=EDGE_CURVE('',#583,#584,#358,.T.);
#739=EDGE_CURVE('',#584,#581,#243,.F.);
#740=EDGE_CURVE('',#546,#496,#359,.T.);
#741=EDGE_CURVE('',#582,#585,#27,.T.);
#742=EDGE_CURVE('',#586,#585,#244,.T.);
#743=EDGE_CURVE('',#580,#586,#16,.T.);
#744=EDGE_CURVE('',#579,#583,#28,.T.);
#745=EDGE_CURVE('',#568,#585,#360,.T.);
#746=EDGE_CURVE('',#524,#581,#29,.T.);
#747=EDGE_CURVE('',#490,#586,#361,.F.);
#748=EDGE_CURVE('',#584,#578,#30,.T.);
#749=EDGE_CURVE('',#587,#587,#245,.T.);
#750=EDGE_CURVE('',#494,#587,#362,.T.);
#751=ORIENTED_EDGE('',*,*,#588,.F.);
#752=ORIENTED_EDGE('',*,*,#589,.F.);
#753=ORIENTED_EDGE('',*,*,#590,.F.);
#754=ORIENTED_EDGE('',*,*,#591,.F.);
#755=ORIENTED_EDGE('',*,*,#592,.F.);
#756=ORIENTED_EDGE('',*,*,#593,.F.);
#757=ORIENTED_EDGE('',*,*,#594,.F.);
#758=ORIENTED_EDGE('',*,*,#589,.T.);
#759=ORIENTED_EDGE('',*,*,#592,.T.);
#760=ORIENTED_EDGE('',*,*,#588,.T.);
#761=ORIENTED_EDGE('',*,*,#595,.F.);
#762=ORIENTED_EDGE('',*,*,#596,.T.);
#763=ORIENTED_EDGE('',*,*,#597,.T.);
#764=ORIENTED_EDGE('',*,*,#598,.T.);
#765=ORIENTED_EDGE('',*,*,#591,.T.);
#766=ORIENTED_EDGE('',*,*,#599,.T.);
#767=ORIENTED_EDGE('',*,*,#600,.T.);
#768=ORIENTED_EDGE('',*,*,#601,.T.);
#769=ORIENTED_EDGE('',*,*,#602,.F.);
#770=ORIENTED_EDGE('',*,*,#603,.T.);
#771=ORIENTED_EDGE('',*,*,#604,.T.);
#772=ORIENTED_EDGE('',*,*,#595,.T.);
#773=ORIENTED_EDGE('',*,*,#605,.T.);
#774=ORIENTED_EDGE('',*,*,#606,.T.);
#775=ORIENTED_EDGE('',*,*,#607,.T.);
#776=ORIENTED_EDGE('',*,*,#608,.T.);
#777=ORIENTED_EDGE('',*,*,#609,.T.);
#778=ORIENTED_EDGE('',*,*,#609,.F.);
#779=ORIENTED_EDGE('',*,*,#610,.F.);
#780=ORIENTED_EDGE('',*,*,#611,.F.);
#781=ORIENTED_EDGE('',*,*,#612,.T.);
#782=ORIENTED_EDGE('',*,*,#613,.F.);
#783=ORIENTED_EDGE('',*,*,#596,.F.);
#784=ORIENTED_EDGE('',*,*,#604,.F.);
#785=ORIENTED_EDGE('',*,*,#614,.F.);
#786=ORIENTED_EDGE('',*,*,#615,.F.);
#787=ORIENTED_EDGE('',*,*,#616,.F.);
#788=ORIENTED_EDGE('',*,*,#617,.F.);
#789=ORIENTED_EDGE('',*,*,#618,.F.);
#790=ORIENTED_EDGE('',*,*,#619,.F.);
#791=ORIENTED_EDGE('',*,*,#620,.F.);
#792=ORIENTED_EDGE('',*,*,#621,.F.);
#793=ORIENTED_EDGE('',*,*,#622,.F.);
#794=ORIENTED_EDGE('',*,*,#623,.F.);
#795=ORIENTED_EDGE('',*,*,#624,.F.);
#796=ORIENTED_EDGE('',*,*,#608,.F.);
#797=ORIENTED_EDGE('',*,*,#625,.F.);
#798=ORIENTED_EDGE('',*,*,#626,.F.);
#799=ORIENTED_EDGE('',*,*,#627,.T.);
#800=ORIENTED_EDGE('',*,*,#628,.F.);
#801=ORIENTED_EDGE('',*,*,#610,.T.);
#802=ORIENTED_EDGE('',*,*,#629,.T.);
#803=ORIENTED_EDGE('',*,*,#611,.T.);
#804=ORIENTED_EDGE('',*,*,#628,.T.);
#805=ORIENTED_EDGE('',*,*,#630,.T.);
#806=ORIENTED_EDGE('',*,*,#631,.F.);
#807=ORIENTED_EDGE('',*,*,#632,.T.);
#808=ORIENTED_EDGE('',*,*,#633,.T.);
#809=ORIENTED_EDGE('',*,*,#634,.T.);
#810=ORIENTED_EDGE('',*,*,#631,.T.);
#811=ORIENTED_EDGE('',*,*,#635,.T.);
#812=ORIENTED_EDGE('',*,*,#636,.F.);
#813=ORIENTED_EDGE('',*,*,#637,.T.);
#814=ORIENTED_EDGE('',*,*,#638,.F.);
#815=ORIENTED_EDGE('',*,*,#639,.T.);
#816=ORIENTED_EDGE('',*,*,#640,.F.);
#817=ORIENTED_EDGE('',*,*,#641,.F.);
#818=ORIENTED_EDGE('',*,*,#634,.F.);
#819=ORIENTED_EDGE('',*,*,#642,.F.);
#820=ORIENTED_EDGE('',*,*,#643,.F.);
#821=ORIENTED_EDGE('',*,*,#635,.F.);
#822=ORIENTED_EDGE('',*,*,#644,.F.);
#823=ORIENTED_EDGE('',*,*,#645,.T.);
#824=ORIENTED_EDGE('',*,*,#646,.T.);
#825=ORIENTED_EDGE('',*,*,#647,.T.);
#826=ORIENTED_EDGE('',*,*,#647,.F.);
#827=ORIENTED_EDGE('',*,*,#648,.F.);
#828=ORIENTED_EDGE('',*,*,#649,.F.);
#829=ORIENTED_EDGE('',*,*,#650,.T.);
#830=ORIENTED_EDGE('',*,*,#651,.F.);
#831=ORIENTED_EDGE('',*,*,#643,.T.);
#832=ORIENTED_EDGE('',*,*,#652,.F.);
#833=ORIENTED_EDGE('',*,*,#653,.F.);
#834=ORIENTED_EDGE('',*,*,#645,.F.);
#835=ORIENTED_EDGE('',*,*,#654,.F.);
#836=ORIENTED_EDGE('',*,*,#653,.T.);
#837=ORIENTED_EDGE('',*,*,#655,.F.);
#838=ORIENTED_EDGE('',*,*,#632,.F.);
#839=ORIENTED_EDGE('',*,*,#641,.T.);
#840=ORIENTED_EDGE('',*,*,#656,.F.);
#841=ORIENTED_EDGE('',*,*,#657,.F.);
#842=ORIENTED_EDGE('',*,*,#630,.F.);
#843=ORIENTED_EDGE('',*,*,#627,.F.);
#844=ORIENTED_EDGE('',*,*,#658,.F.);
#845=ORIENTED_EDGE('',*,*,#659,.T.);
#846=ORIENTED_EDGE('',*,*,#660,.F.);
#847=ORIENTED_EDGE('',*,*,#661,.F.);
#848=ORIENTED_EDGE('',*,*,#621,.T.);
#849=ORIENTED_EDGE('',*,*,#662,.T.);
#850=ORIENTED_EDGE('',*,*,#613,.T.);
#851=ORIENTED_EDGE('',*,*,#663,.F.);
#852=ORIENTED_EDGE('',*,*,#664,.F.);
#853=ORIENTED_EDGE('',*,*,#665,.F.);
#854=ORIENTED_EDGE('',*,*,#666,.F.);
#855=ORIENTED_EDGE('',*,*,#667,.F.);
#856=ORIENTED_EDGE('',*,*,#668,.T.);
#857=ORIENTED_EDGE('',*,*,#597,.F.);
#858=ORIENTED_EDGE('',*,*,#669,.T.);
#859=ORIENTED_EDGE('',*,*,#670,.F.);
#860=ORIENTED_EDGE('',*,*,#671,.T.);
#861=ORIENTED_EDGE('',*,*,#623,.T.);
#862=ORIENTED_EDGE('',*,*,#671,.F.);
#863=ORIENTED_EDGE('',*,*,#664,.T.);
#864=ORIENTED_EDGE('',*,*,#672,.T.);
#865=ORIENTED_EDGE('',*,*,#658,.T.);
#866=ORIENTED_EDGE('',*,*,#626,.T.);
#867=ORIENTED_EDGE('',*,*,#673,.F.);
#868=ORIENTED_EDGE('',*,*,#674,.F.);
#869=ORIENTED_EDGE('',*,*,#602,.T.);
#870=ORIENTED_EDGE('',*,*,#675,.T.);
#871=ORIENTED_EDGE('',*,*,#676,.F.);
#872=ORIENTED_EDGE('',*,*,#636,.T.);
#873=ORIENTED_EDGE('',*,*,#651,.T.);
#874=ORIENTED_EDGE('',*,*,#677,.T.);
#875=ORIENTED_EDGE('',*,*,#678,.F.);
#876=ORIENTED_EDGE('',*,*,#679,.F.);
#877=ORIENTED_EDGE('',*,*,#670,.T.);
#878=ORIENTED_EDGE('',*,*,#680,.T.);
#879=ORIENTED_EDGE('',*,*,#681,.T.);
#880=ORIENTED_EDGE('',*,*,#682,.T.);
#881=ORIENTED_EDGE('',*,*,#683,.T.);
#882=ORIENTED_EDGE('',*,*,#684,.T.);
#883=ORIENTED_EDGE('',*,*,#685,.T.);
#884=ORIENTED_EDGE('',*,*,#686,.T.);
#885=ORIENTED_EDGE('',*,*,#687,.T.);
#886=ORIENTED_EDGE('',*,*,#660,.T.);
#887=ORIENTED_EDGE('',*,*,#624,.T.);
#888=ORIENTED_EDGE('',*,*,#688,.T.);
#889=ORIENTED_EDGE('',*,*,#680,.F.);
#890=ORIENTED_EDGE('',*,*,#688,.F.);
#891=ORIENTED_EDGE('',*,*,#689,.T.);
#892=ORIENTED_EDGE('',*,*,#690,.T.);
#893=ORIENTED_EDGE('',*,*,#691,.T.);
#894=ORIENTED_EDGE('',*,*,#692,.T.);
#895=ORIENTED_EDGE('',*,*,#689,.F.);
#896=ORIENTED_EDGE('',*,*,#693,.F.);
#897=ORIENTED_EDGE('',*,*,#694,.T.);
#898=ORIENTED_EDGE('',*,*,#695,.F.);
#899=ORIENTED_EDGE('',*,*,#696,.F.);
#900=ORIENTED_EDGE('',*,*,#665,.T.);
#901=ORIENTED_EDGE('',*,*,#679,.T.);
#902=ORIENTED_EDGE('',*,*,#697,.F.);
#903=ORIENTED_EDGE('',*,*,#692,.F.);
#904=ORIENTED_EDGE('',*,*,#698,.F.);
#905=ORIENTED_EDGE('',*,*,#699,.F.);
#906=ORIENTED_EDGE('',*,*,#700,.F.);
#907=ORIENTED_EDGE('',*,*,#693,.T.);
#908=ORIENTED_EDGE('',*,*,#701,.T.);
#909=ORIENTED_EDGE('',*,*,#702,.T.);
#910=ORIENTED_EDGE('',*,*,#638,.T.);
#911=ORIENTED_EDGE('',*,*,#703,.T.);
#912=ORIENTED_EDGE('',*,*,#703,.F.);
#913=ORIENTED_EDGE('',*,*,#637,.F.);
#914=ORIENTED_EDGE('',*,*,#676,.T.);
#915=ORIENTED_EDGE('',*,*,#704,.T.);
#916=ORIENTED_EDGE('',*,*,#690,.F.);
#917=ORIENTED_EDGE('',*,*,#697,.T.);
#918=ORIENTED_EDGE('',*,*,#678,.T.);
#919=ORIENTED_EDGE('',*,*,#705,.F.);
#920=ORIENTED_EDGE('',*,*,#702,.F.);
#921=ORIENTED_EDGE('',*,*,#706,.F.);
#922=ORIENTED_EDGE('',*,*,#707,.F.);
#923=ORIENTED_EDGE('',*,*,#708,.F.);
#924=ORIENTED_EDGE('',*,*,#639,.F.);
#925=ORIENTED_EDGE('',*,*,#644,.T.);
#926=ORIENTED_EDGE('',*,*,#650,.F.);
#927=ORIENTED_EDGE('',*,*,#709,.F.);
#928=ORIENTED_EDGE('',*,*,#698,.T.);
#929=ORIENTED_EDGE('',*,*,#691,.F.);
#930=ORIENTED_EDGE('',*,*,#705,.T.);
#931=ORIENTED_EDGE('',*,*,#677,.F.);
#932=ORIENTED_EDGE('',*,*,#654,.T.);
#933=ORIENTED_EDGE('',*,*,#649,.T.);
#934=ORIENTED_EDGE('',*,*,#710,.T.);
#935=ORIENTED_EDGE('',*,*,#711,.F.);
#936=ORIENTED_EDGE('',*,*,#712,.F.);
#937=ORIENTED_EDGE('',*,*,#713,.F.);
#938=ORIENTED_EDGE('',*,*,#709,.T.);
#939=ORIENTED_EDGE('',*,*,#700,.T.);
#940=ORIENTED_EDGE('',*,*,#699,.T.);
#941=ORIENTED_EDGE('',*,*,#713,.T.);
#942=ORIENTED_EDGE('',*,*,#714,.F.);
#943=ORIENTED_EDGE('',*,*,#715,.T.);
#944=ORIENTED_EDGE('',*,*,#694,.F.);
#945=ORIENTED_EDGE('',*,*,#669,.F.);
#946=ORIENTED_EDGE('',*,*,#716,.T.);
#947=ORIENTED_EDGE('',*,*,#717,.T.);
#948=ORIENTED_EDGE('',*,*,#716,.F.);
#949=ORIENTED_EDGE('',*,*,#717,.F.);
#950=ORIENTED_EDGE('',*,*,#629,.F.);
#951=ORIENTED_EDGE('',*,*,#659,.F.);
#952=ORIENTED_EDGE('',*,*,#672,.F.);
#953=ORIENTED_EDGE('',*,*,#663,.T.);
#954=ORIENTED_EDGE('',*,*,#612,.F.);
#955=ORIENTED_EDGE('',*,*,#714,.T.);
#956=ORIENTED_EDGE('',*,*,#712,.T.);
#957=ORIENTED_EDGE('',*,*,#718,.T.);
#958=ORIENTED_EDGE('',*,*,#719,.T.);
#959=ORIENTED_EDGE('',*,*,#720,.F.);
#960=ORIENTED_EDGE('',*,*,#721,.F.);
#961=ORIENTED_EDGE('',*,*,#666,.T.);
#962=ORIENTED_EDGE('',*,*,#696,.T.);
#963=ORIENTED_EDGE('',*,*,#718,.F.);
#964=ORIENTED_EDGE('',*,*,#711,.T.);
#965=ORIENTED_EDGE('',*,*,#722,.T.);
#966=ORIENTED_EDGE('',*,*,#723,.T.);
#967=ORIENTED_EDGE('',*,*,#719,.F.);
#968=ORIENTED_EDGE('',*,*,#723,.F.);
#969=ORIENTED_EDGE('',*,*,#724,.F.);
#970=ORIENTED_EDGE('',*,*,#720,.T.);
#971=ORIENTED_EDGE('',*,*,#695,.T.);
#972=ORIENTED_EDGE('',*,*,#715,.F.);
#973=ORIENTED_EDGE('',*,*,#593,.T.);
#974=ORIENTED_EDGE('',*,*,#598,.F.);
#975=ORIENTED_EDGE('',*,*,#668,.F.);
#976=ORIENTED_EDGE('',*,*,#725,.F.);
#977=ORIENTED_EDGE('',*,*,#594,.T.);
#978=ORIENTED_EDGE('',*,*,#725,.T.);
#979=ORIENTED_EDGE('',*,*,#667,.T.);
#980=ORIENTED_EDGE('',*,*,#721,.T.);
#981=ORIENTED_EDGE('',*,*,#724,.T.);
#982=ORIENTED_EDGE('',*,*,#722,.F.);
#983=ORIENTED_EDGE('',*,*,#710,.F.);
#984=ORIENTED_EDGE('',*,*,#648,.T.);
#985=ORIENTED_EDGE('',*,*,#646,.F.);
#986=ORIENTED_EDGE('',*,*,#655,.T.);
#987=ORIENTED_EDGE('',*,*,#652,.T.);
#988=ORIENTED_EDGE('',*,*,#642,.T.);
#989=ORIENTED_EDGE('',*,*,#633,.F.);
#990=ORIENTED_EDGE('',*,*,#657,.T.);
#991=ORIENTED_EDGE('',*,*,#726,.T.);
#992=ORIENTED_EDGE('',*,*,#727,.T.);
#993=ORIENTED_EDGE('',*,*,#728,.T.);
#994=ORIENTED_EDGE('',*,*,#729,.F.);
#995=ORIENTED_EDGE('',*,*,#599,.F.);
#996=ORIENTED_EDGE('',*,*,#590,.T.);
#997=ORIENTED_EDGE('',*,*,#683,.F.);
#998=ORIENTED_EDGE('',*,*,#730,.F.);
#999=ORIENTED_EDGE('',*,*,#617,.T.);
#1000=ORIENTED_EDGE('',*,*,#731,.T.);
#1001=ORIENTED_EDGE('',*,*,#684,.F.);
#1002=ORIENTED_EDGE('',*,*,#731,.F.);
#1003=ORIENTED_EDGE('',*,*,#616,.T.);
#1004=ORIENTED_EDGE('',*,*,#732,.T.);
#1005=ORIENTED_EDGE('',*,*,#615,.T.);
#1006=ORIENTED_EDGE('',*,*,#733,.T.);
#1007=ORIENTED_EDGE('',*,*,#681,.F.);
#1008=ORIENTED_EDGE('',*,*,#732,.F.);
#1009=ORIENTED_EDGE('',*,*,#682,.F.);
#1010=ORIENTED_EDGE('',*,*,#733,.F.);
#1011=ORIENTED_EDGE('',*,*,#618,.T.);
#1012=ORIENTED_EDGE('',*,*,#730,.T.);
#1013=ORIENTED_EDGE('',*,*,#687,.F.);
#1014=ORIENTED_EDGE('',*,*,#734,.F.);
#1015=ORIENTED_EDGE('',*,*,#622,.T.);
#1016=ORIENTED_EDGE('',*,*,#661,.T.);
#1017=ORIENTED_EDGE('',*,*,#685,.F.);
#1018=ORIENTED_EDGE('',*,*,#662,.F.);
#1019=ORIENTED_EDGE('',*,*,#620,.T.);
#1020=ORIENTED_EDGE('',*,*,#735,.T.);
#1021=ORIENTED_EDGE('',*,*,#619,.T.);
#1022=ORIENTED_EDGE('',*,*,#734,.T.);
#1023=ORIENTED_EDGE('',*,*,#686,.F.);
#1024=ORIENTED_EDGE('',*,*,#735,.F.);
#1025=ORIENTED_EDGE('',*,*,#736,.T.);
#1026=ORIENTED_EDGE('',*,*,#737,.T.);
#1027=ORIENTED_EDGE('',*,*,#738,.T.);
#1028=ORIENTED_EDGE('',*,*,#739,.T.);
#1029=ORIENTED_EDGE('',*,*,#607,.F.);
#1030=ORIENTED_EDGE('',*,*,#740,.F.);
#1031=ORIENTED_EDGE('',*,*,#673,.T.);
#1032=ORIENTED_EDGE('',*,*,#625,.T.);
#1033=ORIENTED_EDGE('',*,*,#606,.F.);
#1034=ORIENTED_EDGE('',*,*,#614,.T.);
#1035=ORIENTED_EDGE('',*,*,#603,.F.);
#1036=ORIENTED_EDGE('',*,*,#674,.T.);
#1037=ORIENTED_EDGE('',*,*,#740,.T.);
#1038=ORIENTED_EDGE('',*,*,#737,.F.);
#1039=ORIENTED_EDGE('',*,*,#741,.T.);
#1040=ORIENTED_EDGE('',*,*,#742,.F.);
#1041=ORIENTED_EDGE('',*,*,#743,.F.);
#1042=ORIENTED_EDGE('',*,*,#728,.F.);
#1043=ORIENTED_EDGE('',*,*,#744,.T.);
#1044=ORIENTED_EDGE('',*,*,#707,.T.);
#1045=ORIENTED_EDGE('',*,*,#745,.T.);
#1046=ORIENTED_EDGE('',*,*,#741,.F.);
#1047=ORIENTED_EDGE('',*,*,#736,.F.);
#1048=ORIENTED_EDGE('',*,*,#746,.F.);
#1049=ORIENTED_EDGE('',*,*,#708,.T.);
#1050=ORIENTED_EDGE('',*,*,#701,.F.);
#1051=ORIENTED_EDGE('',*,*,#704,.F.);
#1052=ORIENTED_EDGE('',*,*,#675,.F.);
#1053=ORIENTED_EDGE('',*,*,#601,.F.);
#1054=ORIENTED_EDGE('',*,*,#747,.T.);
#1055=ORIENTED_EDGE('',*,*,#742,.T.);
#1056=ORIENTED_EDGE('',*,*,#745,.F.);
#1057=ORIENTED_EDGE('',*,*,#706,.T.);
#1058=ORIENTED_EDGE('',*,*,#738,.F.);
#1059=ORIENTED_EDGE('',*,*,#744,.F.);
#1060=ORIENTED_EDGE('',*,*,#727,.F.);
#1061=ORIENTED_EDGE('',*,*,#748,.F.);
#1062=ORIENTED_EDGE('',*,*,#600,.F.);
#1063=ORIENTED_EDGE('',*,*,#729,.T.);
#1064=ORIENTED_EDGE('',*,*,#743,.T.);
#1065=ORIENTED_EDGE('',*,*,#747,.F.);
#1066=ORIENTED_EDGE('',*,*,#749,.F.);
#1067=ORIENTED_EDGE('',*,*,#605,.F.);
#1068=ORIENTED_EDGE('',*,*,#750,.T.);
#1069=ORIENTED_EDGE('',*,*,#749,.T.);
#1070=ORIENTED_EDGE('',*,*,#750,.F.);
#1071=ORIENTED_EDGE('',*,*,#656,.T.);
#1072=ORIENTED_EDGE('',*,*,#640,.T.);
#1073=ORIENTED_EDGE('',*,*,#746,.T.);
#1074=ORIENTED_EDGE('',*,*,#739,.F.);
#1075=ORIENTED_EDGE('',*,*,#748,.T.);
#1076=ORIENTED_EDGE('',*,*,#726,.F.);
#1077=CYLINDRICAL_SURFACE('',#1162,2.7);
#1078=CYLINDRICAL_SURFACE('',#1177,5.);
#1079=CYLINDRICAL_SURFACE('',#1184,5.);
#1080=CYLINDRICAL_SURFACE('',#1197,1.25);
#1081=CYLINDRICAL_SURFACE('',#1201,1.25);
#1082=CYLINDRICAL_SURFACE('',#1202,2.);
#1083=CYLINDRICAL_SURFACE('',#1208,2.);
#1084=CYLINDRICAL_SURFACE('',#1219,1.25);
#1085=CYLINDRICAL_SURFACE('',#1225,1.49999999999998);
#1086=CYLINDRICAL_SURFACE('',#1229,2.59999999999998);
#1087=CYLINDRICAL_SURFACE('',#1250,1.49999999999998);
#1088=CYLINDRICAL_SURFACE('',#1253,1.25);
#1089=ADVANCED_FACE('',(#84),#1077,.F.);
#1090=ADVANCED_FACE('',(#85),#41,.T.);
#1091=ADVANCED_FACE('',(#86),#42,.F.);
#1092=ADVANCED_FACE('',(#87,#31),#43,.F.);
#1093=ADVANCED_FACE('',(#88),#44,.T.);
#1094=ADVANCED_FACE('',(#89,#32,#33,#34,#35),#45,.F.);
#1095=ADVANCED_FACE('',(#90),#46,.T.);
#1096=ADVANCED_FACE('',(#91),#47,.T.);
#1097=ADVANCED_FACE('',(#92),#1078,.F.);
#1098=ADVANCED_FACE('',(#93),#48,.T.);
#1099=ADVANCED_FACE('',(#94),#49,.T.);
#1100=ADVANCED_FACE('',(#95),#1079,.F.);
#1101=ADVANCED_FACE('',(#96),#50,.F.);
#1102=ADVANCED_FACE('',(#97),#51,.T.);
#1103=ADVANCED_FACE('',(#98),#52,.T.);
#1104=ADVANCED_FACE('',(#99),#53,.F.);
#1105=ADVANCED_FACE('',(#100),#54,.T.);
#1106=ADVANCED_FACE('',(#101),#55,.F.);
#1107=ADVANCED_FACE('',(#102,#36),#56,.F.);
#1108=ADVANCED_FACE('',(#103),#1080,.F.);
#1109=ADVANCED_FACE('',(#104,#37,#38,#39,#40),#57,.T.);
#1110=ADVANCED_FACE('',(#105),#1081,.F.);
#1111=ADVANCED_FACE('',(#106),#1082,.T.);
#1112=ADVANCED_FACE('',(#107),#58,.T.);
#1113=ADVANCED_FACE('',(#108),#59,.T.);
#1114=ADVANCED_FACE('',(#109),#1083,.T.);
#1115=ADVANCED_FACE('',(#110),#60,.T.);
#1116=ADVANCED_FACE('',(#111),#61,.T.);
#1117=ADVANCED_FACE('',(#112),#62,.T.);
#1118=ADVANCED_FACE('',(#113),#63,.T.);
#1119=ADVANCED_FACE('',(#114),#17,.F.);
#1120=ADVANCED_FACE('',(#115),#64,.T.);
#1121=ADVANCED_FACE('',(#116),#1084,.F.);
#1122=ADVANCED_FACE('',(#117),#65,.F.);
#1123=ADVANCED_FACE('',(#118),#66,.F.);
#1124=ADVANCED_FACE('',(#119),#67,.F.);
#1125=ADVANCED_FACE('',(#120),#1085,.F.);
#1126=ADVANCED_FACE('',(#121),#68,.F.);
#1127=ADVANCED_FACE('',(#122),#18,.F.);
#1128=ADVANCED_FACE('',(#123),#1086,.F.);
#1129=ADVANCED_FACE('',(#124),#69,.F.);
#1130=ADVANCED_FACE('',(#125),#70,.F.);
#1131=ADVANCED_FACE('',(#126),#71,.F.);
#1132=ADVANCED_FACE('',(#127),#72,.F.);
#1133=ADVANCED_FACE('',(#128),#73,.F.);
#1134=ADVANCED_FACE('',(#129),#74,.F.);
#1135=ADVANCED_FACE('',(#130),#75,.F.);
#1136=ADVANCED_FACE('',(#131),#76,.F.);
#1137=ADVANCED_FACE('',(#132),#77,.F.);
#1138=ADVANCED_FACE('',(#133),#78,.F.);
#1139=ADVANCED_FACE('',(#134),#79,.F.);
#1140=ADVANCED_FACE('',(#135),#19,.F.);
#1141=ADVANCED_FACE('',(#136),#80,.F.);
#1142=ADVANCED_FACE('',(#137),#81,.F.);
#1143=ADVANCED_FACE('',(#138),#82,.T.);
#1144=ADVANCED_FACE('',(#139),#1087,.F.);
#1145=ADVANCED_FACE('',(#140),#83,.F.);
#1146=ADVANCED_FACE('',(#141),#1088,.F.);
#1147=ADVANCED_FACE('',(#142),#20,.F.);
#1148=CLOSED_SHELL('',(#1089,#1090,#1091,#1092,#1093,#1094,#1095,#1096,
#1097,#1098,#1099,#1100,#1101,#1102,#1103,#1104,#1105,#1106,#1107,#1108,
#1109,#1110,#1111,#1112,#1113,#1114,#1115,#1116,#1117,#1118,#1119,#1120,
#1121,#1122,#1123,#1124,#1125,#1126,#1127,#1128,#1129,#1130,#1131,#1132,
#1133,#1134,#1135,#1136,#1137,#1138,#1139,#1140,#1141,#1142,#1143,#1144,
#1145,#1146,#1147));
#1149=DERIVED_UNIT_ELEMENT(#1151,1.);
#1150=DERIVED_UNIT_ELEMENT(#1972,-3.);
#1151=(
MASS_UNIT()
NAMED_UNIT(*)
SI_UNIT(.KILO.,.GRAM.)
);
#1152=DERIVED_UNIT((#1149,#1150));
#1153=MEASURE_REPRESENTATION_ITEM('density measure',
POSITIVE_RATIO_MEASURE(7850.),#1152);
#1154=PROPERTY_DEFINITION_REPRESENTATION(#1159,#1156);
#1155=PROPERTY_DEFINITION_REPRESENTATION(#1160,#1157);
#1156=REPRESENTATION('material name',(#1158),#1969);
#1157=REPRESENTATION('density',(#1153),#1969);
#1158=DESCRIPTIVE_REPRESENTATION_ITEM('Steel','Steel');
#1159=PROPERTY_DEFINITION('material property','material name',#1979);
#1160=PROPERTY_DEFINITION('material property','density of part',#1979);
#1161=AXIS2_PLACEMENT_3D('',#1560,#1255,#1256);
#1162=AXIS2_PLACEMENT_3D('',#1561,#1257,#1258);
#1163=AXIS2_PLACEMENT_3D('',#1566,#1260,#1261);
#1164=AXIS2_PLACEMENT_3D('',#1569,#1263,#1264);
#1165=AXIS2_PLACEMENT_3D('',#1570,#1265,#1266);
#1166=AXIS2_PLACEMENT_3D('',#1574,#1268,#1269);
#1167=AXIS2_PLACEMENT_3D('',#1576,#1271,#1272);
#1168=AXIS2_PLACEMENT_3D('',#1584,#1277,#1278);
#1169=AXIS2_PLACEMENT_3D('',#1588,#1280,#1281);
#1170=AXIS2_PLACEMENT_3D('',#1597,#1286,#1287);
#1171=AXIS2_PLACEMENT_3D('',#1598,#1288,#1289);
#1172=AXIS2_PLACEMENT_3D('',#1607,#1294,#1295);
#1173=AXIS2_PLACEMENT_3D('',#1633,#1309,#1310);
#1174=AXIS2_PLACEMENT_3D('',#1635,#1311,#1312);
#1175=AXIS2_PLACEMENT_3D('',#1636,#1313,#1314);
#1176=AXIS2_PLACEMENT_3D('',#1644,#1319,#1320);
#1177=AXIS2_PLACEMENT_3D('',#1648,#1323,#1324);
#1178=AXIS2_PLACEMENT_3D('',#1651,#1325,#1326);
#1179=AXIS2_PLACEMENT_3D('',#1655,#1328,#1329);
#1180=AXIS2_PLACEMENT_3D('',#1657,#1331,#1332);
#1181=AXIS2_PLACEMENT_3D('',#1665,#1336,#1337);
#1182=AXIS2_PLACEMENT_3D('',#1669,#1339,#1340);
#1183=AXIS2_PLACEMENT_3D('',#1671,#1342,#1343);
#1184=AXIS2_PLACEMENT_3D('',#1675,#1346,#1347);
#1185=AXIS2_PLACEMENT_3D('',#1678,#1348,#1349);
#1186=AXIS2_PLACEMENT_3D('',#1682,#1351,#1352);
#1187=AXIS2_PLACEMENT_3D('',#1684,#1354,#1355);
#1188=AXIS2_PLACEMENT_3D('',#1692,#1358,#1359);
#1189=AXIS2_PLACEMENT_3D('',#1698,#1363,#1364);
#1190=AXIS2_PLACEMENT_3D('',#1701,#1367,#1368);
#1191=AXIS2_PLACEMENT_3D('',#1707,#1370,#1371);
#1192=AXIS2_PLACEMENT_3D('',#1711,#1374,#1375);
#1193=AXIS2_PLACEMENT_3D('',#1717,#1379,#1380);
#1194=AXIS2_PLACEMENT_3D('',#1725,#1384,#1385);
#1195=AXIS2_PLACEMENT_3D('',#1728,#1387,#1388);
#1196=AXIS2_PLACEMENT_3D('',#1730,#1389,#1390);
#1197=AXIS2_PLACEMENT_3D('',#1731,#1391,#1392);
#1198=AXIS2_PLACEMENT_3D('',#1733,#1393,#1394);
#1199=AXIS2_PLACEMENT_3D('',#1735,#1396,#1397);
#1200=AXIS2_PLACEMENT_3D('',#1749,#1406,#1407);
#1201=AXIS2_PLACEMENT_3D('',#1763,#1415,#1416);
#1202=AXIS2_PLACEMENT_3D('',#1765,#1418,#1419);
#1203=AXIS2_PLACEMENT_3D('',#1768,#1420,#1421);
#1204=AXIS2_PLACEMENT_3D('',#1772,#1423,#1424);
#1205=AXIS2_PLACEMENT_3D('',#1774,#1426,#1427);
#1206=AXIS2_PLACEMENT_3D('',#1780,#1430,#1431);
#1207=AXIS2_PLACEMENT_3D('',#1783,#1434,#1435);
#1208=AXIS2_PLACEMENT_3D('',#1789,#1439,#1440);
#1209=AXIS2_PLACEMENT_3D('',#1792,#1441,#1442);
#1210=AXIS2_PLACEMENT_3D('',#1795,#1445,#1446);
#1211=AXIS2_PLACEMENT_3D('',#1797,#1448,#1449);
#1212=AXIS2_PLACEMENT_3D('',#1799,#1451,#1452);
#1213=AXIS2_PLACEMENT_3D('',#1805,#1456,#1457);
#1214=AXIS2_PLACEMENT_3D('',#1806,#1458,#1459);
#1215=AXIS2_PLACEMENT_3D('',#1807,#1460,#1461);
#1216=AXIS2_PLACEMENT_3D('',#1809,#1462,#1463);
#1217=AXIS2_PLACEMENT_3D('',#1816,#1464,#1465);
#1218=AXIS2_PLACEMENT_3D('',#1821,#1466,#1467);
#1219=AXIS2_PLACEMENT_3D('',#1829,#1469,#1470);
#1220=AXIS2_PLACEMENT_3D('',#1832,#1472,#1473);
#1221=AXIS2_PLACEMENT_3D('',#1833,#1474,#1475);
#1222=AXIS2_PLACEMENT_3D('',#1834,#1476,#1477);
#1223=AXIS2_PLACEMENT_3D('',#1835,#1478,#1479);
#1224=AXIS2_PLACEMENT_3D('',#1838,#1481,#1482);
#1225=AXIS2_PLACEMENT_3D('',#1839,#1483,#1484);
#1226=AXIS2_PLACEMENT_3D('',#1865,#1486,#1487);
#1227=AXIS2_PLACEMENT_3D('',#1873,#1489,#1490);
#1228=AXIS2_PLACEMENT_3D('',#1874,#1491,#1492);
#1229=AXIS2_PLACEMENT_3D('',#1875,#1493,#1494);
#1230=AXIS2_PLACEMENT_3D('',#1877,#1496,#1497);
#1231=AXIS2_PLACEMENT_3D('',#1879,#1498,#1499);
#1232=AXIS2_PLACEMENT_3D('',#1883,#1501,#1502);
#1233=AXIS2_PLACEMENT_3D('',#1885,#1504,#1505);
#1234=AXIS2_PLACEMENT_3D('',#1888,#1508,#1509);
#1235=AXIS2_PLACEMENT_3D('',#1890,#1511,#1512);
#1236=AXIS2_PLACEMENT_3D('',#1892,#1514,#1515);
#1237=AXIS2_PLACEMENT_3D('',#1893,#1516,#1517);
#1238=AXIS2_PLACEMENT_3D('',#1895,#1519,#1520);
#1239=AXIS2_PLACEMENT_3D('',#1897,#1522,#1523);
#1240=AXIS2_PLACEMENT_3D('',#1898,#1524,#1525);
#1241=AXIS2_PLACEMENT_3D('',#1903,#1527,#1528);
#1242=AXIS2_PLACEMENT_3D('',#1906,#1530,#1531);
#1243=AXIS2_PLACEMENT_3D('',#1907,#1532,#1533);
#1244=AXIS2_PLACEMENT_3D('',#1909,#1535,#1536);
#1245=AXIS2_PLACEMENT_3D('',#1910,#1537,#1538);
#1246=AXIS2_PLACEMENT_3D('',#1917,#1539,#1540);
#1247=AXIS2_PLACEMENT_3D('',#1946,#1541,#1542);
#1248=AXIS2_PLACEMENT_3D('',#1953,#1544,#1545);
#1249=AXIS2_PLACEMENT_3D('',#1955,#1547,#1548);
#1250=AXIS2_PLACEMENT_3D('',#1960,#1549,#1550);
#1251=AXIS2_PLACEMENT_3D('',#1961,#1551,#1552);
#1252=AXIS2_PLACEMENT_3D('',#1963,#1553,#1554);
#1253=AXIS2_PLACEMENT_3D('',#1964,#1555,#1556);
#1254=AXIS2_PLACEMENT_3D('',#1966,#1558,#1559);
#1255=DIRECTION('axis',(0.,0.,1.));
#1256=DIRECTION('refdir',(1.,0.,0.));
#1257=DIRECTION('center_axis',(7.1041806548666E-14,-1.17057297053953E-15,
1.));
#1258=DIRECTION('ref_axis',(-1.,4.25100994669666E-14,7.10418065486278E-14));
#1259=DIRECTION('',(7.1041806548666E-14,-1.17057297053953E-15,1.));
#1260=DIRECTION('center_axis',(-7.10542735803527E-14,1.05471187337263E-15,
-1.));
#1261=DIRECTION('ref_axis',(1.,-1.27528067637209E-24,-7.10418065487043E-14));
#1262=DIRECTION('',(-7.1041806548666E-14,1.17057297053953E-15,-1.));
#1263=DIRECTION('center_axis',(-7.10542735760089E-14,1.11022302462138E-15,
-1.));
#1264=DIRECTION('ref_axis',(1.,-1.27528067637209E-24,-7.10418065487043E-14));
#1265=DIRECTION('center_axis',(7.10542735803527E-14,-1.05471187337263E-15,
1.));
#1266=DIRECTION('ref_axis',(1.,-1.27528036595566E-24,-7.10542735803527E-14));
#1267=DIRECTION('',(-4.27263045539906E-14,-1.,-1.05471187336959E-15));
#1268=DIRECTION('center_axis',(7.10542735803527E-14,-1.05471187337263E-15,
1.));
#1269=DIRECTION('ref_axis',(-0.0384615384600541,-0.999260081289794,0.));
#1270=DIRECTION('',(-4.27263045539906E-14,-1.,-1.05471187336959E-15));
#1271=DIRECTION('center_axis',(-1.,4.27263045539906E-14,4.81174721482132E-15));
#1272=DIRECTION('ref_axis',(-4.81174726913854E-15,-1.27128217707361E-9,
-1.));
#1273=DIRECTION('',(4.27263045601072E-14,1.,1.27117955322494E-9));
#1274=DIRECTION('',(-4.81174716050855E-15,1.27117855672319E-9,-1.));
#1275=DIRECTION('',(4.27263046380539E-14,1.,1.27122620547681E-9));
#1276=DIRECTION('',(0.,0.,1.));
#1277=DIRECTION('center_axis',(-7.10542735760089E-14,1.11022302462138E-15,
-1.));
#1278=DIRECTION('ref_axis',(-5.35960165135435E-14,1.,1.1102230246252E-15));
#1279=DIRECTION('',(4.27263045601072E-14,1.,1.27117955322494E-9));
#1280=DIRECTION('center_axis',(-7.10542735760089E-14,1.11022302462138E-15,
-1.));
#1281=DIRECTION('ref_axis',(-6.86681353210899E-14,1.,1.11022302462517E-15));
#1282=DIRECTION('',(4.27263045601072E-14,1.,1.27117955322494E-9));
#1283=DIRECTION('',(1.,8.79257368767468E-16,-7.10542735760089E-14));
#1284=DIRECTION('',(-5.34156050272787E-14,-1.,-1.11022302461759E-15));
#1285=DIRECTION('',(1.,3.05311420798124E-16,-7.10542735760089E-14));
#1286=DIRECTION('center_axis',(-7.10542735760089E-14,1.11022302462138E-15,
-1.));
#1287=DIRECTION('ref_axis',(-5.34156052725197E-14,-1.,5.55111512348361E-17));
#1288=DIRECTION('center_axis',(4.76276506344585E-14,-0.707106782085402,
0.707106780287693));
#1289=DIRECTION('ref_axis',(1.,0.,-6.73556695568394E-14));
#1290=DIRECTION('',(3.77705366613697E-14,0.707106780287693,0.707106782085402));
#1291=DIRECTION('',(-1.,-3.05311415708433E-16,6.70503581403548E-14));
#1292=DIRECTION('',(1.96261557086882E-17,-0.707106780287693,-0.707106782085402));
#1293=DIRECTION('',(1.,3.05311415708433E-16,-6.70503581403548E-14));
#1294=DIRECTION('center_axis',(-3.05311330475456E-16,1.,1.27117855672319E-9));
#1295=DIRECTION('ref_axis',(1.,3.05311417761206E-16,-6.86652279943553E-14));
#1296=DIRECTION('',(1.31605690892834E-13,-1.27117855672319E-9,1.));
#1297=DIRECTION('',(-1.,-3.0531141253681E-16,6.45553327517386E-14));
#1298=DIRECTION('',(0.,0.,1.));
#1299=DIRECTION('',(-1.,-3.05311330475456E-16,0.));
#1300=DIRECTION('',(-1.31605690960773E-13,1.27117855672319E-9,-1.));
#1301=DIRECTION('',(-1.,-3.05311470193334E-16,1.09912079437865E-13));
#1302=DIRECTION('',(1.08135722598465E-13,-1.27117855672319E-9,1.));
#1303=DIRECTION('',(1.,3.05311470193334E-16,-1.09912079437864E-13));
#1304=DIRECTION('',(-9.74775815620629E-14,1.27117855672319E-9,-1.));
#1305=DIRECTION('',(-1.,-3.05311458903E-16,1.01030295240863E-13));
#1306=DIRECTION('',(1.08135722598465E-13,-1.27117855672319E-9,1.));
#1307=DIRECTION('',(1.,3.05311458903E-16,-1.01030295240863E-13));
#1308=DIRECTION('',(-9.74775815620629E-14,1.27117855672319E-9,-1.));
#1309=DIRECTION('center_axis',(3.05311330475456E-16,-1.,-1.27117855672319E-9));
#1310=DIRECTION('ref_axis',(1.,3.05311413741666E-16,-6.55031584528549E-14));
#1311=DIRECTION('center_axis',(3.05311330475456E-16,-1.,-1.27117855672319E-9));
#1312=DIRECTION('ref_axis',(1.,3.05311413741666E-16,-6.55031584528549E-14));
#1313=DIRECTION('center_axis',(-1.,-2.77555756157551E-17,4.12674871238234E-47));
#1314=DIRECTION('ref_axis',(-4.12888692415043E-47,7.70371977754893E-34,
-1.));
#1315=DIRECTION('',(2.77556535625478E-17,-1.,-1.27117855672319E-9));
#1316=DIRECTION('',(3.52836427293206E-26,-1.27122720197855E-9,1.));
#1317=DIRECTION('',(2.77555756157149E-17,-1.,-1.27122720197855E-9));
#1318=DIRECTION('',(-1.96261557585854E-17,0.707106782085429,-0.707106780287666));
#1319=DIRECTION('center_axis',(-4.5431625838632E-14,-0.707106780287666,
-0.707106782085429));
#1320=DIRECTION('ref_axis',(-1.,0.,6.4250021339978E-14));
#1321=DIRECTION('',(-3.77705367573969E-14,-0.707106782085429,0.707106780287666));
#1322=DIRECTION('',(1.,3.0531141253681E-16,-6.45553327517386E-14));
#1323=DIRECTION('center_axis',(-1.,-1.39824694071246E-14,-1.777116854895E-23));
#1324=DIRECTION('ref_axis',(9.89158248970671E-15,-0.707106780287765,-0.70710678208533));
#1325=DIRECTION('center_axis',(1.,0.,-5.9211894646675E-14));
#1326=DIRECTION('ref_axis',(9.89158248970671E-15,-0.707106780287765,-0.70710678208533));
#1327=DIRECTION('',(1.,1.39824694071246E-14,1.777116854895E-23));
#1328=DIRECTION('center_axis',(1.,-4.27263045539906E-14,-4.81174721482132E-15));
#1329=DIRECTION('ref_axis',(9.89158248970671E-15,-0.707106780287765,-0.70710678208533));
#1330=DIRECTION('',(-1.,-1.39824694071246E-14,-1.777116854895E-23));
#1331=DIRECTION('center_axis',(1.,0.,-5.9211894646675E-14));
#1332=DIRECTION('ref_axis',(-5.9211894646675E-14,0.,-1.));
#1333=DIRECTION('',(7.52559887120197E-23,1.,1.27096066020319E-9));
#1334=DIRECTION('',(-6.29613320544002E-14,1.27122720197855E-9,-1.));
#1335=DIRECTION('',(-7.52689003180276E-23,-1.,-1.27117871784321E-9));
#1336=DIRECTION('center_axis',(-1.,0.,5.9211894646675E-14));
#1337=DIRECTION('ref_axis',(-8.83177008009623E-14,-0.707106780287685,-0.70710678208541));
#1338=DIRECTION('',(5.9211894646675E-14,-1.27117871784321E-9,1.));
#1339=DIRECTION('center_axis',(1.,1.18783807257657E-23,-6.85562717706034E-14));
#1340=DIRECTION('ref_axis',(5.75270223309243E-14,5.58535473974391E-14,1.));
#1341=DIRECTION('',(5.9211894646675E-14,-1.27117871784321E-9,1.));
#1342=DIRECTION('center_axis',(0.,-1.27096066020319E-9,1.));
#1343=DIRECTION('ref_axis',(-2.35979280686939E-25,-1.,-1.27096066020319E-9));
#1344=DIRECTION('',(-2.35979280686939E-25,-1.,-1.27096066020319E-9));
#1345=DIRECTION('',(1.,0.,0.));
#1346=DIRECTION('center_axis',(1.,1.39824694071246E-14,1.777116854895E-23));
#1347=DIRECTION('ref_axis',(9.89158248970884E-15,-0.707106782085329,0.707106780287766));
#1348=DIRECTION('center_axis',(1.,0.,-5.9211894646675E-14));
#1349=DIRECTION('ref_axis',(9.89158248970884E-15,-0.707106782085329,0.707106780287766));
#1350=DIRECTION('',(1.,1.39824694071246E-14,1.777116854895E-23));
#1351=DIRECTION('center_axis',(1.,-4.27263045539906E-14,-4.81174721482132E-15));
#1352=DIRECTION('ref_axis',(9.89158248970884E-15,-0.707106782085329,0.707106780287766));
#1353=DIRECTION('',(-1.,-1.39824694071246E-14,-1.777116854895E-23));
#1354=DIRECTION('center_axis',(1.39824694071246E-14,-1.,-1.27117871784321E-9));
#1355=DIRECTION('ref_axis',(1.,1.39824694943E-14,-6.85784029902375E-14));
#1356=DIRECTION('',(-6.57046332624093E-14,1.27117909501314E-9,-1.));
#1357=DIRECTION('',(5.9211894646675E-14,-1.27117871784321E-9,1.));
#1358=DIRECTION('center_axis',(0.,1.,3.60001184129416E-9));
#1359=DIRECTION('ref_axis',(-2.01948391736579E-28,-3.60001184129416E-9,
1.));
#1360=DIRECTION('',(-6.29613320544002E-14,1.27122720197855E-9,-1.));
#1361=DIRECTION('',(-2.01948391736579E-28,-3.60001184129416E-9,1.));
#1362=DIRECTION('',(1.,0.,0.));
#1363=DIRECTION('center_axis',(0.,1.27096066020319E-9,-1.));
#1364=DIRECTION('ref_axis',(2.35979280686939E-25,1.,1.27096066020319E-9));
#1365=DIRECTION('',(-7.52559887120197E-23,-1.,-1.27096066020319E-9));
#1366=DIRECTION('',(2.35979280686939E-25,1.,1.27096066020319E-9));
#1367=DIRECTION('center_axis',(1.39824694071246E-14,-1.,-1.27117871784321E-9));
#1368=DIRECTION('ref_axis',(1.,1.39824694943E-14,-6.85784029902375E-14));
#1369=DIRECTION('',(-6.57046332624093E-14,1.27117909501314E-9,-1.));
#1370=DIRECTION('center_axis',(-6.45553327521267E-14,1.27122720197855E-9,
-1.));
#1371=DIRECTION('ref_axis',(-1.29638251029166E-14,1.,1.27122720197855E-9));
#1372=DIRECTION('',(-1.,-8.79257360505838E-16,6.4555332751009E-14));
#1373=DIRECTION('',(-5.34156052725197E-14,-1.,-1.27122720197855E-9));
#1374=DIRECTION('center_axis',(-1.01030295240863E-13,5.2245789394125E-16,
-1.));
#1375=DIRECTION('ref_axis',(-1.,1.93270921778981E-28,1.01030295240863E-13));
#1376=DIRECTION('',(1.,8.79257406873802E-16,-1.01030295240863E-13));
#1377=DIRECTION('',(0.,1.,5.2245789394125E-16));
#1378=DIRECTION('',(0.,1.,5.2245789394125E-16));
#1379=DIRECTION('center_axis',(0.,0.,1.));
#1380=DIRECTION('ref_axis',(1.,0.,0.));
#1381=DIRECTION('',(-5.34156052725197E-14,-1.,5.55111512348298E-17));
#1382=DIRECTION('',(-1.,-8.79257278441343E-16,0.));
#1383=DIRECTION('',(4.27263046380539E-14,1.,1.27122620547681E-9));
#1384=DIRECTION('center_axis',(6.30272886234833E-14,-1.27122620547681E-9,
1.));
#1385=DIRECTION('ref_axis',(-5.6825753204583E-14,1.,1.2712266636886E-9));
#1386=DIRECTION('',(4.27263046380539E-14,1.,1.27122620547681E-9));
#1387=DIRECTION('center_axis',(0.,0.,1.));
#1388=DIRECTION('ref_axis',(-0.0384615384600541,-0.999260081289794,0.));
#1389=DIRECTION('center_axis',(0.,0.,1.));
#1390=DIRECTION('ref_axis',(5.34156052725197E-14,1.,-5.55111512348361E-17));
#1391=DIRECTION('center_axis',(-5.3332338545676E-14,-1.,-4.7850612361341E-14));
#1392=DIRECTION('ref_axis',(1.,-5.33323385456728E-14,-6.55031584528574E-14));
#1393=DIRECTION('center_axis',(8.79257278441343E-16,-1.,-1.27122720197855E-9));
#1394=DIRECTION('ref_axis',(1.,8.79257361710742E-16,-6.55031584528548E-14));
#1395=DIRECTION('',(-5.3332338545676E-14,-1.,-4.7850612361341E-14));
#1396=DIRECTION('center_axis',(-8.79257278441343E-16,1.,1.27122720197855E-9));
#1397=DIRECTION('ref_axis',(1.,8.79257358452969E-16,-6.29404628970084E-14));
#1398=DIRECTION('',(6.79033704325762E-23,1.27122720197855E-9,-1.));
#1399=DIRECTION('',(-1.,-8.79257441621142E-16,6.70503581396252E-14));
#1400=DIRECTION('',(1.31605690960773E-13,-1.27117855672319E-9,1.));
#1401=DIRECTION('',(-4.81174716050856E-15,1.27117855672319E-9,-1.));
#1402=DIRECTION('',(1.,8.79257365620074E-16,-6.8578403006894E-14));
#1403=DIRECTION('',(-6.29613320544002E-14,1.27122720197855E-9,-1.));
#1404=DIRECTION('',(-1.,-8.79257358563346E-16,6.30272878837401E-14));
#1405=DIRECTION('',(6.30343730428624E-14,-1.27122639900048E-9,1.));
#1406=DIRECTION('center_axis',(8.79257278441343E-16,-1.,-1.27122720197855E-9));
#1407=DIRECTION('ref_axis',(1.,8.79257361710742E-16,-6.55031584528548E-14));
#1408=DIRECTION('',(-1.,-8.79257418164568E-16,1.09912079437865E-13));
#1409=DIRECTION('',(-1.08135722598464E-13,1.27122720197855E-9,-1.));
#1410=DIRECTION('',(1.,8.79257418164568E-16,-1.09912079437864E-13));
#1411=DIRECTION('',(9.39248678832618E-14,-1.27122720197855E-9,1.));
#1412=DIRECTION('',(1.08135722598465E-13,-1.27122720197855E-9,1.));
#1413=DIRECTION('',(-1.,-8.79257406873802E-16,1.01030295240863E-13));
#1414=DIRECTION('',(-9.74775815620629E-14,1.27122720197855E-9,-1.));
#1415=DIRECTION('center_axis',(-5.3332338545676E-14,-1.,-4.7850612361341E-14));
#1416=DIRECTION('ref_axis',(1.,-5.33323385456728E-14,-6.55031584528574E-14));
#1417=DIRECTION('',(5.3332338545676E-14,1.,4.7850612361341E-14));
#1418=DIRECTION('center_axis',(1.,-5.6362832443442E-14,-6.30343731145123E-14));
#1419=DIRECTION('ref_axis',(4.7102773760513E-15,-0.707106782085438,0.707106780287657));
#1420=DIRECTION('center_axis',(-1.,4.27263044768701E-14,1.26793943786676E-13));
#1421=DIRECTION('ref_axis',(4.7102773760513E-15,-0.707106782085438,0.707106780287657));
#1422=DIRECTION('',(-1.,5.6362832443442E-14,6.30343731145123E-14));
#1423=DIRECTION('center_axis',(-1.,0.,5.9211894646675E-14));
#1424=DIRECTION('ref_axis',(4.7102773760513E-15,-0.707106782085438,0.707106780287657));
#1425=DIRECTION('',(1.,-5.6362832443442E-14,-6.30343731145123E-14));
#1426=DIRECTION('center_axis',(1.,-4.27263044768701E-14,-1.26793943786676E-13));
#1427=DIRECTION('ref_axis',(1.26793943623731E-13,-3.81368793577536E-9,1.));
#1428=DIRECTION('',(6.30343730428624E-14,-1.27122639900048E-9,1.));
#1429=DIRECTION('',(-1.26793943678046E-13,2.54246148978446E-9,-1.));
#1430=DIRECTION('center_axis',(1.,-4.27263044768701E-14,-1.26793943786676E-13));
#1431=DIRECTION('ref_axis',(-7.40786685619452E-14,2.54246161224914E-9,-1.));
#1432=DIRECTION('',(-6.59010576304602E-14,1.2712266636886E-9,-1.));
#1433=DIRECTION('',(4.27263046380539E-14,1.,1.27122624954554E-9));
#1434=DIRECTION('center_axis',(-5.63628325235729E-14,-1.,-1.27122639900048E-9));
#1435=DIRECTION('ref_axis',(1.,-5.6362832443451E-14,-6.30272879565078E-14));
#1436=DIRECTION('',(5.9211894646675E-14,-1.27122639900048E-9,1.));
#1437=DIRECTION('',(6.29613320544002E-14,-2.54246148978446E-9,1.));
#1438=DIRECTION('',(-1.,5.6362832443451E-14,6.30272879565078E-14));
#1439=DIRECTION('center_axis',(-1.,5.63628323584789E-14,6.85562718422506E-14));
#1440=DIRECTION('ref_axis',(-8.83177008009623E-14,-0.707106780287685,-0.70710678208541));
#1441=DIRECTION('center_axis',(-1.,4.27263045539906E-14,4.81174721482132E-15));
#1442=DIRECTION('ref_axis',(-8.83177008009623E-14,-0.707106780287685,-0.70710678208541));
#1443=DIRECTION('',(-1.,5.63628323584789E-14,6.85562718422506E-14));
#1444=DIRECTION('',(1.,-5.63628323584789E-14,-6.85562718422506E-14));
#1445=DIRECTION('center_axis',(-6.85562717706034E-14,1.27117871784321E-9,
-1.));
#1446=DIRECTION('ref_axis',(-1.,0.,6.85562717706034E-14));
#1447=DIRECTION('',(-4.27263045601072E-14,-1.,-1.2711795091562E-9));
#1448=DIRECTION('center_axis',(6.30343730428624E-14,-1.27122639900048E-9,
1.));
#1449=DIRECTION('ref_axis',(1.,0.,-6.30343730428624E-14));
#1450=DIRECTION('',(7.52717236096883E-23,1.,1.27122639900048E-9));
#1451=DIRECTION('center_axis',(-5.63628324456262E-14,-1.,-1.27117871784321E-9));
#1452=DIRECTION('ref_axis',(-1.,5.63628323584508E-14,6.8578403079659E-14));
#1453=DIRECTION('',(-6.85562717706034E-14,1.27117871784321E-9,-1.));
#1454=DIRECTION('',(1.,-5.63628323584508E-14,-6.8578403079659E-14));
#1455=DIRECTION('',(6.85562717706034E-14,5.57310827176945E-14,1.));
#1456=DIRECTION('center_axis',(1.,0.,-5.9211894646675E-14));
#1457=DIRECTION('ref_axis',(-5.9211894646675E-14,0.,-1.));
#1458=DIRECTION('center_axis',(1.,4.76638325372829E-24,-6.29613320544002E-14));
#1459=DIRECTION('ref_axis',(-7.40786685619452E-14,2.54246161224914E-9,-1.));
#1460=DIRECTION('center_axis',(1.,-5.639058799211E-14,-7.36299180755601E-14));
#1461=DIRECTION('ref_axis',(7.31813469282635E-14,3.18285087758213E-6,0.999999999994935));
#1462=DIRECTION('center_axis',(1.,-4.27263044768701E-14,-1.26793943786676E-13));
#1463=DIRECTION('ref_axis',(-7.40786685619452E-14,2.54246161224914E-9,-1.));
#1464=DIRECTION('center_axis',(1.,1.38004351465321E-14,-6.42969470120908E-14));
#1465=DIRECTION('ref_axis',(-7.40786685619452E-14,2.54246161224914E-9,-1.));
#1466=DIRECTION('center_axis',(-5.63628326036954E-14,-1.,-2.54246148978446E-9));
#1467=DIRECTION('ref_axis',(-7.40786685619452E-14,2.54246148978446E-9,-1.));
#1468=DIRECTION('',(6.42969470471779E-14,-2.54246148978446E-9,1.));
#1469=DIRECTION('center_axis',(-5.69115811462647E-26,5.55111512348361E-17,
1.));
#1470=DIRECTION('ref_axis',(5.34156052725197E-14,1.,-5.55111512348361E-17));
#1471=DIRECTION('',(-5.69115811462647E-26,5.55111512348361E-17,1.));
#1472=DIRECTION('center_axis',(-5.69115811462647E-26,5.55111512348361E-17,
1.));
#1473=DIRECTION('ref_axis',(5.34156052725197E-14,1.,-5.55111512348361E-17));
#1474=DIRECTION('center_axis',(-5.69115811462647E-26,5.55111512348361E-17,
1.));
#1475=DIRECTION('ref_axis',(5.34156052725197E-14,1.,-5.55111512348361E-17));
#1476=DIRECTION('center_axis',(-1.,5.34156052725197E-14,0.));
#1477=DIRECTION('ref_axis',(-5.34156052725197E-14,-1.,5.55111512348298E-17));
#1478=DIRECTION('center_axis',(-1.,-1.38004351465321E-14,6.42969470120908E-14));
#1479=DIRECTION('ref_axis',(-6.42969470120908E-14,1.22464679704423E-16,
-1.));
#1480=DIRECTION('',(-6.42969470471779E-14,2.54246148978446E-9,-1.));
#1481=DIRECTION('center_axis',(1.,1.38004351465321E-14,-6.42969470120908E-14));
#1482=DIRECTION('ref_axis',(-7.40786685619452E-14,2.54246161224914E-9,-1.));
#1483=DIRECTION('center_axis',(-6.59010576304602E-14,1.2712266636886E-9,
-1.));
#1484=DIRECTION('ref_axis',(-6.86681351596209E-14,1.,1.2712266636886E-9));
#1485=DIRECTION('',(4.81174716050855E-15,-1.27117871784321E-9,1.));
#1486=DIRECTION('center_axis',(-5.63905881793112E-14,-1.,-2.54246148978446E-9));
#1487=DIRECTION('ref_axis',(-6.29717768957877E-14,2.54246148978446E-9,-1.));
#1488=DIRECTION('',(-1.26793943678046E-13,2.54246148978446E-9,-1.));
#1489=DIRECTION('center_axis',(1.,-5.639058799211E-14,-7.36299180755601E-14));
#1490=DIRECTION('ref_axis',(-7.40786685619452E-14,2.54246161224914E-9,-1.));
#1491=DIRECTION('center_axis',(-1.,4.27263045539906E-14,4.81174721482132E-15));
#1492=DIRECTION('ref_axis',(-7.40786685619452E-14,2.54246161224914E-9,-1.));
#1493=DIRECTION('center_axis',(0.,0.,-1.));
#1494=DIRECTION('ref_axis',(-0.0384615384600541,-0.999260081289794,0.));
#1495=DIRECTION('',(0.,0.,-1.));
#1496=DIRECTION('center_axis',(-1.,4.27263045539906E-14,4.81174721482132E-15));
#1497=DIRECTION('ref_axis',(-4.81174726913854E-15,-1.27128217707361E-9,
-1.));
#1498=DIRECTION('center_axis',(-1.,4.27263045539906E-14,4.81174721482132E-15));
#1499=DIRECTION('ref_axis',(5.75270223309243E-14,5.58535473980506E-14,1.));
#1500=DIRECTION('',(4.81174721482371E-15,5.57310827176979E-14,1.));
#1501=DIRECTION('center_axis',(-1.,4.27263045539906E-14,4.81174721482132E-15));
#1502=DIRECTION('ref_axis',(5.75270223309243E-14,5.58535473980506E-14,1.));
#1503=DIRECTION('',(-6.57046332624093E-14,1.27117909501314E-9,-1.));
#1504=DIRECTION('center_axis',(-1.09912079437864E-13,5.2245789394125E-16,
-1.));
#1505=DIRECTION('ref_axis',(-1.,1.97412441531389E-28,1.09912079437864E-13));
#1506=DIRECTION('',(0.,1.,5.2245789394125E-16));
#1507=DIRECTION('',(0.,1.,5.2245789394125E-16));
#1508=DIRECTION('center_axis',(1.,5.64963618886091E-29,-1.08135722598465E-13));
#1509=DIRECTION('ref_axis',(-1.08135722598465E-13,5.67979851759128E-29,
-1.));
#1510=DIRECTION('',(0.,1.,5.2245789394125E-16));
#1511=DIRECTION('center_axis',(1.09912079437865E-13,-5.2245789394125E-16,
1.));
#1512=DIRECTION('ref_axis',(1.,-1.97412441531371E-28,-1.09912079437865E-13));
#1513=DIRECTION('',(0.,1.,5.2245789394125E-16));
#1514=DIRECTION('center_axis',(-1.,-5.09279319694018E-29,9.74775815620628E-14));
#1515=DIRECTION('ref_axis',(9.74775815620629E-14,-4.44089209850132E-16,
1.));
#1516=DIRECTION('center_axis',(-1.,-5.09279319694018E-29,9.74775815620628E-14));
#1517=DIRECTION('ref_axis',(9.74775815620629E-14,-4.44089209850132E-16,
1.));
#1518=DIRECTION('',(0.,1.,5.2245789394125E-16));
#1519=DIRECTION('center_axis',(1.,5.64963618886091E-29,-1.08135722598465E-13));
#1520=DIRECTION('ref_axis',(-1.08135722598465E-13,5.67979851759128E-29,
-1.));
#1521=DIRECTION('',(0.,1.,5.2245789394125E-16));
#1522=DIRECTION('center_axis',(1.01030295240863E-13,-5.2245789394125E-16,
1.));
#1523=DIRECTION('ref_axis',(1.,2.77555756156102E-16,-1.01030295240863E-13));
#1524=DIRECTION('center_axis',(-1.,-1.38004351465321E-14,6.42969470120908E-14));
#1525=DIRECTION('ref_axis',(-6.42969470120908E-14,1.22464679704442E-16,
-1.));
#1526=DIRECTION('',(6.429694701209E-14,5.57310827176947E-14,1.));
#1527=DIRECTION('center_axis',(-1.,-1.38004351465321E-14,6.42969470120908E-14));
#1528=DIRECTION('ref_axis',(5.75270223309243E-14,5.58535473974391E-14,1.));
#1529=DIRECTION('',(-6.429694701209E-14,-5.57310827176947E-14,-1.));
#1530=DIRECTION('center_axis',(-1.,-1.38004351465321E-14,6.42969470120908E-14));
#1531=DIRECTION('ref_axis',(5.75270223309243E-14,5.58535473974391E-14,1.));
#1532=DIRECTION('center_axis',(-6.70503581407429E-14,1.27117855672319E-9,
-1.));
#1533=DIRECTION('ref_axis',(-1.29638251808634E-14,1.,1.27117855672319E-9));
#1534=DIRECTION('',(-5.34156051945729E-14,-1.,-1.27117855672319E-9));
#1535=DIRECTION('center_axis',(-1.,5.34156052725197E-14,0.));
#1536=DIRECTION('ref_axis',(-5.34156052725197E-14,-1.,5.55111512348298E-17));
#1537=DIRECTION('center_axis',(1.,-5.6390587934066E-14,-5.79757729606773E-14));
#1538=DIRECTION('ref_axis',(5.75270223309243E-14,5.58535473974391E-14,1.));
#1539=DIRECTION('center_axis',(-1.,4.27263045539906E-14,4.81174721482132E-15));
#1540=DIRECTION('ref_axis',(5.75270223309243E-14,5.58535473980506E-14,1.));
#1541=DIRECTION('center_axis',(5.63628323584469E-14,1.,-5.57310827176984E-14));
#1542=DIRECTION('ref_axis',(5.75270223309243E-14,5.57310827176951E-14,1.));
#1543=DIRECTION('',(4.81174721482371E-15,5.57310827176979E-14,1.));
#1544=DIRECTION('center_axis',(-1.,4.27263045539906E-14,4.81174721482132E-15));
#1545=DIRECTION('ref_axis',(-4.81174726913854E-15,-1.27128217707361E-9,
-1.));
#1546=DIRECTION('',(6.57046332624093E-14,-1.27117909501314E-9,1.));
#1547=DIRECTION('center_axis',(5.63905879340628E-14,1.,-5.57310827176984E-14));
#1548=DIRECTION('ref_axis',(6.86339139970819E-14,5.57310827176945E-14,1.));
#1549=DIRECTION('center_axis',(-6.57046332624093E-14,1.27117909501314E-9,
-1.));
#1550=DIRECTION('ref_axis',(-6.86681352375676E-14,1.,1.27117909501314E-9));
#1551=DIRECTION('center_axis',(5.69115811462647E-26,-5.55111512348361E-17,
-1.));
#1552=DIRECTION('ref_axis',(-5.34156052725197E-14,-1.,5.55111512348361E-17));
#1553=DIRECTION('center_axis',(5.69115811462647E-26,-5.55111512348361E-17,
-1.));
#1554=DIRECTION('ref_axis',(-5.34156052725197E-14,-1.,5.55111512348361E-17));
#1555=DIRECTION('center_axis',(5.69115811462647E-26,-5.55111512348361E-17,
-1.));
#1556=DIRECTION('ref_axis',(-5.34156052725197E-14,-1.,5.55111512348361E-17));
#1557=DIRECTION('',(5.69115811462647E-26,-5.55111512348361E-17,-1.));
#1558=DIRECTION('center_axis',(1.,-5.6390587934066E-14,-5.79757729606773E-14));
#1559=DIRECTION('ref_axis',(-5.84243439967718E-14,3.18481104863593E-6,-0.999999999994929));
#1560=CARTESIAN_POINT('',(0.,0.,0.));
#1561=CARTESIAN_POINT('Origin',(-0.501186082236624,85.9191680185808,-103.225487403734));
#1562=CARTESIAN_POINT('',(-0.601186082229256,83.2210205059341,-103.105487403734));
#1563=CARTESIAN_POINT('',(-0.601186082229056,83.2210205059342,-61.7058874037341));
#1564=CARTESIAN_POINT('',(-0.601186082229256,83.2210205059341,-103.225487403734));
#1565=CARTESIAN_POINT('',(-0.601186082229025,88.6173155312275,-103.105487403734));
#1566=CARTESIAN_POINT('Origin',(-0.501186082236615,85.9191680185808,-103.105487403734));
#1567=CARTESIAN_POINT('',(-0.601186082228826,88.6173155312274,-61.7058874037341));
#1568=CARTESIAN_POINT('',(-0.601186082229026,88.6173155312275,-103.225487403734));
#1569=CARTESIAN_POINT('Origin',(-0.501186082233675,85.9191680185808,-61.7058874037333));
#1570=CARTESIAN_POINT('Origin',(-0.501186082236615,85.9191680185808,-103.105487403734));
#1571=CARTESIAN_POINT('',(-0.601186082229118,83.3210918072276,-103.105487403734));
#1572=CARTESIAN_POINT('',(-0.601186082229032,88.4566679305408,-103.105487403734));
#1573=CARTESIAN_POINT('',(-0.601186082228896,88.5172442299345,-103.105487403734));
#1574=CARTESIAN_POINT('Origin',(-0.501186082233751,85.919168018581,-103.105487403734));
#1575=CARTESIAN_POINT('',(-0.601186082229032,88.4566679305408,-103.105487403734));
#1576=CARTESIAN_POINT('Origin',(-0.601186082228757,90.9941678425007,-68.6058868553311));
#1577=CARTESIAN_POINT('',(-0.60118608222913,81.3191684394036,-61.7058874158112));
#1578=CARTESIAN_POINT('',(-0.60118608222874,90.631668090818,-61.7058874039734));
#1579=CARTESIAN_POINT('',(-0.601186082228463,81.3191684744805,-103.105852361218));
#1580=CARTESIAN_POINT('',(-0.601186082229193,81.319168453895,-73.10588688247));
#1581=CARTESIAN_POINT('',(-0.601186082228378,83.3210918247623,-103.105852358673));
#1582=CARTESIAN_POINT('',(-0.601186082228065,90.6316681258949,-103.105852349379));
#1583=CARTESIAN_POINT('',(-0.601186082229118,83.3210918072276,-75.5058869091976));
#1584=CARTESIAN_POINT('Origin',(-12.8891860822561,93.3701689373194,-61.7058874037324));
#1585=CARTESIAN_POINT('',(-0.601186082228633,93.1225052886029,-61.705887400807));
#1586=CARTESIAN_POINT('',(-0.60118608222874,90.631668090818,-61.7058874039734));
#1587=CARTESIAN_POINT('',(-0.601186082228473,96.1158311980221,-61.705887397002));
#1588=CARTESIAN_POINT('Origin',(-0.501186082230084,94.6191682433127,-61.7058874037333));
#1589=CARTESIAN_POINT('',(-0.601186082228349,99.2191682422318,-61.7058873930571));
#1590=CARTESIAN_POINT('',(-0.60118608222874,90.631668090818,-61.7058874039734));
#1591=CARTESIAN_POINT('',(-11.0011860822563,99.2191679072166,-61.7058877958975));
#1592=CARTESIAN_POINT('',(-14.8951860821353,99.2191681925428,-61.7058874037323));
#1593=CARTESIAN_POINT('',(-11.0011860822573,81.319168277271,-61.7058878414065));
#1594=CARTESIAN_POINT('',(-11.0011860822565,96.2947134918018,-61.7058874037326));
#1595=CARTESIAN_POINT('',(-14.8951860822484,81.3191684394036,-61.7058874037323));
#1596=CARTESIAN_POINT('',(-6.63818608225059,91.5192585436171,-61.7058874037323));
#1597=CARTESIAN_POINT('Origin',(-6.63818608225066,90.2692585436171,-61.7058874037324));
#1598=CARTESIAN_POINT('Origin',(-15.3506860822486,82.3191684352087,-58.4058868520222));
#1599=CARTESIAN_POINT('',(-11.001186082257,81.3191684364799,-59.4058868532937));
#1600=CARTESIAN_POINT('',(-11.0011860822566,83.3191684339375,-57.4058868507513));
#1601=CARTESIAN_POINT('',(-11.001186082257,74.2941993178388,-66.4308559897946));
#1602=CARTESIAN_POINT('',(-16.9011860822555,83.3191684339375,-57.4058868507509));
#1603=CARTESIAN_POINT('',(-15.3506860822485,83.3191684339375,-57.405886850751));
#1604=CARTESIAN_POINT('',(-16.9011860822557,81.3191684364799,-59.4058868532933));
#1605=CARTESIAN_POINT('',(-16.9011860822554,73.0556338373913,-67.6694214733906));
#1606=CARTESIAN_POINT('',(-15.3506860822486,81.3191684364799,-59.4058868532934));
#1607=CARTESIAN_POINT('Origin',(-16.9011860822419,81.3191684596153,-77.6058868973102));
#1608=CARTESIAN_POINT('',(-16.9011860822618,81.319168494954,-105.405852923734));
#1609=CARTESIAN_POINT('',(-16.9011860822587,81.3191684654279,-82.1785005876107));
#1610=CARTESIAN_POINT('',(-11.0011860822566,81.3191684569458,-105.405852923734));
#1611=CARTESIAN_POINT('',(-15.35068608225,81.319168494954,-105.405852923734));
#1612=CARTESIAN_POINT('',(-11.0011860822566,81.3191683123479,-103.105851935621));
#1613=CARTESIAN_POINT('',(-11.0011860822566,81.3191684569458,-78.8156699224093));
#1614=CARTESIAN_POINT('',(-12.1011860822477,81.3191684920303,-103.105851935621));
#1615=CARTESIAN_POINT('',(-11.0011860822581,81.3191684467764,-67.5058868579812));
#1616=CARTESIAN_POINT('',(-10.9011860822516,81.3191684569458,-63.5194946235339));
#1617=CARTESIAN_POINT('',(-14.9011860822515,81.3191684569458,-63.5194946235335));
#1618=CARTESIAN_POINT('',(-15.9011860822459,81.319168441709,-63.5194946235334));
#1619=CARTESIAN_POINT('',(-10.9011860822518,81.3191684569458,-66.0194946235339));
#1620=CARTESIAN_POINT('',(-10.9011860822538,81.3191684554271,-74.3111277828764));
#1621=CARTESIAN_POINT('',(-14.9011860822517,81.3191684569458,-66.0194946235335));
#1622=CARTESIAN_POINT('',(-13.9011860822462,81.3191684448869,-66.0194946235336));
#1623=CARTESIAN_POINT('',(-14.9011860822539,81.319168457016,-75.561127782876));
#1624=CARTESIAN_POINT('',(-10.9011860822535,81.3191684569458,-71.016368668442));
#1625=CARTESIAN_POINT('',(-14.9011860822534,81.3191684569458,-71.0163686684416));
#1626=CARTESIAN_POINT('',(-15.9011860822473,81.3191684512389,-71.0163686684415));
#1627=CARTESIAN_POINT('',(-10.9011860822537,81.3191684569458,-73.5163686684419));
#1628=CARTESIAN_POINT('',(-10.9011860822538,81.3191684554271,-74.3111277828764));
#1629=CARTESIAN_POINT('',(-14.9011860822537,81.3191684569458,-73.5163686684415));
#1630=CARTESIAN_POINT('',(-13.9011860822476,81.3191684544168,-73.5163686684416));
#1631=CARTESIAN_POINT('',(-14.9011860822539,81.319168457016,-75.561127782876));
#1632=CARTESIAN_POINT('',(-10.9126005829401,81.319168446474,-68.5178868268542));
#1633=CARTESIAN_POINT('Origin',(-9.66260058294008,81.3191684480628,-68.5178868268542));
#1634=CARTESIAN_POINT('',(-10.9126005829422,81.3191684816403,-96.2938519874726));
#1635=CARTESIAN_POINT('Origin',(-9.66260058294221,81.319168483371,-96.2938519874727));
#1636=CARTESIAN_POINT('Origin',(-16.9011860822554,90.2001686997791,-103.341025487826));
#1637=CARTESIAN_POINT('',(-16.9011860822555,99.2191678962844,-57.4058868240711));
#1638=CARTESIAN_POINT('',(-16.9011860822555,91.7851687856704,-57.4058868399891));
#1639=CARTESIAN_POINT('',(-16.9011860822554,99.2191679422936,-107.405852907447));
#1640=CARTESIAN_POINT('',(-16.9011860822554,99.2191682627244,-91.6332391886696));
#1641=CARTESIAN_POINT('',(-16.9011860822554,83.3191684974964,-107.405852921191));
#1642=CARTESIAN_POINT('',(-16.9011860822554,91.7851688316796,-107.405852910429));
#1643=CARTESIAN_POINT('',(-16.9011860822554,83.5232116934638,-107.60989611664));
#1644=CARTESIAN_POINT('Origin',(-15.35068608225,82.3191684962252,-106.405852922462));
#1645=CARTESIAN_POINT('',(-11.0011860822565,83.3191684974964,-107.405852921191));
#1646=CARTESIAN_POINT('',(-11.0011860822563,86.7941909092735,-110.880875324134));
#1647=CARTESIAN_POINT('',(-15.3506860822501,83.3191684974964,-107.405852921191));
#1648=CARTESIAN_POINT('Origin',(-3.30118608225455,98.1225057690568,-76.3058698671547));
#1649=CARTESIAN_POINT('',(-3.30118608224803,93.1225057690568,-76.3058698735106));
#1650=CARTESIAN_POINT('',(-3.30118608224832,98.1225057754116,-81.3058698671547));
#1651=CARTESIAN_POINT('Origin',(-3.30118608224923,98.1225057690568,-76.3058698671547));
#1652=CARTESIAN_POINT('',(-0.60118608222875,93.1225053071622,-76.3058698735106));
#1653=CARTESIAN_POINT('',(-3.30118608225448,93.1225057690568,-76.3058698735106));
#1654=CARTESIAN_POINT('',(-0.601186082261065,98.1225057754116,-81.3058698671547));
#1655=CARTESIAN_POINT('Origin',(-0.601186082228857,98.1225057690568,-76.3058698671547));
#1656=CARTESIAN_POINT('',(-3.30118608225455,98.1225057754116,-81.3058698671547));
#1657=CARTESIAN_POINT('Origin',(-3.30118608224909,87.7251687016852,-94.1983611616131));
#1658=CARTESIAN_POINT('',(-3.30118608226107,99.2191682335276,-81.3058698657609));
#1659=CARTESIAN_POINT('',(-3.30118608224832,93.4721684594135,-81.3058698730651));
#1660=CARTESIAN_POINT('',(-3.30118608224733,99.2191682100857,-75.5058868745573));
#1661=CARTESIAN_POINT('',(-3.3011860822508,99.219168269872,-122.536252878971));
#1662=CARTESIAN_POINT('',(-3.30118608224798,98.1191682469937,-75.5058868759557));
#1663=CARTESIAN_POINT('',(-3.30118608224798,88.9971685181426,-75.5058868875513));
#1664=CARTESIAN_POINT('',(-3.30118608224786,96.1191682444514,-73.505886878498));
#1665=CARTESIAN_POINT('Origin',(-3.30118608224708,98.1191682444514,-73.5058868759556));
#1666=CARTESIAN_POINT('',(-3.30118608224772,96.119168242065,-71.7516127355616));
#1667=CARTESIAN_POINT('',(-3.30118608224842,96.1191682563321,-82.8521240147204));
#1668=CARTESIAN_POINT('',(-3.30118608224772,93.1225057632699,-71.753504204734));
#1669=CARTESIAN_POINT('Origin',(-3.30118608224787,94.6191674592021,-69.1074498273505));
#1670=CARTESIAN_POINT('',(-3.30118608224853,93.1225057799206,-84.8521240185297));
#1671=CARTESIAN_POINT('Origin',(-3.30118608226107,99.2191682335276,-81.3058698657609));
#1672=CARTESIAN_POINT('',(-0.601186082261065,99.2191682335276,-81.3058698657609));
#1673=CARTESIAN_POINT('',(-0.601186082261065,99.2191682335276,-81.3058698657609));
#1674=CARTESIAN_POINT('',(-3.30118608226107,99.2191682335276,-81.3058698657609));
#1675=CARTESIAN_POINT('Origin',(-3.30118608225459,98.1225057845651,-88.5058698671547));
#1676=CARTESIAN_POINT('',(-3.30118608224845,98.1225057782103,-83.5058698671547));
#1677=CARTESIAN_POINT('',(-3.30118608224875,93.1225057845651,-88.5058698735106));
#1678=CARTESIAN_POINT('Origin',(-3.30118608224923,98.1225057845651,-88.5058698671547));
#1679=CARTESIAN_POINT('',(-0.601186082261065,98.1225057782104,-83.5058698671547));
#1680=CARTESIAN_POINT('',(-3.30118608225459,98.1225057782103,-83.5058698671547));
#1681=CARTESIAN_POINT('',(-0.601186082229552,93.1225053226706,-88.5058698735106));
#1682=CARTESIAN_POINT('Origin',(-0.601186082228857,98.1225057845652,-88.5058698671547));
#1683=CARTESIAN_POINT('',(-3.30118608225452,93.1225057845651,-88.5058698735106));
#1684=CARTESIAN_POINT('Origin',(-3.30118608224798,93.1225057680398,-75.5058868823073));
#1685=CARTESIAN_POINT('',(-0.601186082226372,93.1225053093912,-91.8657482186947));
#1686=CARTESIAN_POINT('',(-0.601186082228704,93.1225053062724,-75.6058868823075));
#1687=CARTESIAN_POINT('',(-3.30118608225,93.1225057728099,-93.0582355422829));
#1688=CARTESIAN_POINT('Ctrl Pts',(-3.301186082251,93.1225058224879,-93.0582355141845));
#1689=CARTESIAN_POINT('Ctrl Pts',(-2.19944496451565,93.1225058218443,-92.551928009042));
#1690=CARTESIAN_POINT('Ctrl Pts',(-0.601186154535364,93.1225058209721,-91.8657480502717));
#1691=CARTESIAN_POINT('',(-3.30118608224853,93.1225057799206,-84.8521240185297));
#1692=CARTESIAN_POINT('Origin',(-3.30118608226107,99.2191682388856,-83.5058698657609));
#1693=CARTESIAN_POINT('',(-3.30118608226107,99.2191682363237,-83.5058698657609));
#1694=CARTESIAN_POINT('',(-3.3011860822508,99.219168269872,-122.536252878971));
#1695=CARTESIAN_POINT('',(-0.601186082261065,99.2191682363237,-83.5058698657609));
#1696=CARTESIAN_POINT('',(-0.601186082261065,99.2191682597657,-89.3058528569633));
#1697=CARTESIAN_POINT('',(-3.30118608226107,99.2191682363237,-83.5058698657609));
#1698=CARTESIAN_POINT('Origin',(-3.30118608226107,93.1225057694379,-83.5058698735095));
#1699=CARTESIAN_POINT('',(-3.30118608224845,90.4238372287667,-83.5058698769394));
#1700=CARTESIAN_POINT('',(-0.601186082261065,99.2191682363237,-83.5058698657609));
#1701=CARTESIAN_POINT('Origin',(-3.30118608224798,93.1225057680398,-75.5058868823073));
#1702=CARTESIAN_POINT('',(-0.601186082228509,93.1225053028912,-72.9459915283254));
#1703=CARTESIAN_POINT('Ctrl Pts',(-0.601186147514641,93.1225057647858,-72.9459916803906));
#1704=CARTESIAN_POINT('Ctrl Pts',(-2.19944491110574,93.1225057639135,-72.2598117381443));
#1705=CARTESIAN_POINT('Ctrl Pts',(-3.301186082248,93.1225057632699,-71.7535042047339));
#1706=CARTESIAN_POINT('',(-0.601186082228704,93.1225053062724,-75.6058868823075));
#1707=CARTESIAN_POINT('Origin',(-13.8001860822564,93.3701689360488,-107.405852908414));
#1708=CARTESIAN_POINT('',(-11.0011860822557,99.2191679422935,-107.405852935621));
#1709=CARTESIAN_POINT('',(-15.3506860821379,99.219168282775,-107.405852900979));
#1710=CARTESIAN_POINT('',(-11.0011860822558,96.2947135141711,-107.405852904697));
#1711=CARTESIAN_POINT('Origin',(-10.9011860822537,81.3191684569458,-73.5163686684419));
#1712=CARTESIAN_POINT('',(-14.9011860822537,99.2191682075566,-73.5163686684415));
#1713=CARTESIAN_POINT('',(-10.9011860822537,99.2191682075566,-73.5163686684419));
#1714=CARTESIAN_POINT('',(-13.9011860821337,99.2191682075566,-73.5163686684416));
#1715=CARTESIAN_POINT('',(-14.9011860822537,81.3191684569458,-73.5163686684415));
#1716=CARTESIAN_POINT('',(-10.9011860822537,81.3191684569458,-73.5163686684419));
#1717=CARTESIAN_POINT('Origin',(-7.30118608225357,90.2692132023207,-103.105851935621));
#1718=CARTESIAN_POINT('',(-11.0011860822557,99.2191679422935,-103.105851935621));
#1719=CARTESIAN_POINT('',(-11.0011860822551,109.857300005372,-103.105851935621));
#1720=CARTESIAN_POINT('',(-0.601186082227698,99.2191682773087,-103.105852338463));
#1721=CARTESIAN_POINT('',(-12.1011860821364,99.2191682773087,-103.105851935621));
#1722=CARTESIAN_POINT('',(-0.601186082227831,96.115831233099,-103.105852342408));
#1723=CARTESIAN_POINT('',(-0.601186082228065,90.6316681258949,-103.105852349379));
#1724=CARTESIAN_POINT('',(-0.601186082227959,93.1225053236798,-103.105852346213));
#1725=CARTESIAN_POINT('Origin',(-0.501186082228643,94.6191682783894,-103.10585234431));
#1726=CARTESIAN_POINT('',(-0.601186082228156,88.5172442474692,-103.105852352067));
#1727=CARTESIAN_POINT('',(-0.601186082228065,90.6316681258949,-103.105852349379));
#1728=CARTESIAN_POINT('Origin',(-0.501186082233751,85.919168018581,-103.105851935621));
#1729=CARTESIAN_POINT('',(-6.63818608225533,89.019258633722,-103.105851935621));
#1730=CARTESIAN_POINT('Origin',(-6.63818608225526,90.269258633722,-103.105851935621));
#1731=CARTESIAN_POINT('Origin',(-9.66260058293953,91.6192584272468,-68.5178868268537));
#1732=CARTESIAN_POINT('',(-10.9126005829391,99.2191681988989,-68.5178868268533));
#1733=CARTESIAN_POINT('Origin',(-9.66260058293912,99.2191681988989,-68.5178868268534));
#1734=CARTESIAN_POINT('',(-10.9126005829395,91.6192584272469,-68.5178868268537));
#1735=CARTESIAN_POINT('Origin',(-16.9011860820193,99.2191682799783,-130.486252900979));
#1736=CARTESIAN_POINT('',(-11.0011860822557,99.2191682813766,-106.3058529183));
#1737=CARTESIAN_POINT('',(-11.0011860822558,99.2191678962843,-57.4058867958975));
#1738=CARTESIAN_POINT('',(-15.350686082138,99.2191682367658,-57.4058868305393));
#1739=CARTESIAN_POINT('',(-11.0011860822559,99.2191682381641,-58.5058868132187));
#1740=CARTESIAN_POINT('',(-0.601186082228455,99.2191682597741,-75.5058868745575));
#1741=CARTESIAN_POINT('',(-0.601186082228384,99.2191682452827,-64.1058868377075));
#1742=CARTESIAN_POINT('',(-11.3511860821259,99.2191682100855,-75.5058868745568));
#1743=CARTESIAN_POINT('',(-3.30118608224984,99.2191682597658,-89.3058528569622));
#1744=CARTESIAN_POINT('',(-3.3011860822508,99.219168269872,-122.536252878971));
#1745=CARTESIAN_POINT('',(-0.601186082225949,99.2191682597658,-89.3058528569624));
#1746=CARTESIAN_POINT('',(-11.3511860821261,99.2191682597658,-89.3058528569617));
#1747=CARTESIAN_POINT('',(-0.601186082226188,99.2191682645964,-93.1058528569624));
#1748=CARTESIAN_POINT('',(-10.9126005829413,99.2191682388154,-96.2938519874717));
#1749=CARTESIAN_POINT('Origin',(-9.66260058294126,99.2191682388154,-96.2938519874719));
#1750=CARTESIAN_POINT('',(-10.9011860822516,99.2191681948483,-63.5194946235339));
#1751=CARTESIAN_POINT('',(-14.9011860822515,99.2191681948483,-63.5194946235335));
#1752=CARTESIAN_POINT('',(-15.9011860821317,99.2191681948483,-63.5194946235334));
#1753=CARTESIAN_POINT('',(-14.9011860822517,99.2191681980264,-66.0194946235334));
#1754=CARTESIAN_POINT('',(-14.9011860822552,99.2191682390023,-98.2528737508786));
#1755=CARTESIAN_POINT('',(-10.9011860822518,99.2191681980264,-66.0194946235339));
#1756=CARTESIAN_POINT('',(-13.901186082132,99.2191681980264,-66.0194946235335));
#1757=CARTESIAN_POINT('',(-10.9011860822547,99.2191682374133,-97.002873750879));
#1758=CARTESIAN_POINT('',(-10.9011860822535,99.2191682043785,-71.016368668442));
#1759=CARTESIAN_POINT('',(-10.9011860822567,99.2191682421784,-100.751310773333));
#1760=CARTESIAN_POINT('',(-14.9011860822534,99.2191682043785,-71.0163686684416));
#1761=CARTESIAN_POINT('',(-15.9011860821334,99.2191682043785,-71.0163686684415));
#1762=CARTESIAN_POINT('',(-14.9011860822564,99.2191682437674,-102.001310773333));
#1763=CARTESIAN_POINT('Origin',(-9.66260058294166,91.6192584272483,-96.2938519874722));
#1764=CARTESIAN_POINT('',(-10.9126005829417,91.6192584272484,-96.2938519874721));
#1765=CARTESIAN_POINT('Origin',(-4.55118608224193,98.1191682492737,-91.3058528583605));
#1766=CARTESIAN_POINT('',(-0.601186082226207,96.1191682492735,-91.3058528609031));
#1767=CARTESIAN_POINT('',(-0.601186082226238,98.119168246731,-89.3058528583607));
#1768=CARTESIAN_POINT('Origin',(-0.601186082226465,98.1191682492734,-91.3058528583607));
#1769=CARTESIAN_POINT('',(-3.3011860822488,98.1191682467312,-89.3058528583605));
#1770=CARTESIAN_POINT('',(-4.5511860822418,98.1191682467312,-89.3058528583605));
#1771=CARTESIAN_POINT('',(-3.30118608224892,96.1191682492736,-91.305852860903));
#1772=CARTESIAN_POINT('Origin',(-3.30118608224832,98.1191682492736,-91.3058528583605));
#1773=CARTESIAN_POINT('',(-4.55118608224204,96.1191682492737,-91.3058528609029));
#1774=CARTESIAN_POINT('Origin',(-0.601186082227175,90.9941678600349,-96.2058528971001));
#1775=CARTESIAN_POINT('',(-0.60118608222632,96.1191682515617,-93.1058528609032));
#1776=CARTESIAN_POINT('',(-0.60118608222632,96.1191682515617,-93.1058528609032));
#1777=CARTESIAN_POINT('',(-0.601186082225653,96.1191682679241,-99.5415281965642));
#1778=CARTESIAN_POINT('',(-0.60118608222663,96.1191682529016,-93.6328843688424));
#1779=CARTESIAN_POINT('',(-0.601186082227603,96.1158312285696,-99.5428309942408));
#1780=CARTESIAN_POINT('Origin',(-0.601186082226934,94.619167475461,-95.7042899158643));
#1781=CARTESIAN_POINT('',(-0.601186082227844,96.1158312332261,-103.205852342408));
#1782=CARTESIAN_POINT('',(-0.601186082226558,90.6316681048082,-89.305852867879));
#1783=CARTESIAN_POINT('Origin',(-3.30118608225053,96.1191682515618,-93.105852860903));
#1784=CARTESIAN_POINT('',(-3.30118608225053,96.119168251602,-93.0601269967189));
#1785=CARTESIAN_POINT('',(-3.30118608224906,96.1191682522562,-93.6521070059227));
#1786=CARTESIAN_POINT('',(-3.30118608225053,96.1191682515618,-93.105852860903));
#1787=CARTESIAN_POINT('',(-3.30118608225035,96.1191682441303,-90.182884355354));
#1788=CARTESIAN_POINT('',(-4.10118608226897,96.1191682515619,-93.1058528609029));
#1789=CARTESIAN_POINT('Origin',(-3.20118608223205,98.1191682444514,-73.5058868759556));
#1790=CARTESIAN_POINT('',(-0.601186082228741,98.1191682469936,-75.5058868759558));
#1791=CARTESIAN_POINT('',(-0.601186082228439,96.1191682444512,-73.5058868784982));
#1792=CARTESIAN_POINT('Origin',(-0.601186082228692,98.1191682444512,-73.5058868759558));
#1793=CARTESIAN_POINT('',(-3.20118608223216,96.1191682444514,-73.505886878498));
#1794=CARTESIAN_POINT('',(-3.20118608223219,98.1191682469937,-75.5058868759556));
#1795=CARTESIAN_POINT('Origin',(-5.80118608223636,90.2691683583614,-75.5058868859342));
#1796=CARTESIAN_POINT('',(-0.601186082229061,90.6316681048165,-75.5058868854738));
#1797=CARTESIAN_POINT('Origin',(-5.80118608223386,90.2691683583531,-89.3058528683395));
#1798=CARTESIAN_POINT('',(-3.3011860822488,88.9971685269094,-89.3058528699566));
#1799=CARTESIAN_POINT('Origin',(-0.601186082228302,96.1191682419089,-71.5058868784982));
#1800=CARTESIAN_POINT('',(-0.601186082228302,96.1191682419089,-71.5058868784982));
#1801=CARTESIAN_POINT('',(-0.601186082228302,96.1191682419089,-71.5058868784982));
#1802=CARTESIAN_POINT('',(-3.30118608224771,96.119168241909,-71.505886878498));
#1803=CARTESIAN_POINT('',(-4.10118608227094,96.1191682419091,-71.5058868784979));
#1804=CARTESIAN_POINT('',(-3.30118608224792,96.1191682419089,-74.6288553801719));
#1805=CARTESIAN_POINT('Origin',(-3.30118608224909,87.7251687016852,-94.1983611616131));
#1806=CARTESIAN_POINT('Origin',(-3.30118608225068,94.6191674754612,-95.7042899158641));
#1807=CARTESIAN_POINT('Origin',(-4.90118608230392,94.6191674754613,-95.704289915864));
#1808=CARTESIAN_POINT('',(-0.601186082225088,93.1191682484121,-91.8670510232344));
#1809=CARTESIAN_POINT('Origin',(-0.601186082226934,94.619167475461,-95.7042899158643));
#1810=CARTESIAN_POINT('',(-7.10118608225019,93.1191682575434,-95.4585210278599));
#1811=CARTESIAN_POINT('Ctrl Pts',(-7.10118608225019,93.1191682577034,-95.4585210303281));
#1812=CARTESIAN_POINT('Ctrl Pts',(-6.89279152063576,93.1191682563926,-94.9429802298761));
#1813=CARTESIAN_POINT('Ctrl Pts',(-4.24272222727331,93.1191682525483,-93.4310015151741));
#1814=CARTESIAN_POINT('Ctrl Pts',(-0.601186071823554,93.1191682485718,-91.8670510474534));
#1815=CARTESIAN_POINT('',(-7.10118608225,96.1191682575436,-95.4585305746003));
#1816=CARTESIAN_POINT('Origin',(-7.10118608224999,94.6191674754614,-95.7042899158638));
#1817=CARTESIAN_POINT('Ctrl Pts',(-7.10118608225023,96.1191682577001,-95.4585305788775));
#1818=CARTESIAN_POINT('Ctrl Pts',(-6.8927981900329,96.1191682563893,-94.9429862316137));
#1819=CARTESIAN_POINT('Ctrl Pts',(-4.80405918384098,96.1191682533593,-93.7512696096815));
#1820=CARTESIAN_POINT('Ctrl Pts',(-3.30118608225053,96.119168251602,-93.0601269967189));
#1821=CARTESIAN_POINT('Origin',(-2.40118608230404,96.1191682463601,-91.0599158536145));
#1822=CARTESIAN_POINT('',(-7.10118608225026,96.1191682589497,-95.9500492451234));
#1823=CARTESIAN_POINT('',(-7.10118608224924,96.1191682182125,-79.9889384969429));
#1824=CARTESIAN_POINT('Ctrl Pts',(-0.601186071817989,96.1191682680806,-99.5415281723308));
#1825=CARTESIAN_POINT('Ctrl Pts',(-2.66757332554398,96.1191682658244,-98.6540653847843));
#1826=CARTESIAN_POINT('Ctrl Pts',(-5.92974473131316,96.1191682618884,-97.1059140074385));
#1827=CARTESIAN_POINT('Ctrl Pts',(-6.99188323302319,96.1191682596372,-96.2204606661483));
#1828=CARTESIAN_POINT('Ctrl Pts',(-7.10118608225026,96.1191682589497,-95.9500492451234));
#1829=CARTESIAN_POINT('Origin',(-6.63818608225526,90.269258633722,-98.105851935622));
#1830=CARTESIAN_POINT('',(-6.63818608225533,89.019258633722,-93.105851935622));
#1831=CARTESIAN_POINT('',(-6.63818608225533,89.019258633722,-98.105851935622));
#1832=CARTESIAN_POINT('Origin',(-6.63818608225528,90.269258633722,-93.105851935622));
#1833=CARTESIAN_POINT('Origin',(-6.63818608225528,90.269258633722,-93.105851935622));
#1834=CARTESIAN_POINT('Origin',(-11.0011860822557,99.2192580922935,-107.405852935621));
#1835=CARTESIAN_POINT('Origin',(-7.10118608224841,87.7251687016851,-68.9179611616129));
#1836=CARTESIAN_POINT('',(-7.10118608225022,93.1191682589531,-95.9500588090892));
#1837=CARTESIAN_POINT('',(-7.10118608224908,93.119168213601,-78.1751371387482));
#1838=CARTESIAN_POINT('Origin',(-7.10118608224999,94.6191674754614,-95.7042899158638));
#1839=CARTESIAN_POINT('Origin',(-0.501186082228479,94.6191682607195,-89.20585286281));
#1840=CARTESIAN_POINT('',(-0.601186082227727,93.1225053191504,-99.5428316168388));
#1841=CARTESIAN_POINT('Ctrl Pts',(-0.601186082227738,93.1225053191504,-99.5428316168388));
#1842=CARTESIAN_POINT('Ctrl Pts',(-0.640239558453441,93.1251146892696,-99.5270822026026));
#1843=CARTESIAN_POINT('Ctrl Pts',(-0.679081833113074,93.1292478279957,-99.5120144186494));
#1844=CARTESIAN_POINT('Ctrl Pts',(-0.879467834688574,93.1584550277607,-99.4373708159611));
#1845=CARTESIAN_POINT('Ctrl Pts',(-1.05355135989886,93.2127424348611,-99.3843501027315));
#1846=CARTESIAN_POINT('Ctrl Pts',(-1.3739389112393,93.3857004815481,-99.3107060919505));
#1847=CARTESIAN_POINT('Ctrl Pts',(-1.52000543836306,93.5045825572425,-99.2895474457514));
#1848=CARTESIAN_POINT('Ctrl Pts',(-1.74582103893613,93.7647980962044,-99.2674440682951));
#1849=CARTESIAN_POINT('Ctrl Pts',(-1.84249014423896,93.9233373096048,-99.2643413049435));
#1850=CARTESIAN_POINT('Ctrl Pts',(-1.97017149915312,94.2651073169749,-99.2631204508511));
#1851=CARTESIAN_POINT('Ctrl Pts',(-2.00118606919377,94.4483343279761,-99.264289953912));
#1852=CARTESIAN_POINT('Ctrl Pts',(-2.00118609526297,94.7900019941693,-99.2642898778769));
#1853=CARTESIAN_POINT('Ctrl Pts',(-1.97017155184345,94.9732290135107,-99.2631202931243));
#1854=CARTESIAN_POINT('Ctrl Pts',(-1.8424902435869,95.3149990469629,-99.2643409904349));
#1855=CARTESIAN_POINT('Ctrl Pts',(-1.74582115835373,95.4735382784462,-99.2674436784491));
#1856=CARTESIAN_POINT('Ctrl Pts',(-1.52000559134058,95.7337538490395,-99.2895469295632));
#1857=CARTESIAN_POINT('Ctrl Pts',(-1.37393908442231,95.8526359424364,-99.3107055150927));
#1858=CARTESIAN_POINT('Ctrl Pts',(-1.05355156512301,96.0255940313221,-99.3843494359275));
#1859=CARTESIAN_POINT('Ctrl Pts',(-0.879468051694982,96.0798814628251,-99.4373701202966));
#1860=CARTESIAN_POINT('Ctrl Pts',(-0.717532349326113,96.1034843764953,-99.4976910116905));
#1861=CARTESIAN_POINT('Ctrl Pts',(-0.679081985101097,96.1090887034851,-99.5120137349105));
#1862=CARTESIAN_POINT('Ctrl Pts',(-0.640239634607681,96.1132218533221,-99.5270815478398));
#1863=CARTESIAN_POINT('Ctrl Pts',(-0.601186082227367,96.1158312285696,-99.5428309942408));
#1864=CARTESIAN_POINT('',(-0.601186082228683,93.1225057636543,-46.7754868674664));
#1865=CARTESIAN_POINT('Origin',(-0.900843637238981,93.119168237137,-87.4323131295979));
#1866=CARTESIAN_POINT('',(-0.601186082227507,93.1191682679242,-99.5415288161208));
#1867=CARTESIAN_POINT('',(-0.601186082226528,93.1191682482902,-91.8190830106477));
#1868=CARTESIAN_POINT('Ctrl Pts',(-0.601186071849465,93.1191682680839,-99.5415287919564));
#1869=CARTESIAN_POINT('Ctrl Pts',(-2.66758333626476,93.1191682658277,-98.6540618466273));
#1870=CARTESIAN_POINT('Ctrl Pts',(-5.92975486242647,93.1191682618918,-97.1059098824793));
#1871=CARTESIAN_POINT('Ctrl Pts',(-6.99188136594946,93.1191682596406,-96.2204643345423));
#1872=CARTESIAN_POINT('Ctrl Pts',(-7.10118608225022,93.1191682589531,-95.9500588090892));
#1873=CARTESIAN_POINT('Origin',(-4.90118608230392,94.6191674754613,-95.704289915864));
#1874=CARTESIAN_POINT('Origin',(-0.60118608223241,94.619167475461,-95.7042899158643));
#1875=CARTESIAN_POINT('Origin',(-0.501186082233751,85.919168018581,-75.5058869091976));
#1876=CARTESIAN_POINT('',(-0.601186082228896,88.5172442299345,-75.5058869091976));
#1877=CARTESIAN_POINT('Origin',(-0.601186082228757,90.9941678425007,-68.6058868553311));
#1878=CARTESIAN_POINT('',(-0.60118608222723,93.1191682419088,-72.9446887237942));
#1879=CARTESIAN_POINT('Origin',(-0.601186082228597,94.6191674592019,-69.1074498273507));
#1880=CARTESIAN_POINT('',(-0.601186082228651,93.1191682419093,-65.2702109309078));
#1881=CARTESIAN_POINT('',(-0.601186082228704,93.1191682419088,-72.9926567363809));
#1882=CARTESIAN_POINT('',(-0.601186082228864,93.1225052931321,-65.2689081301813));
#1883=CARTESIAN_POINT('Origin',(-0.601186082228597,94.6191674592019,-69.1074498273507));
#1884=CARTESIAN_POINT('',(-0.601186082228633,93.1225052884758,-61.6058874008071));
#1885=CARTESIAN_POINT('Origin',(-10.9011860822518,81.3191684569458,-66.0194946235339));
#1886=CARTESIAN_POINT('',(-14.9011860822517,81.3191684569458,-66.0194946235335));
#1887=CARTESIAN_POINT('',(-10.9011860822518,81.3191684569458,-66.0194946235339));
#1888=CARTESIAN_POINT('Origin',(-10.9011860822535,81.3191684569458,-71.016368668442));
#1889=CARTESIAN_POINT('',(-10.9011860822516,81.3191684569458,-63.5194946235339));
#1890=CARTESIAN_POINT('Origin',(-14.9011860822515,81.3191684569458,-63.5194946235335));
#1891=CARTESIAN_POINT('',(-14.9011860822515,81.3191684569458,-63.5194946235335));
#1892=CARTESIAN_POINT('Origin',(-14.9011860822537,81.3191684569458,-73.5163686684415));
#1893=CARTESIAN_POINT('Origin',(-14.9011860822537,81.3191684569458,-73.5163686684415));
#1894=CARTESIAN_POINT('',(-14.9011860822534,81.3191684569458,-71.0163686684416));
#1895=CARTESIAN_POINT('Origin',(-10.9011860822535,81.3191684569458,-71.016368668442));
#1896=CARTESIAN_POINT('',(-10.9011860822535,81.3191684569458,-71.016368668442));
#1897=CARTESIAN_POINT('Origin',(-14.9011860822534,81.3191684569458,-71.0163686684416));
#1898=CARTESIAN_POINT('Origin',(-7.10118608224843,87.7251687016851,-94.198361161613));
#1899=CARTESIAN_POINT('',(-7.10118608224694,96.1191682420653,-69.3532091594407));
#1900=CARTESIAN_POINT('',(-7.10118608224659,96.1191682419094,-68.8616904898881));
#1901=CARTESIAN_POINT('',(-7.10118608224788,96.1191682419083,-83.9750925237));
#1902=CARTESIAN_POINT('',(-7.10118608224687,93.1191682417736,-68.8616809407878));
#1903=CARTESIAN_POINT('Origin',(-7.10118608224658,94.6191674592023,-69.1074498273503));
#1904=CARTESIAN_POINT('',(-7.10118608224658,93.1191682419094,-69.3532187191825));
#1905=CARTESIAN_POINT('',(-7.10118608224796,93.1191682419082,-85.7888938895219));
#1906=CARTESIAN_POINT('Origin',(-7.10118608224658,94.6191674592023,-69.1074498273503));
#1907=CARTESIAN_POINT('Origin',(-13.8001860822565,93.3701688900396,-57.4058868379745));
#1908=CARTESIAN_POINT('',(-11.0011860822559,96.2947134681619,-57.4058868342571));
#1909=CARTESIAN_POINT('Origin',(-11.0011860822557,99.2192580922935,-107.405852935621));
#1910=CARTESIAN_POINT('Origin',(-4.90118608230558,94.6191674592022,-69.1074498273504));
#1911=CARTESIAN_POINT('',(-0.601186082226786,96.1191682419092,-65.2702115428372));
#1912=CARTESIAN_POINT('Ctrl Pts',(-7.10118608224691,96.1191682420654,-68.8616904951991));
#1913=CARTESIAN_POINT('Ctrl Pts',(-6.89279818857421,96.1191682420654,-68.3461461463328));
#1914=CARTESIAN_POINT('Ctrl Pts',(-4.24272187609667,96.1191682420653,-66.834162140331));
#1915=CARTESIAN_POINT('Ctrl Pts',(-0.601186068853122,96.1191682420652,-65.2702115739766));
#1916=CARTESIAN_POINT('',(-0.60118608222874,96.1158312025514,-65.268908745169));
#1917=CARTESIAN_POINT('Origin',(-0.601186082228597,94.6191674592019,-69.1074498273507));
#1918=CARTESIAN_POINT('Ctrl Pts',(-0.601186082228873,93.1225052931321,-65.2689081301813));
#1919=CARTESIAN_POINT('Ctrl Pts',(-0.640239558454585,93.1251146632914,-65.2846575444108));
#1920=CARTESIAN_POINT('Ctrl Pts',(-0.679081833114221,93.1292478020558,-65.2997253283535));
#1921=CARTESIAN_POINT('Ctrl Pts',(-0.87946783468972,93.1584550020106,-65.3743689309675));
#1922=CARTESIAN_POINT('Ctrl Pts',(-1.05355135990003,93.2127424092458,-65.4273896440591));
#1923=CARTESIAN_POINT('Ctrl Pts',(-1.37393891124047,93.38570045612,-65.5010336544003));
#1924=CARTESIAN_POINT('Ctrl Pts',(-1.52000543836426,93.5045825318682,-65.5221923002972));
#1925=CARTESIAN_POINT('Ctrl Pts',(-1.74582103893732,93.7647980708863,-65.5442956770918));
#1926=CARTESIAN_POINT('Ctrl Pts',(-1.84249014424013,93.9233372842946,-65.5473984400403));
#1927=CARTESIAN_POINT('Ctrl Pts',(-1.97017149915432,94.2651072916679,-65.5486192932638));
#1928=CARTESIAN_POINT('Ctrl Pts',(-2.00118606919494,94.4483343026661,-65.5474497897371));
#1929=CARTESIAN_POINT('Ctrl Pts',(-2.00118609526413,94.7900019688593,-65.5474498649035));
#1930=CARTESIAN_POINT('Ctrl Pts',(-1.97017155184465,94.9732289882037,-65.5486194491903));
#1931=CARTESIAN_POINT('Ctrl Pts',(-1.84249024358808,95.3149990216527,-65.5473987510108));
#1932=CARTESIAN_POINT('Ctrl Pts',(-1.74582115835491,95.4735382531281,-65.5442960625935));
#1933=CARTESIAN_POINT('Ctrl Pts',(-1.52000559134176,95.7337538236652,-65.522192810818));
#1934=CARTESIAN_POINT('Ctrl Pts',(-1.3739390844235,95.8526359170083,-65.5010342249862));
#1935=CARTESIAN_POINT('Ctrl Pts',(-1.05355156512417,96.0255940057068,-65.4273903037117));
#1936=CARTESIAN_POINT('Ctrl Pts',(-0.879468051696133,96.079881437075,-65.3743696192046));
#1937=CARTESIAN_POINT('Ctrl Pts',(-0.717532349327268,96.1034843505918,-65.3140487277507));
#1938=CARTESIAN_POINT('Ctrl Pts',(-0.679081985102241,96.1090886775452,-65.2997260045164));
#1939=CARTESIAN_POINT('Ctrl Pts',(-0.640239634608827,96.1132218273439,-65.2846581915766));
#1940=CARTESIAN_POINT('Ctrl Pts',(-0.601186082228504,96.1158312025514,-65.268908745169));
#1941=CARTESIAN_POINT('Ctrl Pts',(-0.6011860686042,93.1191682417734,-65.2702109626312));
#1942=CARTESIAN_POINT('Ctrl Pts',(-2.66758339321094,93.1191682417735,-66.1576779330514));
#1943=CARTESIAN_POINT('Ctrl Pts',(-5.9297549118615,93.1191682417736,-67.7058298979085));
#1944=CARTESIAN_POINT('Ctrl Pts',(-6.99188137079159,93.1191682417736,-68.5912754264984));
#1945=CARTESIAN_POINT('Ctrl Pts',(-7.10118608224687,93.1191682417736,-68.8616809407878));
#1946=CARTESIAN_POINT('Origin',(-2.40118608230629,96.1191682419089,-73.7518238857866));
#1947=CARTESIAN_POINT('',(-0.601186082228544,96.1191682419089,-71.178855370559));
#1948=CARTESIAN_POINT('Ctrl Pts',(-3.30118608224772,96.119168242065,-71.7516127355616));
#1949=CARTESIAN_POINT('Ctrl Pts',(-3.63559821528285,96.119168242065,-71.5978229878547));
#1950=CARTESIAN_POINT('Ctrl Pts',(-5.92974477927408,96.1191682420652,-70.5090738908666));
#1951=CARTESIAN_POINT('Ctrl Pts',(-6.99188323722624,96.1191682420653,-69.6236205690112));
#1952=CARTESIAN_POINT('Ctrl Pts',(-7.10118608224694,96.1191682420653,-69.3532091594407));
#1953=CARTESIAN_POINT('Origin',(-0.601186082228757,90.9941678425007,-68.6058868553311));
#1954=CARTESIAN_POINT('',(-0.601186082228509,96.115831197895,-61.605887397002));
#1955=CARTESIAN_POINT('Origin',(-0.900843637241699,93.1191682419086,-77.3794266174307));
#1956=CARTESIAN_POINT('Ctrl Pts',(-7.1011860822469,93.1191682417735,-69.3532187138722));
#1957=CARTESIAN_POINT('Ctrl Pts',(-6.89279152030769,93.1191682417735,-69.8687595166983));
#1958=CARTESIAN_POINT('Ctrl Pts',(-4.2427222023756,93.1191682417732,-71.380738234957));
#1959=CARTESIAN_POINT('Ctrl Pts',(-0.601186068588129,93.119168241773,-72.9446886920367));
#1960=CARTESIAN_POINT('Origin',(-0.501186082230998,94.6191682609821,-75.605886880405));
#1961=CARTESIAN_POINT('Origin',(-6.63818608225066,90.2692585436171,-71.705887403734));
#1962=CARTESIAN_POINT('',(-6.63818608225059,91.5192585436171,-71.705887403734));
#1963=CARTESIAN_POINT('Origin',(-6.63818608225066,90.2692585436171,-71.705887403734));
#1964=CARTESIAN_POINT('Origin',(-6.63818608225066,90.2692585436171,-66.705887403734));
#1965=CARTESIAN_POINT('',(-6.63818608225059,91.5192585436171,-66.705887403734));
#1966=CARTESIAN_POINT('Origin',(-4.90118608230558,94.6191674592022,-69.1074498273504));
#1967=UNCERTAINTY_MEASURE_WITH_UNIT(LENGTH_MEASURE(0.01),#1971,
'DISTANCE_ACCURACY_VALUE',
'Maximum model space distance between geometric entities at asserted c
onnectivities');
#1968=UNCERTAINTY_MEASURE_WITH_UNIT(LENGTH_MEASURE(0.01),#1971,
'DISTANCE_ACCURACY_VALUE',
'Maximum model space distance between geometric entities at asserted c
onnectivities');
#1969=(
GEOMETRIC_REPRESENTATION_CONTEXT(3)
GLOBAL_UNCERTAINTY_ASSIGNED_CONTEXT((#1967))
GLOBAL_UNIT_ASSIGNED_CONTEXT((#1971,#1973,#1974))
REPRESENTATION_CONTEXT('','3D')
);
#1970=(
GEOMETRIC_REPRESENTATION_CONTEXT(3)
GLOBAL_UNCERTAINTY_ASSIGNED_CONTEXT((#1968))
GLOBAL_UNIT_ASSIGNED_CONTEXT((#1971,#1973,#1974))
REPRESENTATION_CONTEXT('','3D')
);
#1971=(
LENGTH_UNIT()
NAMED_UNIT(*)
SI_UNIT(.MILLI.,.METRE.)
);
#1972=(
LENGTH_UNIT()
NAMED_UNIT(*)
SI_UNIT($,.METRE.)
);
#1973=(
NAMED_UNIT(*)
PLANE_ANGLE_UNIT()
SI_UNIT($,.RADIAN.)
);
#1974=(
NAMED_UNIT(*)
SI_UNIT($,.STERADIAN.)
SOLID_ANGLE_UNIT()
);
#1975=SHAPE_DEFINITION_REPRESENTATION(#1976,#1977);
#1976=PRODUCT_DEFINITION_SHAPE('',$,#1979);
#1977=SHAPE_REPRESENTATION('',(#1161),#1969);
#1978=PRODUCT_DEFINITION_CONTEXT('part definition',#1983,'design');
#1979=PRODUCT_DEFINITION('mount-bottom-right (1)',
'mount-bottom-right (1)',#1980,#1978);
#1980=PRODUCT_DEFINITION_FORMATION('',$,#1985);
#1981=PRODUCT_RELATED_PRODUCT_CATEGORY('mount-bottom-right (1)',
'mount-bottom-right (1)',(#1985));
#1982=APPLICATION_PROTOCOL_DEFINITION('international standard',
'automotive_design',2009,#1983);
#1983=APPLICATION_CONTEXT(
'Core Data for Automotive Mechanical Design Process');
#1984=PRODUCT_CONTEXT('part definition',#1983,'mechanical');
#1985=PRODUCT('mount-bottom-right (1)','mount-bottom-right (1)',$,(#1984));
#1986=PRESENTATION_STYLE_ASSIGNMENT((#1988));
#1987=PRESENTATION_STYLE_ASSIGNMENT((#1989));
#1988=SURFACE_STYLE_USAGE(.BOTH.,#1990);
#1989=SURFACE_STYLE_USAGE(.BOTH.,#1991);
#1990=SURFACE_SIDE_STYLE('',(#1992));
#1991=SURFACE_SIDE_STYLE('',(#1993));
#1992=SURFACE_STYLE_FILL_AREA(#1994);
#1993=SURFACE_STYLE_FILL_AREA(#1995);
#1994=FILL_AREA_STYLE('Steel - Satin',(#1996));
#1995=FILL_AREA_STYLE('ABS (White)',(#1997));
#1996=FILL_AREA_STYLE_COLOUR('Steel - Satin',#1998);
#1997=FILL_AREA_STYLE_COLOUR('ABS (White)',#1999);
#1998=COLOUR_RGB('Steel - Satin',0.627450980392157,0.627450980392157,0.627450980392157);
#1999=COLOUR_RGB('ABS (White)',0.964705882352941,0.964705882352941,0.952941176470588);
ENDSEC;
END-ISO-10303-21;
