ISO-10303-21;
HEADER;
/* Generated by software containing ST-Developer
 * from STEP Tools, Inc. (www.steptools.com) 
 */

FILE_DESCRIPTION(
/* description */ (''),
/* implementation_level */ '2;1');

FILE_NAME(
/* name */ 'wall-plate.step',
/* time_stamp */ '2026-07-20T14:13:38-07:00',
/* author */ (''),
/* organization */ (''),
/* preprocessor_version */ 'ST-DEVELOPER v20.1',
/* originating_system */ 'Autodesk Translation Framework v15.8.0.0',
/* authorisation */ '');

FILE_SCHEMA (('AUTOMOTIVE_DESIGN { 1 0 10303 214 3 1 1 }'));
ENDSEC;

DATA;
#10=MECHANICAL_DESIGN_GEOMETRIC_PRESENTATION_REPRESENTATION('',(#13),#3107);
#11=SHAPE_REPRESENTATION_RELATIONSHIP('SRR','None',#3114,#12);
#12=ADVANCED_BREP_SHAPE_REPRESENTATION('',(#14),#3106);
#13=STYLED_ITEM('',(#3124),#14);
#14=MANIFOLD_SOLID_BREP('Body1',#1671);
#15=ELLIPSE('',#1741,1.79999999999958,0.9);
#16=ELLIPSE('',#1743,1.79999999999958,0.9);
#17=ELLIPSE('',#1751,1.80000000000049,0.9);
#18=ELLIPSE('',#1752,1.80000000000049,0.9);
#19=CONICAL_SURFACE('',#1732,1.7526,0.715584993317675);
#20=CONICAL_SURFACE('',#1776,1.7526,0.715584993317675);
#21=CYLINDRICAL_SURFACE('',#1729,3.5433);
#22=CYLINDRICAL_SURFACE('',#1734,1.85);
#23=CYLINDRICAL_SURFACE('',#1740,0.9);
#24=CYLINDRICAL_SURFACE('',#1742,0.9);
#25=CYLINDRICAL_SURFACE('',#1756,1.25);
#26=CYLINDRICAL_SURFACE('',#1758,3.00000000000004);
#27=CYLINDRICAL_SURFACE('',#1761,1.24999999999993);
#28=CYLINDRICAL_SURFACE('',#1763,2.99999999999997);
#29=CYLINDRICAL_SURFACE('',#1766,1.25);
#30=CYLINDRICAL_SURFACE('',#1768,2.99999999999997);
#31=CYLINDRICAL_SURFACE('',#1771,1.25000000000007);
#32=CYLINDRICAL_SURFACE('',#1773,2.99999999999997);
#33=CYLINDRICAL_SURFACE('',#1787,1.85);
#34=CYLINDRICAL_SURFACE('',#1788,0.9);
#35=CYLINDRICAL_SURFACE('',#1790,0.9);
#36=CYLINDRICAL_SURFACE('',#1792,3.);
#37=CYLINDRICAL_SURFACE('',#1793,3.);
#38=CYLINDRICAL_SURFACE('',#1794,3.);
#39=CYLINDRICAL_SURFACE('',#1795,3.);
#40=CYLINDRICAL_SURFACE('',#1796,3.5433);
#41=CYLINDRICAL_SURFACE('',#1797,1.7);
#42=CYLINDRICAL_SURFACE('',#1798,1.7);
#43=CYLINDRICAL_SURFACE('',#1799,1.7);
#44=CYLINDRICAL_SURFACE('',#1800,1.7);
#45=B_SPLINE_SURFACE_WITH_KNOTS('',3,1,((#2385,#2386),(#2387,#2388),(#2389,
#2390),(#2391,#2392),(#2393,#2394)),.UNSPECIFIED.,.F.,.F.,.F.,(4,1,4),(2,
2),(0.,0.0163918811463898,0.0436647318647721),(-0.0500000000000007,0.0299999999999994),
 .UNSPECIFIED.);
#46=B_SPLINE_SURFACE_WITH_KNOTS('',3,1,((#2404,#2405),(#2406,#2407),(#2408,
#2409),(#2410,#2411),(#2412,#2413)),.UNSPECIFIED.,.F.,.F.,.F.,(4,1,4),(2,
2),(0.,0.0139103080974079,0.0281480036187963),(-0.0500000000000007,0.0299999999999994),
 .UNSPECIFIED.);
#47=B_SPLINE_SURFACE_WITH_KNOTS('',3,1,((#2421,#2422),(#2423,#2424),(#2425,
#2426),(#2427,#2428),(#2429,#2430)),.UNSPECIFIED.,.F.,.F.,.F.,(4,1,4),(2,
2),(0.,0.0151308701396167,0.0291953048676819),(-0.0500000000000007,0.0299999999999994),
 .UNSPECIFIED.);
#48=B_SPLINE_SURFACE_WITH_KNOTS('',3,1,((#2438,#2439),(#2440,#2441),(#2442,
#2443),(#2444,#2445),(#2446,#2447)),.UNSPECIFIED.,.F.,.F.,.F.,(4,1,4),(2,
2),(0.,0.0120028010355915,0.0246028477359849),(-0.0500000000000007,0.0299999999999994),
 .UNSPECIFIED.);
#49=B_SPLINE_SURFACE_WITH_KNOTS('',3,1,((#2455,#2456),(#2457,#2458),(#2459,
#2460),(#2461,#2462),(#2463,#2464)),.UNSPECIFIED.,.F.,.F.,.F.,(4,1,4),(2,
2),(0.,0.0123456884465533,0.0242715008823407),(-0.0500000000000007,0.0299999999999994),
 .UNSPECIFIED.);
#50=B_SPLINE_SURFACE_WITH_KNOTS('',3,1,((#2472,#2473),(#2474,#2475),(#2476,
#2477),(#2478,#2479),(#2480,#2481)),.UNSPECIFIED.,.F.,.F.,.F.,(4,1,4),(2,
2),(0.,0.029900346992833,0.0482513007520724),(-0.0500000000000007,0.0299999999999994),
 .UNSPECIFIED.);
#51=B_SPLINE_SURFACE_WITH_KNOTS('',3,1,((#2509,#2510),(#2511,#2512),(#2513,
#2514),(#2515,#2516),(#2517,#2518)),.UNSPECIFIED.,.F.,.F.,.F.,(4,1,4),(2,
2),(0.,0.0267467434266289,0.0630348194556035),(-0.0500000000000007,0.0299999999999994),
 .UNSPECIFIED.);
#52=B_SPLINE_SURFACE_WITH_KNOTS('',3,1,((#2526,#2527),(#2528,#2529),(#2530,
#2531),(#2532,#2533),(#2534,#2535)),.UNSPECIFIED.,.F.,.F.,.F.,(4,1,4),(2,
2),(0.,0.0179547364317443,0.03465059948687),(-0.0500000000000007,0.0299999999999994),
 .UNSPECIFIED.);
#53=B_SPLINE_SURFACE_WITH_KNOTS('',3,1,((#2543,#2544),(#2545,#2546),(#2547,
#2548),(#2549,#2550),(#2551,#2552)),.UNSPECIFIED.,.F.,.F.,.F.,(4,1,4),(2,
2),(0.,0.0202981237367752,0.0393134433190286),(-0.0500000000000007,0.0299999999999994),
 .UNSPECIFIED.);
#54=B_SPLINE_SURFACE_WITH_KNOTS('',3,1,((#2560,#2561),(#2562,#2563),(#2564,
#2565),(#2566,#2567),(#2568,#2569)),.UNSPECIFIED.,.F.,.F.,.F.,(4,1,4),(2,
2),(0.,0.0255496377285452,0.0478806499526034),(-0.0500000000000007,0.0299999999999994),
 .UNSPECIFIED.);
#55=B_SPLINE_SURFACE_WITH_KNOTS('',3,1,((#2577,#2578),(#2579,#2580),(#2581,
#2582),(#2583,#2584),(#2585,#2586)),.UNSPECIFIED.,.F.,.F.,.F.,(4,1,4),(2,
2),(0.,0.0290110432475903,0.0618125136152155),(-0.0500000000000007,0.0299999999999994),
 .UNSPECIFIED.);
#56=B_SPLINE_SURFACE_WITH_KNOTS('',3,1,((#2594,#2595),(#2596,#2597),(#2598,
#2599),(#2600,#2601),(#2602,#2603)),.UNSPECIFIED.,.F.,.F.,.F.,(4,1,4),(2,
2),(0.,0.0259988951667845,0.0529741927627566),(-0.0500000000000007,0.0299999999999994),
 .UNSPECIFIED.);
#57=B_SPLINE_SURFACE_WITH_KNOTS('',3,1,((#2611,#2612),(#2613,#2614),(#2615,
#2616),(#2617,#2618),(#2619,#2620)),.UNSPECIFIED.,.F.,.F.,.F.,(4,1,4),(2,
2),(0.,0.0456482665097003,0.0722616934845386),(-0.0500000000000007,0.0299999999999994),
 .UNSPECIFIED.);
#58=B_SPLINE_SURFACE_WITH_KNOTS('',3,1,((#2639,#2640),(#2641,#2642),(#2643,
#2644),(#2645,#2646),(#2647,#2648)),.UNSPECIFIED.,.F.,.F.,.F.,(4,1,4),(2,
2),(0.,0.0322323770607374,0.0764591795865816),(-0.0500000000000007,0.0299999999999994),
 .UNSPECIFIED.);
#59=B_SPLINE_SURFACE_WITH_KNOTS('',3,1,((#2658,#2659),(#2660,#2661),(#2662,
#2663),(#2664,#2665),(#2666,#2667)),.UNSPECIFIED.,.F.,.F.,.F.,(4,1,4),(2,
2),(0.,0.0194465184021575,0.0375837077202007),(-0.0500000000000007,0.0299999999999994),
 .UNSPECIFIED.);
#60=B_SPLINE_SURFACE_WITH_KNOTS('',3,1,((#2675,#2676),(#2677,#2678),(#2679,
#2680),(#2681,#2682),(#2683,#2684)),.UNSPECIFIED.,.F.,.F.,.F.,(4,1,4),(2,
2),(0.,0.0229170411898838,0.04385297906961),(-0.0500000000000007,0.0299999999999994),
 .UNSPECIFIED.);
#61=B_SPLINE_SURFACE_WITH_KNOTS('',3,1,((#2692,#2693),(#2694,#2695),(#2696,
#2697),(#2698,#2699),(#2700,#2701)),.UNSPECIFIED.,.F.,.F.,.F.,(4,1,4),(2,
2),(0.,0.0378627747252927,0.0662520116013689),(-0.0500000000000007,0.0299999999999994),
 .UNSPECIFIED.);
#62=B_SPLINE_SURFACE_WITH_KNOTS('',3,1,((#2709,#2710),(#2711,#2712),(#2713,
#2714),(#2715,#2716),(#2717,#2718)),.UNSPECIFIED.,.F.,.F.,.F.,(4,1,4),(2,
2),(0.,0.0263770560774082,0.0586879198394201),(-0.0500000000000007,0.0299999999999994),
 .UNSPECIFIED.);
#63=B_SPLINE_SURFACE_WITH_KNOTS('',3,1,((#2726,#2727),(#2728,#2729),(#2730,
#2731),(#2732,#2733),(#2734,#2735)),.UNSPECIFIED.,.F.,.F.,.F.,(4,1,4),(2,
2),(0.,0.0206884780454806,0.0432454483434209),(-0.0500000000000007,0.0299999999999994),
 .UNSPECIFIED.);
#64=B_SPLINE_SURFACE_WITH_KNOTS('',3,1,((#2743,#2744),(#2745,#2746),(#2747,
#2748),(#2749,#2750),(#2751,#2752)),.UNSPECIFIED.,.F.,.F.,.F.,(4,1,4),(2,
2),(0.,0.0217193954212279,0.0421103867135902),(-0.0500000000000007,0.0299999999999994),
 .UNSPECIFIED.);
#65=B_SPLINE_SURFACE_WITH_KNOTS('',3,1,((#2760,#2761),(#2762,#2763),(#2764,
#2765),(#2766,#2767),(#2768,#2769)),.UNSPECIFIED.,.F.,.F.,.F.,(4,1,4),(2,
2),(0.,0.0461111846741014,0.0765700852564058),(-0.0500000000000007,0.0299999999999994),
 .UNSPECIFIED.);
#66=B_SPLINE_SURFACE_WITH_KNOTS('',3,1,((#2789,#2790),(#2791,#2792),(#2793,
#2794),(#2795,#2796),(#2797,#2798)),.UNSPECIFIED.,.F.,.F.,.F.,(4,1,4),(2,
2),(0.,0.0205099933996682,0.0510595184883424),(-0.0500000000000007,0.0299999999999994),
 .UNSPECIFIED.);
#67=B_SPLINE_SURFACE_WITH_KNOTS('',3,1,((#2806,#2807),(#2808,#2809),(#2810,
#2811),(#2812,#2813),(#2814,#2815)),.UNSPECIFIED.,.F.,.F.,.F.,(4,1,4),(2,
2),(0.,0.0157431718813945,0.0308383705280678),(-0.0500000000000007,0.0299999999999994),
 .UNSPECIFIED.);
#68=B_SPLINE_SURFACE_WITH_KNOTS('',3,1,((#2823,#2824),(#2825,#2826),(#2827,
#2828),(#2829,#2830),(#2831,#2832)),.UNSPECIFIED.,.F.,.F.,.F.,(4,1,4),(2,
2),(0.,0.0227655159742729,0.0408527624463862),(-0.0500000000000007,0.0299999999999994),
 .UNSPECIFIED.);
#69=B_SPLINE_SURFACE_WITH_KNOTS('',3,1,((#2840,#2841),(#2842,#2843),(#2844,
#2845),(#2846,#2847),(#2848,#2849)),.UNSPECIFIED.,.F.,.F.,.F.,(4,1,4),(2,
2),(0.,0.0192318303617804,0.0420918185159045),(-0.0500000000000007,0.0299999999999994),
 .UNSPECIFIED.);
#70=B_SPLINE_SURFACE_WITH_KNOTS('',3,1,((#2857,#2858),(#2859,#2860),(#2861,
#2862),(#2863,#2864),(#2865,#2866)),.UNSPECIFIED.,.F.,.F.,.F.,(4,1,4),(2,
2),(0.,0.0178555511798583,0.0354877632423852),(-0.0500000000000007,0.0299999999999994),
 .UNSPECIFIED.);
#71=B_SPLINE_SURFACE_WITH_KNOTS('',3,1,((#2874,#2875),(#2876,#2877),(#2878,
#2879),(#2880,#2881),(#2882,#2883)),.UNSPECIFIED.,.F.,.F.,.F.,(4,1,4),(2,
2),(0.,0.0318774190915913,0.050219276910088),(-0.0500000000000007,0.0299999999999994),
 .UNSPECIFIED.);
#72=FACE_BOUND('',#520,.T.);
#73=FACE_BOUND('',#521,.T.);
#74=FACE_BOUND('',#544,.T.);
#75=FACE_BOUND('',#574,.T.);
#76=FACE_BOUND('',#575,.T.);
#77=FACE_BOUND('',#576,.T.);
#78=FACE_BOUND('',#577,.T.);
#79=FACE_BOUND('',#578,.T.);
#80=FACE_BOUND('',#579,.T.);
#81=FACE_BOUND('',#580,.T.);
#82=FACE_BOUND('',#581,.T.);
#83=FACE_BOUND('',#582,.T.);
#84=FACE_BOUND('',#583,.T.);
#85=FACE_BOUND('',#584,.T.);
#86=FACE_BOUND('',#591,.T.);
#87=FACE_BOUND('',#592,.T.);
#88=FACE_BOUND('',#596,.T.);
#89=FACE_BOUND('',#597,.T.);
#90=FACE_BOUND('',#598,.T.);
#91=FACE_BOUND('',#599,.T.);
#92=FACE_BOUND('',#600,.T.);
#93=FACE_BOUND('',#601,.T.);
#94=FACE_BOUND('',#602,.T.);
#95=FACE_BOUND('',#603,.T.);
#96=FACE_BOUND('',#604,.T.);
#97=FACE_BOUND('',#605,.T.);
#98=FACE_BOUND('',#606,.T.);
#99=FACE_BOUND('',#607,.T.);
#100=FACE_BOUND('',#608,.T.);
#101=FACE_BOUND('',#609,.T.);
#102=FACE_BOUND('',#613,.T.);
#103=FACE_BOUND('',#617,.T.);
#104=FACE_BOUND('',#621,.T.);
#105=FACE_BOUND('',#625,.T.);
#106=FACE_BOUND('',#644,.T.);
#107=FACE_BOUND('',#645,.T.);
#108=LINE('',#2188,#236);
#109=LINE('',#2190,#237);
#110=LINE('',#2192,#238);
#111=LINE('',#2225,#239);
#112=LINE('',#2227,#240);
#113=LINE('',#2229,#241);
#114=LINE('',#2231,#242);
#115=LINE('',#2233,#243);
#116=LINE('',#2235,#244);
#117=LINE('',#2236,#245);
#118=LINE('',#2245,#246);
#119=LINE('',#2247,#247);
#120=LINE('',#2249,#248);
#121=LINE('',#2287,#249);
#122=LINE('',#2289,#250);
#123=LINE('',#2291,#251);
#124=LINE('',#2335,#252);
#125=LINE('',#2337,#253);
#126=LINE('',#2339,#254);
#127=LINE('',#2341,#255);
#128=LINE('',#2384,#256);
#129=LINE('',#2396,#257);
#130=LINE('',#2403,#258);
#131=LINE('',#2415,#259);
#132=LINE('',#2432,#260);
#133=LINE('',#2449,#261);
#134=LINE('',#2466,#262);
#135=LINE('',#2483,#263);
#136=LINE('',#2491,#264);
#137=LINE('',#2492,#265);
#138=LINE('',#2495,#266);
#139=LINE('',#2496,#267);
#140=LINE('',#2498,#268);
#141=LINE('',#2501,#269);
#142=LINE('',#2503,#270);
#143=LINE('',#2504,#271);
#144=LINE('',#2507,#272);
#145=LINE('',#2508,#273);
#146=LINE('',#2520,#274);
#147=LINE('',#2537,#275);
#148=LINE('',#2554,#276);
#149=LINE('',#2571,#277);
#150=LINE('',#2588,#278);
#151=LINE('',#2605,#279);
#152=LINE('',#2622,#280);
#153=LINE('',#2630,#281);
#154=LINE('',#2631,#282);
#155=LINE('',#2634,#283);
#156=LINE('',#2635,#284);
#157=LINE('',#2637,#285);
#158=LINE('',#2650,#286);
#159=LINE('',#2657,#287);
#160=LINE('',#2669,#288);
#161=LINE('',#2686,#289);
#162=LINE('',#2703,#290);
#163=LINE('',#2720,#291);
#164=LINE('',#2737,#292);
#165=LINE('',#2754,#293);
#166=LINE('',#2771,#294);
#167=LINE('',#2779,#295);
#168=LINE('',#2780,#296);
#169=LINE('',#2783,#297);
#170=LINE('',#2784,#298);
#171=LINE('',#2787,#299);
#172=LINE('',#2788,#300);
#173=LINE('',#2800,#301);
#174=LINE('',#2817,#302);
#175=LINE('',#2834,#303);
#176=LINE('',#2851,#304);
#177=LINE('',#2868,#305);
#178=LINE('',#2885,#306);
#179=LINE('',#2893,#307);
#180=LINE('',#2894,#308);
#181=LINE('',#2897,#309);
#182=LINE('',#2898,#310);
#183=LINE('',#2900,#311);
#184=LINE('',#2905,#312);
#185=LINE('',#2906,#313);
#186=LINE('',#2907,#314);
#187=LINE('',#2910,#315);
#188=LINE('',#2911,#316);
#189=LINE('',#2914,#317);
#190=LINE('',#2915,#318);
#191=LINE('',#2918,#319);
#192=LINE('',#2919,#320);
#193=LINE('',#2922,#321);
#194=LINE('',#2923,#322);
#195=LINE('',#2926,#323);
#196=LINE('',#2927,#324);
#197=LINE('',#2929,#325);
#198=LINE('',#2933,#326);
#199=LINE('',#2935,#327);
#200=LINE('',#2937,#328);
#201=LINE('',#2938,#329);
#202=LINE('',#2962,#330);
#203=LINE('',#2965,#331);
#204=LINE('',#2967,#332);
#205=LINE('',#2968,#333);
#206=LINE('',#2972,#334);
#207=LINE('',#2975,#335);
#208=LINE('',#2980,#336);
#209=LINE('',#2981,#337);
#210=LINE('',#2982,#338);
#211=LINE('',#2984,#339);
#212=LINE('',#2991,#340);
#213=LINE('',#2995,#341);
#214=LINE('',#2998,#342);
#215=LINE('',#3024,#343);
#216=LINE('',#3028,#344);
#217=LINE('',#3033,#345);
#218=LINE('',#3037,#346);
#219=LINE('',#3042,#347);
#220=LINE('',#3046,#348);
#221=LINE('',#3051,#349);
#222=LINE('',#3055,#350);
#223=LINE('',#3061,#351);
#224=LINE('',#3076,#352);
#225=LINE('',#3080,#353);
#226=LINE('',#3084,#354);
#227=LINE('',#3086,#355);
#228=LINE('',#3088,#356);
#229=LINE('',#3090,#357);
#230=LINE('',#3092,#358);
#231=LINE('',#3094,#359);
#232=LINE('',#3096,#360);
#233=LINE('',#3098,#361);
#234=LINE('',#3100,#362);
#235=LINE('',#3102,#363);
#236=VECTOR('',#1822,10.);
#237=VECTOR('',#1823,10.);
#238=VECTOR('',#1824,10.);
#239=VECTOR('',#1827,10.);
#240=VECTOR('',#1828,10.);
#241=VECTOR('',#1829,10.);
#242=VECTOR('',#1830,10.);
#243=VECTOR('',#1831,10.);
#244=VECTOR('',#1832,10.);
#245=VECTOR('',#1833,10.);
#246=VECTOR('',#1834,10.);
#247=VECTOR('',#1835,10.);
#248=VECTOR('',#1836,10.);
#249=VECTOR('',#1837,10.);
#250=VECTOR('',#1838,10.);
#251=VECTOR('',#1839,10.);
#252=VECTOR('',#1840,10.);
#253=VECTOR('',#1841,10.);
#254=VECTOR('',#1842,10.);
#255=VECTOR('',#1843,10.);
#256=VECTOR('',#1844,10.);
#257=VECTOR('',#1845,10.);
#258=VECTOR('',#1846,10.);
#259=VECTOR('',#1847,10.);
#260=VECTOR('',#1848,10.);
#261=VECTOR('',#1849,10.);
#262=VECTOR('',#1850,10.);
#263=VECTOR('',#1851,10.);
#264=VECTOR('',#1854,10.);
#265=VECTOR('',#1855,10.);
#266=VECTOR('',#1858,10.);
#267=VECTOR('',#1859,10.);
#268=VECTOR('',#1862,10.);
#269=VECTOR('',#1865,10.);
#270=VECTOR('',#1866,10.);
#271=VECTOR('',#1867,10.);
#272=VECTOR('',#1870,10.);
#273=VECTOR('',#1871,10.);
#274=VECTOR('',#1872,10.);
#275=VECTOR('',#1873,10.);
#276=VECTOR('',#1874,10.);
#277=VECTOR('',#1875,10.);
#278=VECTOR('',#1876,10.);
#279=VECTOR('',#1877,10.);
#280=VECTOR('',#1878,10.);
#281=VECTOR('',#1881,10.);
#282=VECTOR('',#1882,10.);
#283=VECTOR('',#1885,10.);
#284=VECTOR('',#1886,10.);
#285=VECTOR('',#1889,10.);
#286=VECTOR('',#1892,10.);
#287=VECTOR('',#1893,10.);
#288=VECTOR('',#1894,10.);
#289=VECTOR('',#1895,10.);
#290=VECTOR('',#1896,10.);
#291=VECTOR('',#1897,10.);
#292=VECTOR('',#1898,10.);
#293=VECTOR('',#1899,10.);
#294=VECTOR('',#1900,10.);
#295=VECTOR('',#1903,10.);
#296=VECTOR('',#1904,10.);
#297=VECTOR('',#1907,10.);
#298=VECTOR('',#1908,10.);
#299=VECTOR('',#1911,10.);
#300=VECTOR('',#1912,10.);
#301=VECTOR('',#1913,10.);
#302=VECTOR('',#1914,10.);
#303=VECTOR('',#1915,10.);
#304=VECTOR('',#1916,10.);
#305=VECTOR('',#1917,10.);
#306=VECTOR('',#1918,10.);
#307=VECTOR('',#1921,10.);
#308=VECTOR('',#1922,10.);
#309=VECTOR('',#1925,10.);
#310=VECTOR('',#1926,10.);
#311=VECTOR('',#1929,10.);
#312=VECTOR('',#1934,10.);
#313=VECTOR('',#1935,10.);
#314=VECTOR('',#1936,10.);
#315=VECTOR('',#1939,10.);
#316=VECTOR('',#1940,10.);
#317=VECTOR('',#1943,10.);
#318=VECTOR('',#1944,10.);
#319=VECTOR('',#1947,10.);
#320=VECTOR('',#1948,10.);
#321=VECTOR('',#1951,10.);
#322=VECTOR('',#1952,10.);
#323=VECTOR('',#1955,10.);
#324=VECTOR('',#1956,10.);
#325=VECTOR('',#1959,10.);
#326=VECTOR('',#1962,10.);
#327=VECTOR('',#1963,10.);
#328=VECTOR('',#1964,10.);
#329=VECTOR('',#1965,10.);
#330=VECTOR('',#1990,3.5433);
#331=VECTOR('',#1993,10.);
#332=VECTOR('',#1994,10.);
#333=VECTOR('',#1995,10.);
#334=VECTOR('',#2000,1.7526);
#335=VECTOR('',#2003,1.85);
#336=VECTOR('',#2008,10.);
#337=VECTOR('',#2009,10.);
#338=VECTOR('',#2010,10.);
#339=VECTOR('',#2013,10.);
#340=VECTOR('',#2020,0.9);
#341=VECTOR('',#2025,0.9);
#342=VECTOR('',#2030,10.);
#343=VECTOR('',#2057,1.25);
#344=VECTOR('',#2062,3.00000000000004);
#345=VECTOR('',#2069,1.24999999999993);
#346=VECTOR('',#2074,2.99999999999997);
#347=VECTOR('',#2081,1.25);
#348=VECTOR('',#2086,2.99999999999997);
#349=VECTOR('',#2093,1.25000000000007);
#350=VECTOR('',#2098,2.99999999999997);
#351=VECTOR('',#2105,1.7526);
#352=VECTOR('',#2126,1.85);
#353=VECTOR('',#2131,0.9);
#354=VECTOR('',#2136,0.9);
#355=VECTOR('',#2139,3.);
#356=VECTOR('',#2142,3.);
#357=VECTOR('',#2145,3.);
#358=VECTOR('',#2148,3.);
#359=VECTOR('',#2151,3.5433);
#360=VECTOR('',#2154,1.7);
#361=VECTOR('',#2157,1.7);
#362=VECTOR('',#2160,1.7);
#363=VECTOR('',#2163,1.7);
#364=B_SPLINE_CURVE_WITH_KNOTS('',3,(#2182,#2183,#2184,#2185,#2186),
 .UNSPECIFIED.,.F.,.F.,(4,1,4),(0.,0.0163918811463898,0.0436647318647721),
 .UNSPECIFIED.);
#365=B_SPLINE_CURVE_WITH_KNOTS('',3,(#2194,#2195,#2196,#2197,#2198),
 .UNSPECIFIED.,.F.,.F.,(4,1,4),(0.,0.029900346992833,0.0482513007520724),
 .UNSPECIFIED.);
#366=B_SPLINE_CURVE_WITH_KNOTS('',3,(#2200,#2201,#2202,#2203,#2204),
 .UNSPECIFIED.,.F.,.F.,(4,1,4),(0.,0.0123456884465533,0.0242715008823407),
 .UNSPECIFIED.);
#367=B_SPLINE_CURVE_WITH_KNOTS('',3,(#2206,#2207,#2208,#2209,#2210),
 .UNSPECIFIED.,.F.,.F.,(4,1,4),(0.,0.0120028010355915,0.0246028477359849),
 .UNSPECIFIED.);
#368=B_SPLINE_CURVE_WITH_KNOTS('',3,(#2212,#2213,#2214,#2215,#2216),
 .UNSPECIFIED.,.F.,.F.,(4,1,4),(0.,0.0151308701396167,0.0291953048676819),
 .UNSPECIFIED.);
#369=B_SPLINE_CURVE_WITH_KNOTS('',3,(#2217,#2218,#2219,#2220,#2221),
 .UNSPECIFIED.,.F.,.F.,(4,1,4),(0.,0.0139103080974079,0.0281480036187963),
 .UNSPECIFIED.);
#370=B_SPLINE_CURVE_WITH_KNOTS('',3,(#2239,#2240,#2241,#2242,#2243),
 .UNSPECIFIED.,.F.,.F.,(4,1,4),(0.,0.0322323770607374,0.0764591795865816),
 .UNSPECIFIED.);
#371=B_SPLINE_CURVE_WITH_KNOTS('',3,(#2251,#2252,#2253,#2254,#2255),
 .UNSPECIFIED.,.F.,.F.,(4,1,4),(0.,0.0318774190915913,0.050219276910088),
 .UNSPECIFIED.);
#372=B_SPLINE_CURVE_WITH_KNOTS('',3,(#2257,#2258,#2259,#2260,#2261),
 .UNSPECIFIED.,.F.,.F.,(4,1,4),(0.,0.0178555511798583,0.0354877632423852),
 .UNSPECIFIED.);
#373=B_SPLINE_CURVE_WITH_KNOTS('',3,(#2263,#2264,#2265,#2266,#2267),
 .UNSPECIFIED.,.F.,.F.,(4,1,4),(0.,0.0192318303617804,0.0420918185159045),
 .UNSPECIFIED.);
#374=B_SPLINE_CURVE_WITH_KNOTS('',3,(#2269,#2270,#2271,#2272,#2273),
 .UNSPECIFIED.,.F.,.F.,(4,1,4),(0.,0.0227655159742729,0.0408527624463862),
 .UNSPECIFIED.);
#375=B_SPLINE_CURVE_WITH_KNOTS('',3,(#2275,#2276,#2277,#2278,#2279),
 .UNSPECIFIED.,.F.,.F.,(4,1,4),(0.,0.0157431718813945,0.0308383705280678),
 .UNSPECIFIED.);
#376=B_SPLINE_CURVE_WITH_KNOTS('',3,(#2281,#2282,#2283,#2284,#2285),
 .UNSPECIFIED.,.F.,.F.,(4,1,4),(0.,0.0205099933996682,0.0510595184883424),
 .UNSPECIFIED.);
#377=B_SPLINE_CURVE_WITH_KNOTS('',3,(#2293,#2294,#2295,#2296,#2297),
 .UNSPECIFIED.,.F.,.F.,(4,1,4),(0.,0.0461111846741014,0.0765700852564058),
 .UNSPECIFIED.);
#378=B_SPLINE_CURVE_WITH_KNOTS('',3,(#2299,#2300,#2301,#2302,#2303),
 .UNSPECIFIED.,.F.,.F.,(4,1,4),(0.,0.0217193954212279,0.0421103867135902),
 .UNSPECIFIED.);
#379=B_SPLINE_CURVE_WITH_KNOTS('',3,(#2305,#2306,#2307,#2308,#2309),
 .UNSPECIFIED.,.F.,.F.,(4,1,4),(0.,0.0206884780454806,0.0432454483434209),
 .UNSPECIFIED.);
#380=B_SPLINE_CURVE_WITH_KNOTS('',3,(#2311,#2312,#2313,#2314,#2315),
 .UNSPECIFIED.,.F.,.F.,(4,1,4),(0.,0.0263770560774082,0.0586879198394201),
 .UNSPECIFIED.);
#381=B_SPLINE_CURVE_WITH_KNOTS('',3,(#2317,#2318,#2319,#2320,#2321),
 .UNSPECIFIED.,.F.,.F.,(4,1,4),(0.,0.0378627747252927,0.0662520116013689),
 .UNSPECIFIED.);
#382=B_SPLINE_CURVE_WITH_KNOTS('',3,(#2323,#2324,#2325,#2326,#2327),
 .UNSPECIFIED.,.F.,.F.,(4,1,4),(0.,0.0229170411898838,0.04385297906961),
 .UNSPECIFIED.);
#383=B_SPLINE_CURVE_WITH_KNOTS('',3,(#2328,#2329,#2330,#2331,#2332),
 .UNSPECIFIED.,.F.,.F.,(4,1,4),(0.,0.0194465184021575,0.0375837077202007),
 .UNSPECIFIED.);
#384=B_SPLINE_CURVE_WITH_KNOTS('',3,(#2343,#2344,#2345,#2346,#2347),
 .UNSPECIFIED.,.F.,.F.,(4,1,4),(0.,0.0456482665097003,0.0722616934845386),
 .UNSPECIFIED.);
#385=B_SPLINE_CURVE_WITH_KNOTS('',3,(#2349,#2350,#2351,#2352,#2353),
 .UNSPECIFIED.,.F.,.F.,(4,1,4),(0.,0.0259988951667845,0.0529741927627566),
 .UNSPECIFIED.);
#386=B_SPLINE_CURVE_WITH_KNOTS('',3,(#2355,#2356,#2357,#2358,#2359),
 .UNSPECIFIED.,.F.,.F.,(4,1,4),(0.,0.0290110432475903,0.0618125136152155),
 .UNSPECIFIED.);
#387=B_SPLINE_CURVE_WITH_KNOTS('',3,(#2361,#2362,#2363,#2364,#2365),
 .UNSPECIFIED.,.F.,.F.,(4,1,4),(0.,0.0255496377285452,0.0478806499526034),
 .UNSPECIFIED.);
#388=B_SPLINE_CURVE_WITH_KNOTS('',3,(#2367,#2368,#2369,#2370,#2371),
 .UNSPECIFIED.,.F.,.F.,(4,1,4),(0.,0.0202981237367752,0.0393134433190286),
 .UNSPECIFIED.);
#389=B_SPLINE_CURVE_WITH_KNOTS('',3,(#2373,#2374,#2375,#2376,#2377),
 .UNSPECIFIED.,.F.,.F.,(4,1,4),(0.,0.0179547364317443,0.03465059948687),
 .UNSPECIFIED.);
#390=B_SPLINE_CURVE_WITH_KNOTS('',3,(#2379,#2380,#2381,#2382,#2383),
 .UNSPECIFIED.,.F.,.F.,(4,1,4),(0.,0.0267467434266289,0.0630348194556035),
 .UNSPECIFIED.);
#391=B_SPLINE_CURVE_WITH_KNOTS('',3,(#2398,#2399,#2400,#2401,#2402),
 .UNSPECIFIED.,.F.,.F.,(4,1,4),(0.,0.0163918811463898,0.0436647318647721),
 .UNSPECIFIED.);
#392=B_SPLINE_CURVE_WITH_KNOTS('',3,(#2416,#2417,#2418,#2419,#2420),
 .UNSPECIFIED.,.F.,.F.,(4,1,4),(0.,0.0139103080974079,0.0281480036187963),
 .UNSPECIFIED.);
#393=B_SPLINE_CURVE_WITH_KNOTS('',3,(#2433,#2434,#2435,#2436,#2437),
 .UNSPECIFIED.,.F.,.F.,(4,1,4),(0.,0.0151308701396167,0.0291953048676819),
 .UNSPECIFIED.);
#394=B_SPLINE_CURVE_WITH_KNOTS('',3,(#2450,#2451,#2452,#2453,#2454),
 .UNSPECIFIED.,.F.,.F.,(4,1,4),(0.,0.0120028010355915,0.0246028477359849),
 .UNSPECIFIED.);
#395=B_SPLINE_CURVE_WITH_KNOTS('',3,(#2467,#2468,#2469,#2470,#2471),
 .UNSPECIFIED.,.F.,.F.,(4,1,4),(0.,0.0123456884465533,0.0242715008823407),
 .UNSPECIFIED.);
#396=B_SPLINE_CURVE_WITH_KNOTS('',3,(#2484,#2485,#2486,#2487,#2488),
 .UNSPECIFIED.,.F.,.F.,(4,1,4),(0.,0.029900346992833,0.0482513007520724),
 .UNSPECIFIED.);
#397=B_SPLINE_CURVE_WITH_KNOTS('',3,(#2521,#2522,#2523,#2524,#2525),
 .UNSPECIFIED.,.F.,.F.,(4,1,4),(0.,0.0267467434266289,0.0630348194556035),
 .UNSPECIFIED.);
#398=B_SPLINE_CURVE_WITH_KNOTS('',3,(#2538,#2539,#2540,#2541,#2542),
 .UNSPECIFIED.,.F.,.F.,(4,1,4),(0.,0.0179547364317443,0.03465059948687),
 .UNSPECIFIED.);
#399=B_SPLINE_CURVE_WITH_KNOTS('',3,(#2555,#2556,#2557,#2558,#2559),
 .UNSPECIFIED.,.F.,.F.,(4,1,4),(0.,0.0202981237367752,0.0393134433190286),
 .UNSPECIFIED.);
#400=B_SPLINE_CURVE_WITH_KNOTS('',3,(#2572,#2573,#2574,#2575,#2576),
 .UNSPECIFIED.,.F.,.F.,(4,1,4),(0.,0.0255496377285452,0.0478806499526034),
 .UNSPECIFIED.);
#401=B_SPLINE_CURVE_WITH_KNOTS('',3,(#2589,#2590,#2591,#2592,#2593),
 .UNSPECIFIED.,.F.,.F.,(4,1,4),(0.,0.0290110432475903,0.0618125136152155),
 .UNSPECIFIED.);
#402=B_SPLINE_CURVE_WITH_KNOTS('',3,(#2606,#2607,#2608,#2609,#2610),
 .UNSPECIFIED.,.F.,.F.,(4,1,4),(0.,0.0259988951667845,0.0529741927627566),
 .UNSPECIFIED.);
#403=B_SPLINE_CURVE_WITH_KNOTS('',3,(#2623,#2624,#2625,#2626,#2627),
 .UNSPECIFIED.,.F.,.F.,(4,1,4),(0.,0.0456482665097003,0.0722616934845386),
 .UNSPECIFIED.);
#404=B_SPLINE_CURVE_WITH_KNOTS('',3,(#2652,#2653,#2654,#2655,#2656),
 .UNSPECIFIED.,.F.,.F.,(4,1,4),(0.,0.0322323770607374,0.0764591795865816),
 .UNSPECIFIED.);
#405=B_SPLINE_CURVE_WITH_KNOTS('',3,(#2670,#2671,#2672,#2673,#2674),
 .UNSPECIFIED.,.F.,.F.,(4,1,4),(0.,0.0194465184021575,0.0375837077202007),
 .UNSPECIFIED.);
#406=B_SPLINE_CURVE_WITH_KNOTS('',3,(#2687,#2688,#2689,#2690,#2691),
 .UNSPECIFIED.,.F.,.F.,(4,1,4),(0.,0.0229170411898838,0.04385297906961),
 .UNSPECIFIED.);
#407=B_SPLINE_CURVE_WITH_KNOTS('',3,(#2704,#2705,#2706,#2707,#2708),
 .UNSPECIFIED.,.F.,.F.,(4,1,4),(0.,0.0378627747252927,0.0662520116013689),
 .UNSPECIFIED.);
#408=B_SPLINE_CURVE_WITH_KNOTS('',3,(#2721,#2722,#2723,#2724,#2725),
 .UNSPECIFIED.,.F.,.F.,(4,1,4),(0.,0.0263770560774082,0.0586879198394201),
 .UNSPECIFIED.);
#409=B_SPLINE_CURVE_WITH_KNOTS('',3,(#2738,#2739,#2740,#2741,#2742),
 .UNSPECIFIED.,.F.,.F.,(4,1,4),(0.,0.0206884780454806,0.0432454483434209),
 .UNSPECIFIED.);
#410=B_SPLINE_CURVE_WITH_KNOTS('',3,(#2755,#2756,#2757,#2758,#2759),
 .UNSPECIFIED.,.F.,.F.,(4,1,4),(0.,0.0217193954212279,0.0421103867135902),
 .UNSPECIFIED.);
#411=B_SPLINE_CURVE_WITH_KNOTS('',3,(#2772,#2773,#2774,#2775,#2776),
 .UNSPECIFIED.,.F.,.F.,(4,1,4),(0.,0.0461111846741014,0.0765700852564058),
 .UNSPECIFIED.);
#412=B_SPLINE_CURVE_WITH_KNOTS('',3,(#2801,#2802,#2803,#2804,#2805),
 .UNSPECIFIED.,.F.,.F.,(4,1,4),(0.,0.0205099933996682,0.0510595184883424),
 .UNSPECIFIED.);
#413=B_SPLINE_CURVE_WITH_KNOTS('',3,(#2818,#2819,#2820,#2821,#2822),
 .UNSPECIFIED.,.F.,.F.,(4,1,4),(0.,0.0157431718813945,0.0308383705280678),
 .UNSPECIFIED.);
#414=B_SPLINE_CURVE_WITH_KNOTS('',3,(#2835,#2836,#2837,#2838,#2839),
 .UNSPECIFIED.,.F.,.F.,(4,1,4),(0.,0.0227655159742729,0.0408527624463862),
 .UNSPECIFIED.);
#415=B_SPLINE_CURVE_WITH_KNOTS('',3,(#2852,#2853,#2854,#2855,#2856),
 .UNSPECIFIED.,.F.,.F.,(4,1,4),(0.,0.0192318303617804,0.0420918185159045),
 .UNSPECIFIED.);
#416=B_SPLINE_CURVE_WITH_KNOTS('',3,(#2869,#2870,#2871,#2872,#2873),
 .UNSPECIFIED.,.F.,.F.,(4,1,4),(0.,0.0178555511798583,0.0354877632423852),
 .UNSPECIFIED.);
#417=B_SPLINE_CURVE_WITH_KNOTS('',3,(#2886,#2887,#2888,#2889,#2890),
 .UNSPECIFIED.,.F.,.F.,(4,1,4),(0.,0.0318774190915913,0.050219276910088),
 .UNSPECIFIED.);
#418=FACE_OUTER_BOUND('',#514,.T.);
#419=FACE_OUTER_BOUND('',#515,.T.);
#420=FACE_OUTER_BOUND('',#516,.T.);
#421=FACE_OUTER_BOUND('',#517,.T.);
#422=FACE_OUTER_BOUND('',#518,.T.);
#423=FACE_OUTER_BOUND('',#519,.T.);
#424=FACE_OUTER_BOUND('',#522,.T.);
#425=FACE_OUTER_BOUND('',#523,.T.);
#426=FACE_OUTER_BOUND('',#524,.T.);
#427=FACE_OUTER_BOUND('',#525,.T.);
#428=FACE_OUTER_BOUND('',#526,.T.);
#429=FACE_OUTER_BOUND('',#527,.T.);
#430=FACE_OUTER_BOUND('',#528,.T.);
#431=FACE_OUTER_BOUND('',#529,.T.);
#432=FACE_OUTER_BOUND('',#530,.T.);
#433=FACE_OUTER_BOUND('',#531,.T.);
#434=FACE_OUTER_BOUND('',#532,.T.);
#435=FACE_OUTER_BOUND('',#533,.T.);
#436=FACE_OUTER_BOUND('',#534,.T.);
#437=FACE_OUTER_BOUND('',#535,.T.);
#438=FACE_OUTER_BOUND('',#536,.T.);
#439=FACE_OUTER_BOUND('',#537,.T.);
#440=FACE_OUTER_BOUND('',#538,.T.);
#441=FACE_OUTER_BOUND('',#539,.T.);
#442=FACE_OUTER_BOUND('',#540,.T.);
#443=FACE_OUTER_BOUND('',#541,.T.);
#444=FACE_OUTER_BOUND('',#542,.T.);
#445=FACE_OUTER_BOUND('',#543,.T.);
#446=FACE_OUTER_BOUND('',#545,.T.);
#447=FACE_OUTER_BOUND('',#546,.T.);
#448=FACE_OUTER_BOUND('',#547,.T.);
#449=FACE_OUTER_BOUND('',#548,.T.);
#450=FACE_OUTER_BOUND('',#549,.T.);
#451=FACE_OUTER_BOUND('',#550,.T.);
#452=FACE_OUTER_BOUND('',#551,.T.);
#453=FACE_OUTER_BOUND('',#552,.T.);
#454=FACE_OUTER_BOUND('',#553,.T.);
#455=FACE_OUTER_BOUND('',#554,.T.);
#456=FACE_OUTER_BOUND('',#555,.T.);
#457=FACE_OUTER_BOUND('',#556,.T.);
#458=FACE_OUTER_BOUND('',#557,.T.);
#459=FACE_OUTER_BOUND('',#558,.T.);
#460=FACE_OUTER_BOUND('',#559,.T.);
#461=FACE_OUTER_BOUND('',#560,.T.);
#462=FACE_OUTER_BOUND('',#561,.T.);
#463=FACE_OUTER_BOUND('',#562,.T.);
#464=FACE_OUTER_BOUND('',#563,.T.);
#465=FACE_OUTER_BOUND('',#564,.T.);
#466=FACE_OUTER_BOUND('',#565,.T.);
#467=FACE_OUTER_BOUND('',#566,.T.);
#468=FACE_OUTER_BOUND('',#567,.T.);
#469=FACE_OUTER_BOUND('',#568,.T.);
#470=FACE_OUTER_BOUND('',#569,.T.);
#471=FACE_OUTER_BOUND('',#570,.T.);
#472=FACE_OUTER_BOUND('',#571,.T.);
#473=FACE_OUTER_BOUND('',#572,.T.);
#474=FACE_OUTER_BOUND('',#573,.T.);
#475=FACE_OUTER_BOUND('',#585,.T.);
#476=FACE_OUTER_BOUND('',#586,.T.);
#477=FACE_OUTER_BOUND('',#587,.T.);
#478=FACE_OUTER_BOUND('',#588,.T.);
#479=FACE_OUTER_BOUND('',#589,.T.);
#480=FACE_OUTER_BOUND('',#590,.T.);
#481=FACE_OUTER_BOUND('',#593,.T.);
#482=FACE_OUTER_BOUND('',#594,.T.);
#483=FACE_OUTER_BOUND('',#595,.T.);
#484=FACE_OUTER_BOUND('',#610,.T.);
#485=FACE_OUTER_BOUND('',#611,.T.);
#486=FACE_OUTER_BOUND('',#612,.T.);
#487=FACE_OUTER_BOUND('',#614,.T.);
#488=FACE_OUTER_BOUND('',#615,.T.);
#489=FACE_OUTER_BOUND('',#616,.T.);
#490=FACE_OUTER_BOUND('',#618,.T.);
#491=FACE_OUTER_BOUND('',#619,.T.);
#492=FACE_OUTER_BOUND('',#620,.T.);
#493=FACE_OUTER_BOUND('',#622,.T.);
#494=FACE_OUTER_BOUND('',#623,.T.);
#495=FACE_OUTER_BOUND('',#624,.T.);
#496=FACE_OUTER_BOUND('',#626,.T.);
#497=FACE_OUTER_BOUND('',#627,.T.);
#498=FACE_OUTER_BOUND('',#628,.T.);
#499=FACE_OUTER_BOUND('',#629,.T.);
#500=FACE_OUTER_BOUND('',#630,.T.);
#501=FACE_OUTER_BOUND('',#631,.T.);
#502=FACE_OUTER_BOUND('',#632,.T.);
#503=FACE_OUTER_BOUND('',#633,.T.);
#504=FACE_OUTER_BOUND('',#634,.T.);
#505=FACE_OUTER_BOUND('',#635,.T.);
#506=FACE_OUTER_BOUND('',#636,.T.);
#507=FACE_OUTER_BOUND('',#637,.T.);
#508=FACE_OUTER_BOUND('',#638,.T.);
#509=FACE_OUTER_BOUND('',#639,.T.);
#510=FACE_OUTER_BOUND('',#640,.T.);
#511=FACE_OUTER_BOUND('',#641,.T.);
#512=FACE_OUTER_BOUND('',#642,.T.);
#513=FACE_OUTER_BOUND('',#643,.T.);
#514=EDGE_LOOP('',(#1072));
#515=EDGE_LOOP('',(#1073));
#516=EDGE_LOOP('',(#1074));
#517=EDGE_LOOP('',(#1075));
#518=EDGE_LOOP('',(#1076,#1077,#1078,#1079,#1080,#1081,#1082,#1083,#1084));
#519=EDGE_LOOP('',(#1085,#1086,#1087,#1088,#1089,#1090,#1091));
#520=EDGE_LOOP('',(#1092,#1093,#1094,#1095,#1096,#1097,#1098,#1099,#1100,
#1101,#1102,#1103,#1104,#1105,#1106,#1107,#1108,#1109,#1110,#1111));
#521=EDGE_LOOP('',(#1112,#1113,#1114,#1115,#1116,#1117,#1118,#1119,#1120,
#1121,#1122,#1123));
#522=EDGE_LOOP('',(#1124,#1125,#1126,#1127));
#523=EDGE_LOOP('',(#1128,#1129,#1130,#1131));
#524=EDGE_LOOP('',(#1132,#1133,#1134,#1135));
#525=EDGE_LOOP('',(#1136,#1137,#1138,#1139));
#526=EDGE_LOOP('',(#1140,#1141,#1142,#1143));
#527=EDGE_LOOP('',(#1144,#1145,#1146,#1147));
#528=EDGE_LOOP('',(#1148,#1149,#1150,#1151));
#529=EDGE_LOOP('',(#1152,#1153,#1154,#1155));
#530=EDGE_LOOP('',(#1156,#1157,#1158,#1159));
#531=EDGE_LOOP('',(#1160,#1161,#1162,#1163));
#532=EDGE_LOOP('',(#1164,#1165,#1166,#1167));
#533=EDGE_LOOP('',(#1168,#1169,#1170,#1171));
#534=EDGE_LOOP('',(#1172,#1173,#1174,#1175));
#535=EDGE_LOOP('',(#1176,#1177,#1178,#1179));
#536=EDGE_LOOP('',(#1180,#1181,#1182,#1183));
#537=EDGE_LOOP('',(#1184,#1185,#1186,#1187));
#538=EDGE_LOOP('',(#1188,#1189,#1190,#1191));
#539=EDGE_LOOP('',(#1192,#1193,#1194,#1195));
#540=EDGE_LOOP('',(#1196,#1197,#1198,#1199));
#541=EDGE_LOOP('',(#1200,#1201,#1202,#1203));
#542=EDGE_LOOP('',(#1204,#1205,#1206,#1207));
#543=EDGE_LOOP('',(#1208,#1209,#1210,#1211,#1212,#1213,#1214,#1215,#1216,
#1217,#1218,#1219));
#544=EDGE_LOOP('',(#1220,#1221,#1222,#1223,#1224,#1225,#1226,#1227,#1228));
#545=EDGE_LOOP('',(#1229,#1230,#1231,#1232));
#546=EDGE_LOOP('',(#1233,#1234,#1235,#1236));
#547=EDGE_LOOP('',(#1237,#1238,#1239,#1240));
#548=EDGE_LOOP('',(#1241,#1242,#1243,#1244));
#549=EDGE_LOOP('',(#1245,#1246,#1247,#1248));
#550=EDGE_LOOP('',(#1249,#1250,#1251,#1252));
#551=EDGE_LOOP('',(#1253,#1254,#1255,#1256));
#552=EDGE_LOOP('',(#1257,#1258,#1259,#1260));
#553=EDGE_LOOP('',(#1261,#1262,#1263,#1264));
#554=EDGE_LOOP('',(#1265,#1266,#1267,#1268));
#555=EDGE_LOOP('',(#1269,#1270,#1271,#1272));
#556=EDGE_LOOP('',(#1273,#1274,#1275,#1276));
#557=EDGE_LOOP('',(#1277,#1278,#1279,#1280));
#558=EDGE_LOOP('',(#1281,#1282,#1283,#1284));
#559=EDGE_LOOP('',(#1285,#1286,#1287,#1288));
#560=EDGE_LOOP('',(#1289,#1290,#1291,#1292));
#561=EDGE_LOOP('',(#1293,#1294,#1295,#1296));
#562=EDGE_LOOP('',(#1297,#1298,#1299,#1300));
#563=EDGE_LOOP('',(#1301,#1302,#1303,#1304));
#564=EDGE_LOOP('',(#1305,#1306,#1307,#1308));
#565=EDGE_LOOP('',(#1309,#1310,#1311,#1312,#1313,#1314,#1315,#1316,#1317,
#1318,#1319,#1320,#1321,#1322,#1323,#1324,#1325,#1326,#1327,#1328));
#566=EDGE_LOOP('',(#1329,#1330,#1331,#1332));
#567=EDGE_LOOP('',(#1333,#1334,#1335,#1336));
#568=EDGE_LOOP('',(#1337,#1338,#1339,#1340));
#569=EDGE_LOOP('',(#1341,#1342,#1343,#1344));
#570=EDGE_LOOP('',(#1345,#1346,#1347,#1348));
#571=EDGE_LOOP('',(#1349,#1350,#1351,#1352));
#572=EDGE_LOOP('',(#1353,#1354,#1355,#1356));
#573=EDGE_LOOP('',(#1357,#1358,#1359,#1360));
#574=EDGE_LOOP('',(#1361,#1362,#1363,#1364,#1365,#1366,#1367));
#575=EDGE_LOOP('',(#1368));
#576=EDGE_LOOP('',(#1369));
#577=EDGE_LOOP('',(#1370));
#578=EDGE_LOOP('',(#1371));
#579=EDGE_LOOP('',(#1372));
#580=EDGE_LOOP('',(#1373));
#581=EDGE_LOOP('',(#1374));
#582=EDGE_LOOP('',(#1375));
#583=EDGE_LOOP('',(#1376));
#584=EDGE_LOOP('',(#1377));
#585=EDGE_LOOP('',(#1378,#1379,#1380,#1381));
#586=EDGE_LOOP('',(#1382,#1383,#1384,#1385));
#587=EDGE_LOOP('',(#1386,#1387,#1388,#1389));
#588=EDGE_LOOP('',(#1390,#1391,#1392,#1393));
#589=EDGE_LOOP('',(#1394,#1395,#1396,#1397));
#590=EDGE_LOOP('',(#1398,#1399,#1400,#1401));
#591=EDGE_LOOP('',(#1402));
#592=EDGE_LOOP('',(#1403));
#593=EDGE_LOOP('',(#1404,#1405,#1406,#1407));
#594=EDGE_LOOP('',(#1408,#1409,#1410,#1411));
#595=EDGE_LOOP('',(#1412,#1413,#1414,#1415));
#596=EDGE_LOOP('',(#1416));
#597=EDGE_LOOP('',(#1417));
#598=EDGE_LOOP('',(#1418));
#599=EDGE_LOOP('',(#1419));
#600=EDGE_LOOP('',(#1420));
#601=EDGE_LOOP('',(#1421));
#602=EDGE_LOOP('',(#1422));
#603=EDGE_LOOP('',(#1423));
#604=EDGE_LOOP('',(#1424));
#605=EDGE_LOOP('',(#1425));
#606=EDGE_LOOP('',(#1426));
#607=EDGE_LOOP('',(#1427));
#608=EDGE_LOOP('',(#1428));
#609=EDGE_LOOP('',(#1429));
#610=EDGE_LOOP('',(#1430,#1431,#1432,#1433));
#611=EDGE_LOOP('',(#1434,#1435,#1436,#1437));
#612=EDGE_LOOP('',(#1438));
#613=EDGE_LOOP('',(#1439));
#614=EDGE_LOOP('',(#1440,#1441,#1442,#1443));
#615=EDGE_LOOP('',(#1444,#1445,#1446,#1447));
#616=EDGE_LOOP('',(#1448));
#617=EDGE_LOOP('',(#1449));
#618=EDGE_LOOP('',(#1450,#1451,#1452,#1453));
#619=EDGE_LOOP('',(#1454,#1455,#1456,#1457));
#620=EDGE_LOOP('',(#1458));
#621=EDGE_LOOP('',(#1459));
#622=EDGE_LOOP('',(#1460,#1461,#1462,#1463));
#623=EDGE_LOOP('',(#1464,#1465,#1466,#1467));
#624=EDGE_LOOP('',(#1468));
#625=EDGE_LOOP('',(#1469));
#626=EDGE_LOOP('',(#1470,#1471,#1472,#1473));
#627=EDGE_LOOP('',(#1474));
#628=EDGE_LOOP('',(#1475));
#629=EDGE_LOOP('',(#1476));
#630=EDGE_LOOP('',(#1477));
#631=EDGE_LOOP('',(#1478,#1479,#1480,#1481));
#632=EDGE_LOOP('',(#1482,#1483,#1484,#1485));
#633=EDGE_LOOP('',(#1486,#1487,#1488,#1489));
#634=EDGE_LOOP('',(#1490,#1491,#1492,#1493));
#635=EDGE_LOOP('',(#1494,#1495,#1496,#1497));
#636=EDGE_LOOP('',(#1498,#1499,#1500,#1501));
#637=EDGE_LOOP('',(#1502,#1503,#1504,#1505));
#638=EDGE_LOOP('',(#1506,#1507,#1508,#1509));
#639=EDGE_LOOP('',(#1510,#1511,#1512,#1513));
#640=EDGE_LOOP('',(#1514,#1515,#1516,#1517));
#641=EDGE_LOOP('',(#1518,#1519,#1520,#1521));
#642=EDGE_LOOP('',(#1522,#1523,#1524,#1525));
#643=EDGE_LOOP('',(#1526,#1527,#1528,#1529));
#644=EDGE_LOOP('',(#1530));
#645=EDGE_LOOP('',(#1531));
#646=CIRCLE('',#1686,1.7);
#647=CIRCLE('',#1688,1.7);
#648=CIRCLE('',#1690,1.7);
#649=CIRCLE('',#1692,1.7);
#650=CIRCLE('',#1719,3.00000000000004);
#651=CIRCLE('',#1720,2.99999999999997);
#652=CIRCLE('',#1721,3.5433);
#653=CIRCLE('',#1722,1.7);
#654=CIRCLE('',#1723,1.7);
#655=CIRCLE('',#1724,1.7);
#656=CIRCLE('',#1725,1.7);
#657=CIRCLE('',#1726,2.99999999999997);
#658=CIRCLE('',#1727,2.99999999999997);
#659=CIRCLE('',#1728,3.5433);
#660=CIRCLE('',#1730,3.5433);
#661=CIRCLE('',#1733,1.85);
#662=CIRCLE('',#1735,1.85);
#663=CIRCLE('',#1738,0.9);
#664=CIRCLE('',#1739,0.9);
#665=CIRCLE('',#1745,1.25);
#666=CIRCLE('',#1746,1.25000000000007);
#667=CIRCLE('',#1747,3.);
#668=CIRCLE('',#1748,3.);
#669=CIRCLE('',#1749,3.);
#670=CIRCLE('',#1750,3.);
#671=CIRCLE('',#1753,1.85);
#672=CIRCLE('',#1754,1.25);
#673=CIRCLE('',#1755,1.24999999999993);
#674=CIRCLE('',#1757,1.25);
#675=CIRCLE('',#1759,3.00000000000004);
#676=CIRCLE('',#1762,1.24999999999993);
#677=CIRCLE('',#1764,2.99999999999997);
#678=CIRCLE('',#1767,1.25);
#679=CIRCLE('',#1769,2.99999999999997);
#680=CIRCLE('',#1772,1.25000000000007);
#681=CIRCLE('',#1774,2.99999999999997);
#682=CIRCLE('',#1777,1.85);
#683=CIRCLE('',#1778,3.5433);
#684=CIRCLE('',#1780,3.);
#685=CIRCLE('',#1782,3.);
#686=CIRCLE('',#1784,3.);
#687=CIRCLE('',#1786,3.);
#688=CIRCLE('',#1789,0.9);
#689=CIRCLE('',#1791,0.9);
#690=VERTEX_POINT('',#2168);
#691=VERTEX_POINT('',#2171);
#692=VERTEX_POINT('',#2174);
#693=VERTEX_POINT('',#2177);
#694=VERTEX_POINT('',#2180);
#695=VERTEX_POINT('',#2181);
#696=VERTEX_POINT('',#2187);
#697=VERTEX_POINT('',#2189);
#698=VERTEX_POINT('',#2191);
#699=VERTEX_POINT('',#2193);
#700=VERTEX_POINT('',#2199);
#701=VERTEX_POINT('',#2205);
#702=VERTEX_POINT('',#2211);
#703=VERTEX_POINT('',#2223);
#704=VERTEX_POINT('',#2224);
#705=VERTEX_POINT('',#2226);
#706=VERTEX_POINT('',#2228);
#707=VERTEX_POINT('',#2230);
#708=VERTEX_POINT('',#2232);
#709=VERTEX_POINT('',#2234);
#710=VERTEX_POINT('',#2237);
#711=VERTEX_POINT('',#2238);
#712=VERTEX_POINT('',#2244);
#713=VERTEX_POINT('',#2246);
#714=VERTEX_POINT('',#2248);
#715=VERTEX_POINT('',#2250);
#716=VERTEX_POINT('',#2256);
#717=VERTEX_POINT('',#2262);
#718=VERTEX_POINT('',#2268);
#719=VERTEX_POINT('',#2274);
#720=VERTEX_POINT('',#2280);
#721=VERTEX_POINT('',#2286);
#722=VERTEX_POINT('',#2288);
#723=VERTEX_POINT('',#2290);
#724=VERTEX_POINT('',#2292);
#725=VERTEX_POINT('',#2298);
#726=VERTEX_POINT('',#2304);
#727=VERTEX_POINT('',#2310);
#728=VERTEX_POINT('',#2316);
#729=VERTEX_POINT('',#2322);
#730=VERTEX_POINT('',#2333);
#731=VERTEX_POINT('',#2334);
#732=VERTEX_POINT('',#2336);
#733=VERTEX_POINT('',#2338);
#734=VERTEX_POINT('',#2340);
#735=VERTEX_POINT('',#2342);
#736=VERTEX_POINT('',#2348);
#737=VERTEX_POINT('',#2354);
#738=VERTEX_POINT('',#2360);
#739=VERTEX_POINT('',#2366);
#740=VERTEX_POINT('',#2372);
#741=VERTEX_POINT('',#2378);
#742=VERTEX_POINT('',#2395);
#743=VERTEX_POINT('',#2397);
#744=VERTEX_POINT('',#2414);
#745=VERTEX_POINT('',#2431);
#746=VERTEX_POINT('',#2448);
#747=VERTEX_POINT('',#2465);
#748=VERTEX_POINT('',#2482);
#749=VERTEX_POINT('',#2490);
#750=VERTEX_POINT('',#2494);
#751=VERTEX_POINT('',#2500);
#752=VERTEX_POINT('',#2502);
#753=VERTEX_POINT('',#2506);
#754=VERTEX_POINT('',#2519);
#755=VERTEX_POINT('',#2536);
#756=VERTEX_POINT('',#2553);
#757=VERTEX_POINT('',#2570);
#758=VERTEX_POINT('',#2587);
#759=VERTEX_POINT('',#2604);
#760=VERTEX_POINT('',#2621);
#761=VERTEX_POINT('',#2629);
#762=VERTEX_POINT('',#2633);
#763=VERTEX_POINT('',#2649);
#764=VERTEX_POINT('',#2651);
#765=VERTEX_POINT('',#2668);
#766=VERTEX_POINT('',#2685);
#767=VERTEX_POINT('',#2702);
#768=VERTEX_POINT('',#2719);
#769=VERTEX_POINT('',#2736);
#770=VERTEX_POINT('',#2753);
#771=VERTEX_POINT('',#2770);
#772=VERTEX_POINT('',#2778);
#773=VERTEX_POINT('',#2782);
#774=VERTEX_POINT('',#2786);
#775=VERTEX_POINT('',#2799);
#776=VERTEX_POINT('',#2816);
#777=VERTEX_POINT('',#2833);
#778=VERTEX_POINT('',#2850);
#779=VERTEX_POINT('',#2867);
#780=VERTEX_POINT('',#2884);
#781=VERTEX_POINT('',#2892);
#782=VERTEX_POINT('',#2896);
#783=VERTEX_POINT('',#2903);
#784=VERTEX_POINT('',#2904);
#785=VERTEX_POINT('',#2909);
#786=VERTEX_POINT('',#2913);
#787=VERTEX_POINT('',#2917);
#788=VERTEX_POINT('',#2921);
#789=VERTEX_POINT('',#2925);
#790=VERTEX_POINT('',#2931);
#791=VERTEX_POINT('',#2932);
#792=VERTEX_POINT('',#2934);
#793=VERTEX_POINT('',#2936);
#794=VERTEX_POINT('',#2939);
#795=VERTEX_POINT('',#2941);
#796=VERTEX_POINT('',#2943);
#797=VERTEX_POINT('',#2945);
#798=VERTEX_POINT('',#2947);
#799=VERTEX_POINT('',#2949);
#800=VERTEX_POINT('',#2951);
#801=VERTEX_POINT('',#2953);
#802=VERTEX_POINT('',#2955);
#803=VERTEX_POINT('',#2957);
#804=VERTEX_POINT('',#2960);
#805=VERTEX_POINT('',#2964);
#806=VERTEX_POINT('',#2966);
#807=VERTEX_POINT('',#2970);
#808=VERTEX_POINT('',#2974);
#809=VERTEX_POINT('',#2978);
#810=VERTEX_POINT('',#2979);
#811=VERTEX_POINT('',#2985);
#812=VERTEX_POINT('',#2987);
#813=VERTEX_POINT('',#2990);
#814=VERTEX_POINT('',#2994);
#815=VERTEX_POINT('',#2999);
#816=VERTEX_POINT('',#3001);
#817=VERTEX_POINT('',#3003);
#818=VERTEX_POINT('',#3005);
#819=VERTEX_POINT('',#3007);
#820=VERTEX_POINT('',#3009);
#821=VERTEX_POINT('',#3011);
#822=VERTEX_POINT('',#3013);
#823=VERTEX_POINT('',#3015);
#824=VERTEX_POINT('',#3017);
#825=VERTEX_POINT('',#3019);
#826=VERTEX_POINT('',#3022);
#827=VERTEX_POINT('',#3026);
#828=VERTEX_POINT('',#3031);
#829=VERTEX_POINT('',#3035);
#830=VERTEX_POINT('',#3040);
#831=VERTEX_POINT('',#3044);
#832=VERTEX_POINT('',#3049);
#833=VERTEX_POINT('',#3053);
#834=VERTEX_POINT('',#3058);
#835=VERTEX_POINT('',#3060);
#836=VERTEX_POINT('',#3064);
#837=VERTEX_POINT('',#3067);
#838=VERTEX_POINT('',#3070);
#839=VERTEX_POINT('',#3073);
#840=VERTEX_POINT('',#3078);
#841=VERTEX_POINT('',#3082);
#842=EDGE_CURVE('',#690,#690,#646,.T.);
#843=EDGE_CURVE('',#691,#691,#647,.T.);
#844=EDGE_CURVE('',#692,#692,#648,.T.);
#845=EDGE_CURVE('',#693,#693,#649,.T.);
#846=EDGE_CURVE('',#694,#695,#364,.T.);
#847=EDGE_CURVE('',#695,#696,#108,.T.);
#848=EDGE_CURVE('',#696,#697,#109,.T.);
#849=EDGE_CURVE('',#697,#698,#110,.T.);
#850=EDGE_CURVE('',#698,#699,#365,.T.);
#851=EDGE_CURVE('',#699,#700,#366,.T.);
#852=EDGE_CURVE('',#700,#701,#367,.T.);
#853=EDGE_CURVE('',#701,#702,#368,.T.);
#854=EDGE_CURVE('',#702,#694,#369,.T.);
#855=EDGE_CURVE('',#703,#704,#111,.T.);
#856=EDGE_CURVE('',#704,#705,#112,.T.);
#857=EDGE_CURVE('',#705,#706,#113,.T.);
#858=EDGE_CURVE('',#706,#707,#114,.T.);
#859=EDGE_CURVE('',#707,#708,#115,.T.);
#860=EDGE_CURVE('',#708,#709,#116,.T.);
#861=EDGE_CURVE('',#709,#703,#117,.T.);
#862=EDGE_CURVE('',#710,#711,#370,.T.);
#863=EDGE_CURVE('',#711,#712,#118,.T.);
#864=EDGE_CURVE('',#712,#713,#119,.T.);
#865=EDGE_CURVE('',#713,#714,#120,.T.);
#866=EDGE_CURVE('',#714,#715,#371,.T.);
#867=EDGE_CURVE('',#715,#716,#372,.T.);
#868=EDGE_CURVE('',#716,#717,#373,.T.);
#869=EDGE_CURVE('',#717,#718,#374,.T.);
#870=EDGE_CURVE('',#718,#719,#375,.T.);
#871=EDGE_CURVE('',#719,#720,#376,.T.);
#872=EDGE_CURVE('',#720,#721,#121,.T.);
#873=EDGE_CURVE('',#721,#722,#122,.T.);
#874=EDGE_CURVE('',#722,#723,#123,.T.);
#875=EDGE_CURVE('',#723,#724,#377,.T.);
#876=EDGE_CURVE('',#724,#725,#378,.T.);
#877=EDGE_CURVE('',#725,#726,#379,.T.);
#878=EDGE_CURVE('',#726,#727,#380,.T.);
#879=EDGE_CURVE('',#727,#728,#381,.T.);
#880=EDGE_CURVE('',#728,#729,#382,.T.);
#881=EDGE_CURVE('',#729,#710,#383,.T.);
#882=EDGE_CURVE('',#730,#731,#124,.T.);
#883=EDGE_CURVE('',#731,#732,#125,.T.);
#884=EDGE_CURVE('',#732,#733,#126,.T.);
#885=EDGE_CURVE('',#733,#734,#127,.T.);
#886=EDGE_CURVE('',#734,#735,#384,.T.);
#887=EDGE_CURVE('',#735,#736,#385,.T.);
#888=EDGE_CURVE('',#736,#737,#386,.T.);
#889=EDGE_CURVE('',#737,#738,#387,.T.);
#890=EDGE_CURVE('',#738,#739,#388,.T.);
#891=EDGE_CURVE('',#739,#740,#389,.T.);
#892=EDGE_CURVE('',#740,#741,#390,.T.);
#893=EDGE_CURVE('',#741,#730,#128,.T.);
#894=EDGE_CURVE('',#694,#742,#129,.T.);
#895=EDGE_CURVE('',#742,#743,#391,.T.);
#896=EDGE_CURVE('',#743,#695,#130,.T.);
#897=EDGE_CURVE('',#702,#744,#131,.T.);
#898=EDGE_CURVE('',#744,#742,#392,.T.);
#899=EDGE_CURVE('',#701,#745,#132,.T.);
#900=EDGE_CURVE('',#745,#744,#393,.T.);
#901=EDGE_CURVE('',#700,#746,#133,.T.);
#902=EDGE_CURVE('',#746,#745,#394,.T.);
#903=EDGE_CURVE('',#699,#747,#134,.T.);
#904=EDGE_CURVE('',#747,#746,#395,.T.);
#905=EDGE_CURVE('',#698,#748,#135,.T.);
#906=EDGE_CURVE('',#748,#747,#396,.T.);
#907=EDGE_CURVE('',#697,#749,#136,.T.);
#908=EDGE_CURVE('',#749,#748,#137,.T.);
#909=EDGE_CURVE('',#696,#750,#138,.T.);
#910=EDGE_CURVE('',#750,#749,#139,.T.);
#911=EDGE_CURVE('',#743,#750,#140,.T.);
#912=EDGE_CURVE('',#730,#751,#141,.T.);
#913=EDGE_CURVE('',#751,#752,#142,.T.);
#914=EDGE_CURVE('',#752,#731,#143,.T.);
#915=EDGE_CURVE('',#741,#753,#144,.T.);
#916=EDGE_CURVE('',#753,#751,#145,.T.);
#917=EDGE_CURVE('',#740,#754,#146,.T.);
#918=EDGE_CURVE('',#754,#753,#397,.T.);
#919=EDGE_CURVE('',#739,#755,#147,.T.);
#920=EDGE_CURVE('',#755,#754,#398,.T.);
#921=EDGE_CURVE('',#738,#756,#148,.T.);
#922=EDGE_CURVE('',#756,#755,#399,.T.);
#923=EDGE_CURVE('',#737,#757,#149,.T.);
#924=EDGE_CURVE('',#757,#756,#400,.T.);
#925=EDGE_CURVE('',#736,#758,#150,.T.);
#926=EDGE_CURVE('',#758,#757,#401,.T.);
#927=EDGE_CURVE('',#735,#759,#151,.T.);
#928=EDGE_CURVE('',#759,#758,#402,.T.);
#929=EDGE_CURVE('',#734,#760,#152,.T.);
#930=EDGE_CURVE('',#760,#759,#403,.T.);
#931=EDGE_CURVE('',#733,#761,#153,.T.);
#932=EDGE_CURVE('',#761,#760,#154,.T.);
#933=EDGE_CURVE('',#732,#762,#155,.T.);
#934=EDGE_CURVE('',#762,#761,#156,.T.);
#935=EDGE_CURVE('',#752,#762,#157,.T.);
#936=EDGE_CURVE('',#710,#763,#158,.T.);
#937=EDGE_CURVE('',#763,#764,#404,.T.);
#938=EDGE_CURVE('',#764,#711,#159,.T.);
#939=EDGE_CURVE('',#729,#765,#160,.T.);
#940=EDGE_CURVE('',#765,#763,#405,.T.);
#941=EDGE_CURVE('',#728,#766,#161,.T.);
#942=EDGE_CURVE('',#766,#765,#406,.T.);
#943=EDGE_CURVE('',#727,#767,#162,.T.);
#944=EDGE_CURVE('',#767,#766,#407,.T.);
#945=EDGE_CURVE('',#726,#768,#163,.T.);
#946=EDGE_CURVE('',#768,#767,#408,.T.);
#947=EDGE_CURVE('',#725,#769,#164,.T.);
#948=EDGE_CURVE('',#769,#768,#409,.T.);
#949=EDGE_CURVE('',#724,#770,#165,.T.);
#950=EDGE_CURVE('',#770,#769,#410,.T.);
#951=EDGE_CURVE('',#723,#771,#166,.T.);
#952=EDGE_CURVE('',#771,#770,#411,.T.);
#953=EDGE_CURVE('',#722,#772,#167,.T.);
#954=EDGE_CURVE('',#772,#771,#168,.T.);
#955=EDGE_CURVE('',#721,#773,#169,.T.);
#956=EDGE_CURVE('',#773,#772,#170,.T.);
#957=EDGE_CURVE('',#720,#774,#171,.T.);
#958=EDGE_CURVE('',#774,#773,#172,.T.);
#959=EDGE_CURVE('',#719,#775,#173,.T.);
#960=EDGE_CURVE('',#775,#774,#412,.T.);
#961=EDGE_CURVE('',#718,#776,#174,.T.);
#962=EDGE_CURVE('',#776,#775,#413,.T.);
#963=EDGE_CURVE('',#717,#777,#175,.T.);
#964=EDGE_CURVE('',#777,#776,#414,.T.);
#965=EDGE_CURVE('',#716,#778,#176,.T.);
#966=EDGE_CURVE('',#778,#777,#415,.T.);
#967=EDGE_CURVE('',#715,#779,#177,.T.);
#968=EDGE_CURVE('',#779,#778,#416,.T.);
#969=EDGE_CURVE('',#714,#780,#178,.T.);
#970=EDGE_CURVE('',#780,#779,#417,.T.);
#971=EDGE_CURVE('',#713,#781,#179,.T.);
#972=EDGE_CURVE('',#781,#780,#180,.T.);
#973=EDGE_CURVE('',#712,#782,#181,.T.);
#974=EDGE_CURVE('',#782,#781,#182,.T.);
#975=EDGE_CURVE('',#764,#782,#183,.T.);
#976=EDGE_CURVE('',#783,#784,#184,.T.);
#977=EDGE_CURVE('',#783,#703,#185,.T.);
#978=EDGE_CURVE('',#784,#709,#186,.T.);
#979=EDGE_CURVE('',#784,#785,#187,.T.);
#980=EDGE_CURVE('',#785,#708,#188,.T.);
#981=EDGE_CURVE('',#785,#786,#189,.T.);
#982=EDGE_CURVE('',#786,#707,#190,.T.);
#983=EDGE_CURVE('',#786,#787,#191,.T.);
#984=EDGE_CURVE('',#787,#706,#192,.T.);
#985=EDGE_CURVE('',#787,#788,#193,.T.);
#986=EDGE_CURVE('',#788,#705,#194,.T.);
#987=EDGE_CURVE('',#788,#789,#195,.T.);
#988=EDGE_CURVE('',#789,#704,#196,.T.);
#989=EDGE_CURVE('',#789,#783,#197,.T.);
#990=EDGE_CURVE('',#790,#791,#198,.T.);
#991=EDGE_CURVE('',#792,#791,#199,.F.);
#992=EDGE_CURVE('',#792,#793,#200,.T.);
#993=EDGE_CURVE('',#793,#790,#201,.T.);
#994=EDGE_CURVE('',#794,#794,#650,.T.);
#995=EDGE_CURVE('',#795,#795,#651,.T.);
#996=EDGE_CURVE('',#796,#796,#652,.T.);
#997=EDGE_CURVE('',#797,#797,#653,.T.);
#998=EDGE_CURVE('',#798,#798,#654,.T.);
#999=EDGE_CURVE('',#799,#799,#655,.T.);
#1000=EDGE_CURVE('',#800,#800,#656,.T.);
#1001=EDGE_CURVE('',#801,#801,#657,.T.);
#1002=EDGE_CURVE('',#802,#802,#658,.T.);
#1003=EDGE_CURVE('',#803,#803,#659,.T.);
#1004=EDGE_CURVE('',#804,#804,#660,.T.);
#1005=EDGE_CURVE('',#804,#803,#202,.T.);
#1006=EDGE_CURVE('',#791,#805,#203,.T.);
#1007=EDGE_CURVE('',#806,#805,#204,.T.);
#1008=EDGE_CURVE('',#806,#792,#205,.T.);
#1009=EDGE_CURVE('',#807,#807,#661,.T.);
#1010=EDGE_CURVE('',#807,#804,#206,.T.);
#1011=EDGE_CURVE('',#807,#808,#207,.T.);
#1012=EDGE_CURVE('',#808,#808,#662,.F.);
#1013=EDGE_CURVE('',#809,#810,#208,.T.);
#1014=EDGE_CURVE('',#809,#790,#209,.T.);
#1015=EDGE_CURVE('',#793,#810,#210,.T.);
#1016=EDGE_CURVE('',#805,#809,#211,.F.);
#1017=EDGE_CURVE('',#811,#811,#663,.T.);
#1018=EDGE_CURVE('',#812,#812,#664,.T.);
#1019=EDGE_CURVE('',#812,#813,#212,.T.);
#1020=EDGE_CURVE('',#813,#813,#15,.F.);
#1021=EDGE_CURVE('',#811,#814,#213,.T.);
#1022=EDGE_CURVE('',#814,#814,#16,.F.);
#1023=EDGE_CURVE('',#810,#806,#214,.F.);
#1024=EDGE_CURVE('',#815,#815,#665,.T.);
#1025=EDGE_CURVE('',#816,#816,#666,.T.);
#1026=EDGE_CURVE('',#817,#817,#667,.F.);
#1027=EDGE_CURVE('',#818,#818,#668,.F.);
#1028=EDGE_CURVE('',#819,#819,#669,.F.);
#1029=EDGE_CURVE('',#820,#820,#670,.F.);
#1030=EDGE_CURVE('',#821,#821,#17,.F.);
#1031=EDGE_CURVE('',#822,#822,#18,.F.);
#1032=EDGE_CURVE('',#823,#823,#671,.F.);
#1033=EDGE_CURVE('',#824,#824,#672,.T.);
#1034=EDGE_CURVE('',#825,#825,#673,.T.);
#1035=EDGE_CURVE('',#826,#826,#674,.T.);
#1036=EDGE_CURVE('',#826,#815,#215,.T.);
#1037=EDGE_CURVE('',#827,#827,#675,.T.);
#1038=EDGE_CURVE('',#827,#794,#216,.T.);
#1039=EDGE_CURVE('',#828,#828,#676,.T.);
#1040=EDGE_CURVE('',#828,#825,#217,.T.);
#1041=EDGE_CURVE('',#829,#829,#677,.T.);
#1042=EDGE_CURVE('',#829,#802,#218,.T.);
#1043=EDGE_CURVE('',#830,#830,#678,.T.);
#1044=EDGE_CURVE('',#830,#824,#219,.T.);
#1045=EDGE_CURVE('',#831,#831,#679,.T.);
#1046=EDGE_CURVE('',#831,#795,#220,.T.);
#1047=EDGE_CURVE('',#832,#832,#680,.T.);
#1048=EDGE_CURVE('',#832,#816,#221,.T.);
#1049=EDGE_CURVE('',#833,#833,#681,.T.);
#1050=EDGE_CURVE('',#833,#801,#222,.T.);
#1051=EDGE_CURVE('',#834,#834,#682,.T.);
#1052=EDGE_CURVE('',#834,#835,#223,.T.);
#1053=EDGE_CURVE('',#835,#835,#683,.T.);
#1054=EDGE_CURVE('',#836,#836,#684,.T.);
#1055=EDGE_CURVE('',#837,#837,#685,.T.);
#1056=EDGE_CURVE('',#838,#838,#686,.T.);
#1057=EDGE_CURVE('',#839,#839,#687,.T.);
#1058=EDGE_CURVE('',#834,#823,#224,.T.);
#1059=EDGE_CURVE('',#840,#840,#688,.T.);
#1060=EDGE_CURVE('',#840,#822,#225,.T.);
#1061=EDGE_CURVE('',#841,#841,#689,.T.);
#1062=EDGE_CURVE('',#841,#821,#226,.T.);
#1063=EDGE_CURVE('',#820,#836,#227,.T.);
#1064=EDGE_CURVE('',#819,#837,#228,.T.);
#1065=EDGE_CURVE('',#818,#839,#229,.T.);
#1066=EDGE_CURVE('',#817,#838,#230,.T.);
#1067=EDGE_CURVE('',#835,#796,#231,.T.);
#1068=EDGE_CURVE('',#693,#797,#232,.T.);
#1069=EDGE_CURVE('',#692,#798,#233,.T.);
#1070=EDGE_CURVE('',#690,#799,#234,.T.);
#1071=EDGE_CURVE('',#691,#800,#235,.T.);
#1072=ORIENTED_EDGE('',*,*,#842,.F.);
#1073=ORIENTED_EDGE('',*,*,#843,.F.);
#1074=ORIENTED_EDGE('',*,*,#844,.F.);
#1075=ORIENTED_EDGE('',*,*,#845,.F.);
#1076=ORIENTED_EDGE('',*,*,#846,.T.);
#1077=ORIENTED_EDGE('',*,*,#847,.T.);
#1078=ORIENTED_EDGE('',*,*,#848,.T.);
#1079=ORIENTED_EDGE('',*,*,#849,.T.);
#1080=ORIENTED_EDGE('',*,*,#850,.T.);
#1081=ORIENTED_EDGE('',*,*,#851,.T.);
#1082=ORIENTED_EDGE('',*,*,#852,.T.);
#1083=ORIENTED_EDGE('',*,*,#853,.T.);
#1084=ORIENTED_EDGE('',*,*,#854,.T.);
#1085=ORIENTED_EDGE('',*,*,#855,.T.);
#1086=ORIENTED_EDGE('',*,*,#856,.T.);
#1087=ORIENTED_EDGE('',*,*,#857,.T.);
#1088=ORIENTED_EDGE('',*,*,#858,.T.);
#1089=ORIENTED_EDGE('',*,*,#859,.T.);
#1090=ORIENTED_EDGE('',*,*,#860,.T.);
#1091=ORIENTED_EDGE('',*,*,#861,.T.);
#1092=ORIENTED_EDGE('',*,*,#862,.T.);
#1093=ORIENTED_EDGE('',*,*,#863,.T.);
#1094=ORIENTED_EDGE('',*,*,#864,.T.);
#1095=ORIENTED_EDGE('',*,*,#865,.T.);
#1096=ORIENTED_EDGE('',*,*,#866,.T.);
#1097=ORIENTED_EDGE('',*,*,#867,.T.);
#1098=ORIENTED_EDGE('',*,*,#868,.T.);
#1099=ORIENTED_EDGE('',*,*,#869,.T.);
#1100=ORIENTED_EDGE('',*,*,#870,.T.);
#1101=ORIENTED_EDGE('',*,*,#871,.T.);
#1102=ORIENTED_EDGE('',*,*,#872,.T.);
#1103=ORIENTED_EDGE('',*,*,#873,.T.);
#1104=ORIENTED_EDGE('',*,*,#874,.T.);
#1105=ORIENTED_EDGE('',*,*,#875,.T.);
#1106=ORIENTED_EDGE('',*,*,#876,.T.);
#1107=ORIENTED_EDGE('',*,*,#877,.T.);
#1108=ORIENTED_EDGE('',*,*,#878,.T.);
#1109=ORIENTED_EDGE('',*,*,#879,.T.);
#1110=ORIENTED_EDGE('',*,*,#880,.T.);
#1111=ORIENTED_EDGE('',*,*,#881,.T.);
#1112=ORIENTED_EDGE('',*,*,#882,.T.);
#1113=ORIENTED_EDGE('',*,*,#883,.T.);
#1114=ORIENTED_EDGE('',*,*,#884,.T.);
#1115=ORIENTED_EDGE('',*,*,#885,.T.);
#1116=ORIENTED_EDGE('',*,*,#886,.T.);
#1117=ORIENTED_EDGE('',*,*,#887,.T.);
#1118=ORIENTED_EDGE('',*,*,#888,.T.);
#1119=ORIENTED_EDGE('',*,*,#889,.T.);
#1120=ORIENTED_EDGE('',*,*,#890,.T.);
#1121=ORIENTED_EDGE('',*,*,#891,.T.);
#1122=ORIENTED_EDGE('',*,*,#892,.T.);
#1123=ORIENTED_EDGE('',*,*,#893,.T.);
#1124=ORIENTED_EDGE('',*,*,#894,.T.);
#1125=ORIENTED_EDGE('',*,*,#895,.T.);
#1126=ORIENTED_EDGE('',*,*,#896,.T.);
#1127=ORIENTED_EDGE('',*,*,#846,.F.);
#1128=ORIENTED_EDGE('',*,*,#897,.T.);
#1129=ORIENTED_EDGE('',*,*,#898,.T.);
#1130=ORIENTED_EDGE('',*,*,#894,.F.);
#1131=ORIENTED_EDGE('',*,*,#854,.F.);
#1132=ORIENTED_EDGE('',*,*,#899,.T.);
#1133=ORIENTED_EDGE('',*,*,#900,.T.);
#1134=ORIENTED_EDGE('',*,*,#897,.F.);
#1135=ORIENTED_EDGE('',*,*,#853,.F.);
#1136=ORIENTED_EDGE('',*,*,#901,.T.);
#1137=ORIENTED_EDGE('',*,*,#902,.T.);
#1138=ORIENTED_EDGE('',*,*,#899,.F.);
#1139=ORIENTED_EDGE('',*,*,#852,.F.);
#1140=ORIENTED_EDGE('',*,*,#903,.T.);
#1141=ORIENTED_EDGE('',*,*,#904,.T.);
#1142=ORIENTED_EDGE('',*,*,#901,.F.);
#1143=ORIENTED_EDGE('',*,*,#851,.F.);
#1144=ORIENTED_EDGE('',*,*,#905,.T.);
#1145=ORIENTED_EDGE('',*,*,#906,.T.);
#1146=ORIENTED_EDGE('',*,*,#903,.F.);
#1147=ORIENTED_EDGE('',*,*,#850,.F.);
#1148=ORIENTED_EDGE('',*,*,#907,.T.);
#1149=ORIENTED_EDGE('',*,*,#908,.T.);
#1150=ORIENTED_EDGE('',*,*,#905,.F.);
#1151=ORIENTED_EDGE('',*,*,#849,.F.);
#1152=ORIENTED_EDGE('',*,*,#909,.T.);
#1153=ORIENTED_EDGE('',*,*,#910,.T.);
#1154=ORIENTED_EDGE('',*,*,#907,.F.);
#1155=ORIENTED_EDGE('',*,*,#848,.F.);
#1156=ORIENTED_EDGE('',*,*,#896,.F.);
#1157=ORIENTED_EDGE('',*,*,#911,.T.);
#1158=ORIENTED_EDGE('',*,*,#909,.F.);
#1159=ORIENTED_EDGE('',*,*,#847,.F.);
#1160=ORIENTED_EDGE('',*,*,#912,.T.);
#1161=ORIENTED_EDGE('',*,*,#913,.T.);
#1162=ORIENTED_EDGE('',*,*,#914,.T.);
#1163=ORIENTED_EDGE('',*,*,#882,.F.);
#1164=ORIENTED_EDGE('',*,*,#915,.T.);
#1165=ORIENTED_EDGE('',*,*,#916,.T.);
#1166=ORIENTED_EDGE('',*,*,#912,.F.);
#1167=ORIENTED_EDGE('',*,*,#893,.F.);
#1168=ORIENTED_EDGE('',*,*,#917,.T.);
#1169=ORIENTED_EDGE('',*,*,#918,.T.);
#1170=ORIENTED_EDGE('',*,*,#915,.F.);
#1171=ORIENTED_EDGE('',*,*,#892,.F.);
#1172=ORIENTED_EDGE('',*,*,#919,.T.);
#1173=ORIENTED_EDGE('',*,*,#920,.T.);
#1174=ORIENTED_EDGE('',*,*,#917,.F.);
#1175=ORIENTED_EDGE('',*,*,#891,.F.);
#1176=ORIENTED_EDGE('',*,*,#921,.T.);
#1177=ORIENTED_EDGE('',*,*,#922,.T.);
#1178=ORIENTED_EDGE('',*,*,#919,.F.);
#1179=ORIENTED_EDGE('',*,*,#890,.F.);
#1180=ORIENTED_EDGE('',*,*,#923,.T.);
#1181=ORIENTED_EDGE('',*,*,#924,.T.);
#1182=ORIENTED_EDGE('',*,*,#921,.F.);
#1183=ORIENTED_EDGE('',*,*,#889,.F.);
#1184=ORIENTED_EDGE('',*,*,#925,.T.);
#1185=ORIENTED_EDGE('',*,*,#926,.T.);
#1186=ORIENTED_EDGE('',*,*,#923,.F.);
#1187=ORIENTED_EDGE('',*,*,#888,.F.);
#1188=ORIENTED_EDGE('',*,*,#927,.T.);
#1189=ORIENTED_EDGE('',*,*,#928,.T.);
#1190=ORIENTED_EDGE('',*,*,#925,.F.);
#1191=ORIENTED_EDGE('',*,*,#887,.F.);
#1192=ORIENTED_EDGE('',*,*,#929,.T.);
#1193=ORIENTED_EDGE('',*,*,#930,.T.);
#1194=ORIENTED_EDGE('',*,*,#927,.F.);
#1195=ORIENTED_EDGE('',*,*,#886,.F.);
#1196=ORIENTED_EDGE('',*,*,#931,.T.);
#1197=ORIENTED_EDGE('',*,*,#932,.T.);
#1198=ORIENTED_EDGE('',*,*,#929,.F.);
#1199=ORIENTED_EDGE('',*,*,#885,.F.);
#1200=ORIENTED_EDGE('',*,*,#933,.T.);
#1201=ORIENTED_EDGE('',*,*,#934,.T.);
#1202=ORIENTED_EDGE('',*,*,#931,.F.);
#1203=ORIENTED_EDGE('',*,*,#884,.F.);
#1204=ORIENTED_EDGE('',*,*,#914,.F.);
#1205=ORIENTED_EDGE('',*,*,#935,.T.);
#1206=ORIENTED_EDGE('',*,*,#933,.F.);
#1207=ORIENTED_EDGE('',*,*,#883,.F.);
#1208=ORIENTED_EDGE('',*,*,#935,.F.);
#1209=ORIENTED_EDGE('',*,*,#913,.F.);
#1210=ORIENTED_EDGE('',*,*,#916,.F.);
#1211=ORIENTED_EDGE('',*,*,#918,.F.);
#1212=ORIENTED_EDGE('',*,*,#920,.F.);
#1213=ORIENTED_EDGE('',*,*,#922,.F.);
#1214=ORIENTED_EDGE('',*,*,#924,.F.);
#1215=ORIENTED_EDGE('',*,*,#926,.F.);
#1216=ORIENTED_EDGE('',*,*,#928,.F.);
#1217=ORIENTED_EDGE('',*,*,#930,.F.);
#1218=ORIENTED_EDGE('',*,*,#932,.F.);
#1219=ORIENTED_EDGE('',*,*,#934,.F.);
#1220=ORIENTED_EDGE('',*,*,#911,.F.);
#1221=ORIENTED_EDGE('',*,*,#895,.F.);
#1222=ORIENTED_EDGE('',*,*,#898,.F.);
#1223=ORIENTED_EDGE('',*,*,#900,.F.);
#1224=ORIENTED_EDGE('',*,*,#902,.F.);
#1225=ORIENTED_EDGE('',*,*,#904,.F.);
#1226=ORIENTED_EDGE('',*,*,#906,.F.);
#1227=ORIENTED_EDGE('',*,*,#908,.F.);
#1228=ORIENTED_EDGE('',*,*,#910,.F.);
#1229=ORIENTED_EDGE('',*,*,#936,.T.);
#1230=ORIENTED_EDGE('',*,*,#937,.T.);
#1231=ORIENTED_EDGE('',*,*,#938,.T.);
#1232=ORIENTED_EDGE('',*,*,#862,.F.);
#1233=ORIENTED_EDGE('',*,*,#939,.T.);
#1234=ORIENTED_EDGE('',*,*,#940,.T.);
#1235=ORIENTED_EDGE('',*,*,#936,.F.);
#1236=ORIENTED_EDGE('',*,*,#881,.F.);
#1237=ORIENTED_EDGE('',*,*,#941,.T.);
#1238=ORIENTED_EDGE('',*,*,#942,.T.);
#1239=ORIENTED_EDGE('',*,*,#939,.F.);
#1240=ORIENTED_EDGE('',*,*,#880,.F.);
#1241=ORIENTED_EDGE('',*,*,#943,.T.);
#1242=ORIENTED_EDGE('',*,*,#944,.T.);
#1243=ORIENTED_EDGE('',*,*,#941,.F.);
#1244=ORIENTED_EDGE('',*,*,#879,.F.);
#1245=ORIENTED_EDGE('',*,*,#945,.T.);
#1246=ORIENTED_EDGE('',*,*,#946,.T.);
#1247=ORIENTED_EDGE('',*,*,#943,.F.);
#1248=ORIENTED_EDGE('',*,*,#878,.F.);
#1249=ORIENTED_EDGE('',*,*,#947,.T.);
#1250=ORIENTED_EDGE('',*,*,#948,.T.);
#1251=ORIENTED_EDGE('',*,*,#945,.F.);
#1252=ORIENTED_EDGE('',*,*,#877,.F.);
#1253=ORIENTED_EDGE('',*,*,#949,.T.);
#1254=ORIENTED_EDGE('',*,*,#950,.T.);
#1255=ORIENTED_EDGE('',*,*,#947,.F.);
#1256=ORIENTED_EDGE('',*,*,#876,.F.);
#1257=ORIENTED_EDGE('',*,*,#951,.T.);
#1258=ORIENTED_EDGE('',*,*,#952,.T.);
#1259=ORIENTED_EDGE('',*,*,#949,.F.);
#1260=ORIENTED_EDGE('',*,*,#875,.F.);
#1261=ORIENTED_EDGE('',*,*,#953,.T.);
#1262=ORIENTED_EDGE('',*,*,#954,.T.);
#1263=ORIENTED_EDGE('',*,*,#951,.F.);
#1264=ORIENTED_EDGE('',*,*,#874,.F.);
#1265=ORIENTED_EDGE('',*,*,#955,.T.);
#1266=ORIENTED_EDGE('',*,*,#956,.T.);
#1267=ORIENTED_EDGE('',*,*,#953,.F.);
#1268=ORIENTED_EDGE('',*,*,#873,.F.);
#1269=ORIENTED_EDGE('',*,*,#957,.T.);
#1270=ORIENTED_EDGE('',*,*,#958,.T.);
#1271=ORIENTED_EDGE('',*,*,#955,.F.);
#1272=ORIENTED_EDGE('',*,*,#872,.F.);
#1273=ORIENTED_EDGE('',*,*,#959,.T.);
#1274=ORIENTED_EDGE('',*,*,#960,.T.);
#1275=ORIENTED_EDGE('',*,*,#957,.F.);
#1276=ORIENTED_EDGE('',*,*,#871,.F.);
#1277=ORIENTED_EDGE('',*,*,#961,.T.);
#1278=ORIENTED_EDGE('',*,*,#962,.T.);
#1279=ORIENTED_EDGE('',*,*,#959,.F.);
#1280=ORIENTED_EDGE('',*,*,#870,.F.);
#1281=ORIENTED_EDGE('',*,*,#963,.T.);
#1282=ORIENTED_EDGE('',*,*,#964,.T.);
#1283=ORIENTED_EDGE('',*,*,#961,.F.);
#1284=ORIENTED_EDGE('',*,*,#869,.F.);
#1285=ORIENTED_EDGE('',*,*,#965,.T.);
#1286=ORIENTED_EDGE('',*,*,#966,.T.);
#1287=ORIENTED_EDGE('',*,*,#963,.F.);
#1288=ORIENTED_EDGE('',*,*,#868,.F.);
#1289=ORIENTED_EDGE('',*,*,#967,.T.);
#1290=ORIENTED_EDGE('',*,*,#968,.T.);
#1291=ORIENTED_EDGE('',*,*,#965,.F.);
#1292=ORIENTED_EDGE('',*,*,#867,.F.);
#1293=ORIENTED_EDGE('',*,*,#969,.T.);
#1294=ORIENTED_EDGE('',*,*,#970,.T.);
#1295=ORIENTED_EDGE('',*,*,#967,.F.);
#1296=ORIENTED_EDGE('',*,*,#866,.F.);
#1297=ORIENTED_EDGE('',*,*,#971,.T.);
#1298=ORIENTED_EDGE('',*,*,#972,.T.);
#1299=ORIENTED_EDGE('',*,*,#969,.F.);
#1300=ORIENTED_EDGE('',*,*,#865,.F.);
#1301=ORIENTED_EDGE('',*,*,#973,.T.);
#1302=ORIENTED_EDGE('',*,*,#974,.T.);
#1303=ORIENTED_EDGE('',*,*,#971,.F.);
#1304=ORIENTED_EDGE('',*,*,#864,.F.);
#1305=ORIENTED_EDGE('',*,*,#938,.F.);
#1306=ORIENTED_EDGE('',*,*,#975,.T.);
#1307=ORIENTED_EDGE('',*,*,#973,.F.);
#1308=ORIENTED_EDGE('',*,*,#863,.F.);
#1309=ORIENTED_EDGE('',*,*,#975,.F.);
#1310=ORIENTED_EDGE('',*,*,#937,.F.);
#1311=ORIENTED_EDGE('',*,*,#940,.F.);
#1312=ORIENTED_EDGE('',*,*,#942,.F.);
#1313=ORIENTED_EDGE('',*,*,#944,.F.);
#1314=ORIENTED_EDGE('',*,*,#946,.F.);
#1315=ORIENTED_EDGE('',*,*,#948,.F.);
#1316=ORIENTED_EDGE('',*,*,#950,.F.);
#1317=ORIENTED_EDGE('',*,*,#952,.F.);
#1318=ORIENTED_EDGE('',*,*,#954,.F.);
#1319=ORIENTED_EDGE('',*,*,#956,.F.);
#1320=ORIENTED_EDGE('',*,*,#958,.F.);
#1321=ORIENTED_EDGE('',*,*,#960,.F.);
#1322=ORIENTED_EDGE('',*,*,#962,.F.);
#1323=ORIENTED_EDGE('',*,*,#964,.F.);
#1324=ORIENTED_EDGE('',*,*,#966,.F.);
#1325=ORIENTED_EDGE('',*,*,#968,.F.);
#1326=ORIENTED_EDGE('',*,*,#970,.F.);
#1327=ORIENTED_EDGE('',*,*,#972,.F.);
#1328=ORIENTED_EDGE('',*,*,#974,.F.);
#1329=ORIENTED_EDGE('',*,*,#976,.F.);
#1330=ORIENTED_EDGE('',*,*,#977,.T.);
#1331=ORIENTED_EDGE('',*,*,#861,.F.);
#1332=ORIENTED_EDGE('',*,*,#978,.F.);
#1333=ORIENTED_EDGE('',*,*,#979,.F.);
#1334=ORIENTED_EDGE('',*,*,#978,.T.);
#1335=ORIENTED_EDGE('',*,*,#860,.F.);
#1336=ORIENTED_EDGE('',*,*,#980,.F.);
#1337=ORIENTED_EDGE('',*,*,#981,.F.);
#1338=ORIENTED_EDGE('',*,*,#980,.T.);
#1339=ORIENTED_EDGE('',*,*,#859,.F.);
#1340=ORIENTED_EDGE('',*,*,#982,.F.);
#1341=ORIENTED_EDGE('',*,*,#983,.F.);
#1342=ORIENTED_EDGE('',*,*,#982,.T.);
#1343=ORIENTED_EDGE('',*,*,#858,.F.);
#1344=ORIENTED_EDGE('',*,*,#984,.F.);
#1345=ORIENTED_EDGE('',*,*,#985,.F.);
#1346=ORIENTED_EDGE('',*,*,#984,.T.);
#1347=ORIENTED_EDGE('',*,*,#857,.F.);
#1348=ORIENTED_EDGE('',*,*,#986,.F.);
#1349=ORIENTED_EDGE('',*,*,#987,.F.);
#1350=ORIENTED_EDGE('',*,*,#986,.T.);
#1351=ORIENTED_EDGE('',*,*,#856,.F.);
#1352=ORIENTED_EDGE('',*,*,#988,.F.);
#1353=ORIENTED_EDGE('',*,*,#989,.F.);
#1354=ORIENTED_EDGE('',*,*,#988,.T.);
#1355=ORIENTED_EDGE('',*,*,#855,.F.);
#1356=ORIENTED_EDGE('',*,*,#977,.F.);
#1357=ORIENTED_EDGE('',*,*,#990,.T.);
#1358=ORIENTED_EDGE('',*,*,#991,.F.);
#1359=ORIENTED_EDGE('',*,*,#992,.T.);
#1360=ORIENTED_EDGE('',*,*,#993,.T.);
#1361=ORIENTED_EDGE('',*,*,#976,.T.);
#1362=ORIENTED_EDGE('',*,*,#979,.T.);
#1363=ORIENTED_EDGE('',*,*,#981,.T.);
#1364=ORIENTED_EDGE('',*,*,#983,.T.);
#1365=ORIENTED_EDGE('',*,*,#985,.T.);
#1366=ORIENTED_EDGE('',*,*,#987,.T.);
#1367=ORIENTED_EDGE('',*,*,#989,.T.);
#1368=ORIENTED_EDGE('',*,*,#994,.T.);
#1369=ORIENTED_EDGE('',*,*,#995,.T.);
#1370=ORIENTED_EDGE('',*,*,#996,.T.);
#1371=ORIENTED_EDGE('',*,*,#997,.T.);
#1372=ORIENTED_EDGE('',*,*,#998,.T.);
#1373=ORIENTED_EDGE('',*,*,#999,.F.);
#1374=ORIENTED_EDGE('',*,*,#1000,.F.);
#1375=ORIENTED_EDGE('',*,*,#1001,.T.);
#1376=ORIENTED_EDGE('',*,*,#1002,.T.);
#1377=ORIENTED_EDGE('',*,*,#1003,.T.);
#1378=ORIENTED_EDGE('',*,*,#1004,.F.);
#1379=ORIENTED_EDGE('',*,*,#1005,.T.);
#1380=ORIENTED_EDGE('',*,*,#1003,.F.);
#1381=ORIENTED_EDGE('',*,*,#1005,.F.);
#1382=ORIENTED_EDGE('',*,*,#991,.T.);
#1383=ORIENTED_EDGE('',*,*,#1006,.T.);
#1384=ORIENTED_EDGE('',*,*,#1007,.F.);
#1385=ORIENTED_EDGE('',*,*,#1008,.T.);
#1386=ORIENTED_EDGE('',*,*,#1009,.F.);
#1387=ORIENTED_EDGE('',*,*,#1010,.T.);
#1388=ORIENTED_EDGE('',*,*,#1004,.T.);
#1389=ORIENTED_EDGE('',*,*,#1010,.F.);
#1390=ORIENTED_EDGE('',*,*,#1009,.T.);
#1391=ORIENTED_EDGE('',*,*,#1011,.T.);
#1392=ORIENTED_EDGE('',*,*,#1012,.F.);
#1393=ORIENTED_EDGE('',*,*,#1011,.F.);
#1394=ORIENTED_EDGE('',*,*,#1013,.F.);
#1395=ORIENTED_EDGE('',*,*,#1014,.T.);
#1396=ORIENTED_EDGE('',*,*,#993,.F.);
#1397=ORIENTED_EDGE('',*,*,#1015,.T.);
#1398=ORIENTED_EDGE('',*,*,#1006,.F.);
#1399=ORIENTED_EDGE('',*,*,#990,.F.);
#1400=ORIENTED_EDGE('',*,*,#1014,.F.);
#1401=ORIENTED_EDGE('',*,*,#1016,.F.);
#1402=ORIENTED_EDGE('',*,*,#1017,.T.);
#1403=ORIENTED_EDGE('',*,*,#1018,.T.);
#1404=ORIENTED_EDGE('',*,*,#1018,.F.);
#1405=ORIENTED_EDGE('',*,*,#1019,.T.);
#1406=ORIENTED_EDGE('',*,*,#1020,.F.);
#1407=ORIENTED_EDGE('',*,*,#1019,.F.);
#1408=ORIENTED_EDGE('',*,*,#1017,.F.);
#1409=ORIENTED_EDGE('',*,*,#1021,.T.);
#1410=ORIENTED_EDGE('',*,*,#1022,.F.);
#1411=ORIENTED_EDGE('',*,*,#1021,.F.);
#1412=ORIENTED_EDGE('',*,*,#1007,.T.);
#1413=ORIENTED_EDGE('',*,*,#1016,.T.);
#1414=ORIENTED_EDGE('',*,*,#1013,.T.);
#1415=ORIENTED_EDGE('',*,*,#1023,.T.);
#1416=ORIENTED_EDGE('',*,*,#1024,.F.);
#1417=ORIENTED_EDGE('',*,*,#1025,.F.);
#1418=ORIENTED_EDGE('',*,*,#1026,.T.);
#1419=ORIENTED_EDGE('',*,*,#1027,.T.);
#1420=ORIENTED_EDGE('',*,*,#1028,.T.);
#1421=ORIENTED_EDGE('',*,*,#1029,.T.);
#1422=ORIENTED_EDGE('',*,*,#1030,.T.);
#1423=ORIENTED_EDGE('',*,*,#1031,.T.);
#1424=ORIENTED_EDGE('',*,*,#1032,.T.);
#1425=ORIENTED_EDGE('',*,*,#1033,.F.);
#1426=ORIENTED_EDGE('',*,*,#1034,.F.);
#1427=ORIENTED_EDGE('',*,*,#1020,.T.);
#1428=ORIENTED_EDGE('',*,*,#1022,.T.);
#1429=ORIENTED_EDGE('',*,*,#1012,.T.);
#1430=ORIENTED_EDGE('',*,*,#1035,.F.);
#1431=ORIENTED_EDGE('',*,*,#1036,.T.);
#1432=ORIENTED_EDGE('',*,*,#1024,.T.);
#1433=ORIENTED_EDGE('',*,*,#1036,.F.);
#1434=ORIENTED_EDGE('',*,*,#1037,.F.);
#1435=ORIENTED_EDGE('',*,*,#1038,.T.);
#1436=ORIENTED_EDGE('',*,*,#994,.F.);
#1437=ORIENTED_EDGE('',*,*,#1038,.F.);
#1438=ORIENTED_EDGE('',*,*,#1037,.T.);
#1439=ORIENTED_EDGE('',*,*,#1035,.T.);
#1440=ORIENTED_EDGE('',*,*,#1039,.F.);
#1441=ORIENTED_EDGE('',*,*,#1040,.T.);
#1442=ORIENTED_EDGE('',*,*,#1034,.T.);
#1443=ORIENTED_EDGE('',*,*,#1040,.F.);
#1444=ORIENTED_EDGE('',*,*,#1041,.F.);
#1445=ORIENTED_EDGE('',*,*,#1042,.T.);
#1446=ORIENTED_EDGE('',*,*,#1002,.F.);
#1447=ORIENTED_EDGE('',*,*,#1042,.F.);
#1448=ORIENTED_EDGE('',*,*,#1041,.T.);
#1449=ORIENTED_EDGE('',*,*,#1039,.T.);
#1450=ORIENTED_EDGE('',*,*,#1043,.F.);
#1451=ORIENTED_EDGE('',*,*,#1044,.T.);
#1452=ORIENTED_EDGE('',*,*,#1033,.T.);
#1453=ORIENTED_EDGE('',*,*,#1044,.F.);
#1454=ORIENTED_EDGE('',*,*,#1045,.F.);
#1455=ORIENTED_EDGE('',*,*,#1046,.T.);
#1456=ORIENTED_EDGE('',*,*,#995,.F.);
#1457=ORIENTED_EDGE('',*,*,#1046,.F.);
#1458=ORIENTED_EDGE('',*,*,#1045,.T.);
#1459=ORIENTED_EDGE('',*,*,#1043,.T.);
#1460=ORIENTED_EDGE('',*,*,#1047,.F.);
#1461=ORIENTED_EDGE('',*,*,#1048,.T.);
#1462=ORIENTED_EDGE('',*,*,#1025,.T.);
#1463=ORIENTED_EDGE('',*,*,#1048,.F.);
#1464=ORIENTED_EDGE('',*,*,#1049,.F.);
#1465=ORIENTED_EDGE('',*,*,#1050,.T.);
#1466=ORIENTED_EDGE('',*,*,#1001,.F.);
#1467=ORIENTED_EDGE('',*,*,#1050,.F.);
#1468=ORIENTED_EDGE('',*,*,#1049,.T.);
#1469=ORIENTED_EDGE('',*,*,#1047,.T.);
#1470=ORIENTED_EDGE('',*,*,#1051,.F.);
#1471=ORIENTED_EDGE('',*,*,#1052,.T.);
#1472=ORIENTED_EDGE('',*,*,#1053,.T.);
#1473=ORIENTED_EDGE('',*,*,#1052,.F.);
#1474=ORIENTED_EDGE('',*,*,#1054,.F.);
#1475=ORIENTED_EDGE('',*,*,#1055,.F.);
#1476=ORIENTED_EDGE('',*,*,#1056,.F.);
#1477=ORIENTED_EDGE('',*,*,#1057,.F.);
#1478=ORIENTED_EDGE('',*,*,#1051,.T.);
#1479=ORIENTED_EDGE('',*,*,#1058,.T.);
#1480=ORIENTED_EDGE('',*,*,#1032,.F.);
#1481=ORIENTED_EDGE('',*,*,#1058,.F.);
#1482=ORIENTED_EDGE('',*,*,#1059,.F.);
#1483=ORIENTED_EDGE('',*,*,#1060,.T.);
#1484=ORIENTED_EDGE('',*,*,#1031,.F.);
#1485=ORIENTED_EDGE('',*,*,#1060,.F.);
#1486=ORIENTED_EDGE('',*,*,#1061,.F.);
#1487=ORIENTED_EDGE('',*,*,#1062,.T.);
#1488=ORIENTED_EDGE('',*,*,#1030,.F.);
#1489=ORIENTED_EDGE('',*,*,#1062,.F.);
#1490=ORIENTED_EDGE('',*,*,#1029,.F.);
#1491=ORIENTED_EDGE('',*,*,#1063,.T.);
#1492=ORIENTED_EDGE('',*,*,#1054,.T.);
#1493=ORIENTED_EDGE('',*,*,#1063,.F.);
#1494=ORIENTED_EDGE('',*,*,#1028,.F.);
#1495=ORIENTED_EDGE('',*,*,#1064,.T.);
#1496=ORIENTED_EDGE('',*,*,#1055,.T.);
#1497=ORIENTED_EDGE('',*,*,#1064,.F.);
#1498=ORIENTED_EDGE('',*,*,#1027,.F.);
#1499=ORIENTED_EDGE('',*,*,#1065,.T.);
#1500=ORIENTED_EDGE('',*,*,#1057,.T.);
#1501=ORIENTED_EDGE('',*,*,#1065,.F.);
#1502=ORIENTED_EDGE('',*,*,#1026,.F.);
#1503=ORIENTED_EDGE('',*,*,#1066,.T.);
#1504=ORIENTED_EDGE('',*,*,#1056,.T.);
#1505=ORIENTED_EDGE('',*,*,#1066,.F.);
#1506=ORIENTED_EDGE('',*,*,#1053,.F.);
#1507=ORIENTED_EDGE('',*,*,#1067,.T.);
#1508=ORIENTED_EDGE('',*,*,#996,.F.);
#1509=ORIENTED_EDGE('',*,*,#1067,.F.);
#1510=ORIENTED_EDGE('',*,*,#845,.T.);
#1511=ORIENTED_EDGE('',*,*,#1068,.T.);
#1512=ORIENTED_EDGE('',*,*,#997,.F.);
#1513=ORIENTED_EDGE('',*,*,#1068,.F.);
#1514=ORIENTED_EDGE('',*,*,#844,.T.);
#1515=ORIENTED_EDGE('',*,*,#1069,.T.);
#1516=ORIENTED_EDGE('',*,*,#998,.F.);
#1517=ORIENTED_EDGE('',*,*,#1069,.F.);
#1518=ORIENTED_EDGE('',*,*,#842,.T.);
#1519=ORIENTED_EDGE('',*,*,#1070,.T.);
#1520=ORIENTED_EDGE('',*,*,#999,.T.);
#1521=ORIENTED_EDGE('',*,*,#1070,.F.);
#1522=ORIENTED_EDGE('',*,*,#843,.T.);
#1523=ORIENTED_EDGE('',*,*,#1071,.T.);
#1524=ORIENTED_EDGE('',*,*,#1000,.T.);
#1525=ORIENTED_EDGE('',*,*,#1071,.F.);
#1526=ORIENTED_EDGE('',*,*,#1015,.F.);
#1527=ORIENTED_EDGE('',*,*,#992,.F.);
#1528=ORIENTED_EDGE('',*,*,#1008,.F.);
#1529=ORIENTED_EDGE('',*,*,#1023,.F.);
#1530=ORIENTED_EDGE('',*,*,#1059,.T.);
#1531=ORIENTED_EDGE('',*,*,#1061,.T.);
#1532=PLANE('',#1685);
#1533=PLANE('',#1687);
#1534=PLANE('',#1689);
#1535=PLANE('',#1691);
#1536=PLANE('',#1693);
#1537=PLANE('',#1694);
#1538=PLANE('',#1695);
#1539=PLANE('',#1696);
#1540=PLANE('',#1697);
#1541=PLANE('',#1698);
#1542=PLANE('',#1699);
#1543=PLANE('',#1700);
#1544=PLANE('',#1701);
#1545=PLANE('',#1702);
#1546=PLANE('',#1703);
#1547=PLANE('',#1704);
#1548=PLANE('',#1705);
#1549=PLANE('',#1706);
#1550=PLANE('',#1707);
#1551=PLANE('',#1708);
#1552=PLANE('',#1709);
#1553=PLANE('',#1710);
#1554=PLANE('',#1711);
#1555=PLANE('',#1712);
#1556=PLANE('',#1713);
#1557=PLANE('',#1714);
#1558=PLANE('',#1715);
#1559=PLANE('',#1716);
#1560=PLANE('',#1717);
#1561=PLANE('',#1718);
#1562=PLANE('',#1731);
#1563=PLANE('',#1736);
#1564=PLANE('',#1737);
#1565=PLANE('',#1744);
#1566=PLANE('',#1760);
#1567=PLANE('',#1765);
#1568=PLANE('',#1770);
#1569=PLANE('',#1775);
#1570=PLANE('',#1779);
#1571=PLANE('',#1781);
#1572=PLANE('',#1783);
#1573=PLANE('',#1785);
#1574=PLANE('',#1801);
#1575=ADVANCED_FACE('',(#418),#1532,.F.);
#1576=ADVANCED_FACE('',(#419),#1533,.F.);
#1577=ADVANCED_FACE('',(#420),#1534,.F.);
#1578=ADVANCED_FACE('',(#421),#1535,.F.);
#1579=ADVANCED_FACE('',(#422),#1536,.T.);
#1580=ADVANCED_FACE('',(#423,#72,#73),#1537,.T.);
#1581=ADVANCED_FACE('',(#424),#45,.F.);
#1582=ADVANCED_FACE('',(#425),#46,.F.);
#1583=ADVANCED_FACE('',(#426),#47,.F.);
#1584=ADVANCED_FACE('',(#427),#48,.F.);
#1585=ADVANCED_FACE('',(#428),#49,.F.);
#1586=ADVANCED_FACE('',(#429),#50,.F.);
#1587=ADVANCED_FACE('',(#430),#1538,.F.);
#1588=ADVANCED_FACE('',(#431),#1539,.F.);
#1589=ADVANCED_FACE('',(#432),#1540,.F.);
#1590=ADVANCED_FACE('',(#433),#1541,.F.);
#1591=ADVANCED_FACE('',(#434),#1542,.F.);
#1592=ADVANCED_FACE('',(#435),#51,.F.);
#1593=ADVANCED_FACE('',(#436),#52,.F.);
#1594=ADVANCED_FACE('',(#437),#53,.F.);
#1595=ADVANCED_FACE('',(#438),#54,.F.);
#1596=ADVANCED_FACE('',(#439),#55,.F.);
#1597=ADVANCED_FACE('',(#440),#56,.F.);
#1598=ADVANCED_FACE('',(#441),#57,.F.);
#1599=ADVANCED_FACE('',(#442),#1543,.F.);
#1600=ADVANCED_FACE('',(#443),#1544,.F.);
#1601=ADVANCED_FACE('',(#444),#1545,.F.);
#1602=ADVANCED_FACE('',(#445,#74),#1546,.T.);
#1603=ADVANCED_FACE('',(#446),#58,.F.);
#1604=ADVANCED_FACE('',(#447),#59,.F.);
#1605=ADVANCED_FACE('',(#448),#60,.F.);
#1606=ADVANCED_FACE('',(#449),#61,.F.);
#1607=ADVANCED_FACE('',(#450),#62,.F.);
#1608=ADVANCED_FACE('',(#451),#63,.F.);
#1609=ADVANCED_FACE('',(#452),#64,.F.);
#1610=ADVANCED_FACE('',(#453),#65,.F.);
#1611=ADVANCED_FACE('',(#454),#1547,.F.);
#1612=ADVANCED_FACE('',(#455),#1548,.F.);
#1613=ADVANCED_FACE('',(#456),#1549,.F.);
#1614=ADVANCED_FACE('',(#457),#66,.F.);
#1615=ADVANCED_FACE('',(#458),#67,.F.);
#1616=ADVANCED_FACE('',(#459),#68,.F.);
#1617=ADVANCED_FACE('',(#460),#69,.F.);
#1618=ADVANCED_FACE('',(#461),#70,.F.);
#1619=ADVANCED_FACE('',(#462),#71,.F.);
#1620=ADVANCED_FACE('',(#463),#1550,.F.);
#1621=ADVANCED_FACE('',(#464),#1551,.F.);
#1622=ADVANCED_FACE('',(#465),#1552,.F.);
#1623=ADVANCED_FACE('',(#466),#1553,.T.);
#1624=ADVANCED_FACE('',(#467),#1554,.T.);
#1625=ADVANCED_FACE('',(#468),#1555,.T.);
#1626=ADVANCED_FACE('',(#469),#1556,.T.);
#1627=ADVANCED_FACE('',(#470),#1557,.T.);
#1628=ADVANCED_FACE('',(#471),#1558,.T.);
#1629=ADVANCED_FACE('',(#472),#1559,.T.);
#1630=ADVANCED_FACE('',(#473),#1560,.T.);
#1631=ADVANCED_FACE('',(#474,#75,#76,#77,#78,#79,#80,#81,#82,#83,#84,#85),
#1561,.T.);
#1632=ADVANCED_FACE('',(#475),#21,.F.);
#1633=ADVANCED_FACE('',(#476),#1562,.T.);
#1634=ADVANCED_FACE('',(#477),#19,.F.);
#1635=ADVANCED_FACE('',(#478),#22,.F.);
#1636=ADVANCED_FACE('',(#479),#1563,.F.);
#1637=ADVANCED_FACE('',(#480,#86,#87),#1564,.F.);
#1638=ADVANCED_FACE('',(#481),#23,.F.);
#1639=ADVANCED_FACE('',(#482),#24,.F.);
#1640=ADVANCED_FACE('',(#483,#88,#89,#90,#91,#92,#93,#94,#95,#96,#97,#98,
#99,#100,#101),#1565,.T.);
#1641=ADVANCED_FACE('',(#484),#25,.F.);
#1642=ADVANCED_FACE('',(#485),#26,.T.);
#1643=ADVANCED_FACE('',(#486,#102),#1566,.T.);
#1644=ADVANCED_FACE('',(#487),#27,.F.);
#1645=ADVANCED_FACE('',(#488),#28,.T.);
#1646=ADVANCED_FACE('',(#489,#103),#1567,.T.);
#1647=ADVANCED_FACE('',(#490),#29,.F.);
#1648=ADVANCED_FACE('',(#491),#30,.T.);
#1649=ADVANCED_FACE('',(#492,#104),#1568,.T.);
#1650=ADVANCED_FACE('',(#493),#31,.F.);
#1651=ADVANCED_FACE('',(#494),#32,.T.);
#1652=ADVANCED_FACE('',(#495,#105),#1569,.T.);
#1653=ADVANCED_FACE('',(#496),#20,.F.);
#1654=ADVANCED_FACE('',(#497),#1570,.F.);
#1655=ADVANCED_FACE('',(#498),#1571,.F.);
#1656=ADVANCED_FACE('',(#499),#1572,.F.);
#1657=ADVANCED_FACE('',(#500),#1573,.F.);
#1658=ADVANCED_FACE('',(#501),#33,.F.);
#1659=ADVANCED_FACE('',(#502),#34,.F.);
#1660=ADVANCED_FACE('',(#503),#35,.F.);
#1661=ADVANCED_FACE('',(#504),#36,.F.);
#1662=ADVANCED_FACE('',(#505),#37,.F.);
#1663=ADVANCED_FACE('',(#506),#38,.F.);
#1664=ADVANCED_FACE('',(#507),#39,.F.);
#1665=ADVANCED_FACE('',(#508),#40,.F.);
#1666=ADVANCED_FACE('',(#509),#41,.F.);
#1667=ADVANCED_FACE('',(#510),#42,.F.);
#1668=ADVANCED_FACE('',(#511),#43,.F.);
#1669=ADVANCED_FACE('',(#512),#44,.F.);
#1670=ADVANCED_FACE('',(#513,#106,#107),#1574,.F.);
#1671=CLOSED_SHELL('',(#1575,#1576,#1577,#1578,#1579,#1580,#1581,#1582,
#1583,#1584,#1585,#1586,#1587,#1588,#1589,#1590,#1591,#1592,#1593,#1594,
#1595,#1596,#1597,#1598,#1599,#1600,#1601,#1602,#1603,#1604,#1605,#1606,
#1607,#1608,#1609,#1610,#1611,#1612,#1613,#1614,#1615,#1616,#1617,#1618,
#1619,#1620,#1621,#1622,#1623,#1624,#1625,#1626,#1627,#1628,#1629,#1630,
#1631,#1632,#1633,#1634,#1635,#1636,#1637,#1638,#1639,#1640,#1641,#1642,
#1643,#1644,#1645,#1646,#1647,#1648,#1649,#1650,#1651,#1652,#1653,#1654,
#1655,#1656,#1657,#1658,#1659,#1660,#1661,#1662,#1663,#1664,#1665,#1666,
#1667,#1668,#1669,#1670));
#1672=DERIVED_UNIT_ELEMENT(#1674,1.);
#1673=DERIVED_UNIT_ELEMENT(#3109,-3.);
#1674=(
MASS_UNIT()
NAMED_UNIT(*)
SI_UNIT(.KILO.,.GRAM.)
);
#1675=DERIVED_UNIT((#1672,#1673));
#1676=MEASURE_REPRESENTATION_ITEM('density measure',
POSITIVE_RATIO_MEASURE(7850.),#1675);
#1677=PROPERTY_DEFINITION_REPRESENTATION(#1682,#1679);
#1678=PROPERTY_DEFINITION_REPRESENTATION(#1683,#1680);
#1679=REPRESENTATION('material name',(#1681),#3106);
#1680=REPRESENTATION('density',(#1676),#3106);
#1681=DESCRIPTIVE_REPRESENTATION_ITEM('Steel','Steel');
#1682=PROPERTY_DEFINITION('material property','material name',#3116);
#1683=PROPERTY_DEFINITION('material property','density of part',#3116);
#1684=AXIS2_PLACEMENT_3D('',#2166,#1802,#1803);
#1685=AXIS2_PLACEMENT_3D('',#2167,#1804,#1805);
#1686=AXIS2_PLACEMENT_3D('',#2169,#1806,#1807);
#1687=AXIS2_PLACEMENT_3D('',#2170,#1808,#1809);
#1688=AXIS2_PLACEMENT_3D('',#2172,#1810,#1811);
#1689=AXIS2_PLACEMENT_3D('',#2173,#1812,#1813);
#1690=AXIS2_PLACEMENT_3D('',#2175,#1814,#1815);
#1691=AXIS2_PLACEMENT_3D('',#2176,#1816,#1817);
#1692=AXIS2_PLACEMENT_3D('',#2178,#1818,#1819);
#1693=AXIS2_PLACEMENT_3D('',#2179,#1820,#1821);
#1694=AXIS2_PLACEMENT_3D('',#2222,#1825,#1826);
#1695=AXIS2_PLACEMENT_3D('',#2489,#1852,#1853);
#1696=AXIS2_PLACEMENT_3D('',#2493,#1856,#1857);
#1697=AXIS2_PLACEMENT_3D('',#2497,#1860,#1861);
#1698=AXIS2_PLACEMENT_3D('',#2499,#1863,#1864);
#1699=AXIS2_PLACEMENT_3D('',#2505,#1868,#1869);
#1700=AXIS2_PLACEMENT_3D('',#2628,#1879,#1880);
#1701=AXIS2_PLACEMENT_3D('',#2632,#1883,#1884);
#1702=AXIS2_PLACEMENT_3D('',#2636,#1887,#1888);
#1703=AXIS2_PLACEMENT_3D('',#2638,#1890,#1891);
#1704=AXIS2_PLACEMENT_3D('',#2777,#1901,#1902);
#1705=AXIS2_PLACEMENT_3D('',#2781,#1905,#1906);
#1706=AXIS2_PLACEMENT_3D('',#2785,#1909,#1910);
#1707=AXIS2_PLACEMENT_3D('',#2891,#1919,#1920);
#1708=AXIS2_PLACEMENT_3D('',#2895,#1923,#1924);
#1709=AXIS2_PLACEMENT_3D('',#2899,#1927,#1928);
#1710=AXIS2_PLACEMENT_3D('',#2901,#1930,#1931);
#1711=AXIS2_PLACEMENT_3D('',#2902,#1932,#1933);
#1712=AXIS2_PLACEMENT_3D('',#2908,#1937,#1938);
#1713=AXIS2_PLACEMENT_3D('',#2912,#1941,#1942);
#1714=AXIS2_PLACEMENT_3D('',#2916,#1945,#1946);
#1715=AXIS2_PLACEMENT_3D('',#2920,#1949,#1950);
#1716=AXIS2_PLACEMENT_3D('',#2924,#1953,#1954);
#1717=AXIS2_PLACEMENT_3D('',#2928,#1957,#1958);
#1718=AXIS2_PLACEMENT_3D('',#2930,#1960,#1961);
#1719=AXIS2_PLACEMENT_3D('',#2940,#1966,#1967);
#1720=AXIS2_PLACEMENT_3D('',#2942,#1968,#1969);
#1721=AXIS2_PLACEMENT_3D('',#2944,#1970,#1971);
#1722=AXIS2_PLACEMENT_3D('',#2946,#1972,#1973);
#1723=AXIS2_PLACEMENT_3D('',#2948,#1974,#1975);
#1724=AXIS2_PLACEMENT_3D('',#2950,#1976,#1977);
#1725=AXIS2_PLACEMENT_3D('',#2952,#1978,#1979);
#1726=AXIS2_PLACEMENT_3D('',#2954,#1980,#1981);
#1727=AXIS2_PLACEMENT_3D('',#2956,#1982,#1983);
#1728=AXIS2_PLACEMENT_3D('',#2958,#1984,#1985);
#1729=AXIS2_PLACEMENT_3D('',#2959,#1986,#1987);
#1730=AXIS2_PLACEMENT_3D('',#2961,#1988,#1989);
#1731=AXIS2_PLACEMENT_3D('',#2963,#1991,#1992);
#1732=AXIS2_PLACEMENT_3D('',#2969,#1996,#1997);
#1733=AXIS2_PLACEMENT_3D('',#2971,#1998,#1999);
#1734=AXIS2_PLACEMENT_3D('',#2973,#2001,#2002);
#1735=AXIS2_PLACEMENT_3D('',#2976,#2004,#2005);
#1736=AXIS2_PLACEMENT_3D('',#2977,#2006,#2007);
#1737=AXIS2_PLACEMENT_3D('',#2983,#2011,#2012);
#1738=AXIS2_PLACEMENT_3D('',#2986,#2014,#2015);
#1739=AXIS2_PLACEMENT_3D('',#2988,#2016,#2017);
#1740=AXIS2_PLACEMENT_3D('',#2989,#2018,#2019);
#1741=AXIS2_PLACEMENT_3D('',#2992,#2021,#2022);
#1742=AXIS2_PLACEMENT_3D('',#2993,#2023,#2024);
#1743=AXIS2_PLACEMENT_3D('',#2996,#2026,#2027);
#1744=AXIS2_PLACEMENT_3D('',#2997,#2028,#2029);
#1745=AXIS2_PLACEMENT_3D('',#3000,#2031,#2032);
#1746=AXIS2_PLACEMENT_3D('',#3002,#2033,#2034);
#1747=AXIS2_PLACEMENT_3D('',#3004,#2035,#2036);
#1748=AXIS2_PLACEMENT_3D('',#3006,#2037,#2038);
#1749=AXIS2_PLACEMENT_3D('',#3008,#2039,#2040);
#1750=AXIS2_PLACEMENT_3D('',#3010,#2041,#2042);
#1751=AXIS2_PLACEMENT_3D('',#3012,#2043,#2044);
#1752=AXIS2_PLACEMENT_3D('',#3014,#2045,#2046);
#1753=AXIS2_PLACEMENT_3D('',#3016,#2047,#2048);
#1754=AXIS2_PLACEMENT_3D('',#3018,#2049,#2050);
#1755=AXIS2_PLACEMENT_3D('',#3020,#2051,#2052);
#1756=AXIS2_PLACEMENT_3D('',#3021,#2053,#2054);
#1757=AXIS2_PLACEMENT_3D('',#3023,#2055,#2056);
#1758=AXIS2_PLACEMENT_3D('',#3025,#2058,#2059);
#1759=AXIS2_PLACEMENT_3D('',#3027,#2060,#2061);
#1760=AXIS2_PLACEMENT_3D('',#3029,#2063,#2064);
#1761=AXIS2_PLACEMENT_3D('',#3030,#2065,#2066);
#1762=AXIS2_PLACEMENT_3D('',#3032,#2067,#2068);
#1763=AXIS2_PLACEMENT_3D('',#3034,#2070,#2071);
#1764=AXIS2_PLACEMENT_3D('',#3036,#2072,#2073);
#1765=AXIS2_PLACEMENT_3D('',#3038,#2075,#2076);
#1766=AXIS2_PLACEMENT_3D('',#3039,#2077,#2078);
#1767=AXIS2_PLACEMENT_3D('',#3041,#2079,#2080);
#1768=AXIS2_PLACEMENT_3D('',#3043,#2082,#2083);
#1769=AXIS2_PLACEMENT_3D('',#3045,#2084,#2085);
#1770=AXIS2_PLACEMENT_3D('',#3047,#2087,#2088);
#1771=AXIS2_PLACEMENT_3D('',#3048,#2089,#2090);
#1772=AXIS2_PLACEMENT_3D('',#3050,#2091,#2092);
#1773=AXIS2_PLACEMENT_3D('',#3052,#2094,#2095);
#1774=AXIS2_PLACEMENT_3D('',#3054,#2096,#2097);
#1775=AXIS2_PLACEMENT_3D('',#3056,#2099,#2100);
#1776=AXIS2_PLACEMENT_3D('',#3057,#2101,#2102);
#1777=AXIS2_PLACEMENT_3D('',#3059,#2103,#2104);
#1778=AXIS2_PLACEMENT_3D('',#3062,#2106,#2107);
#1779=AXIS2_PLACEMENT_3D('',#3063,#2108,#2109);
#1780=AXIS2_PLACEMENT_3D('',#3065,#2110,#2111);
#1781=AXIS2_PLACEMENT_3D('',#3066,#2112,#2113);
#1782=AXIS2_PLACEMENT_3D('',#3068,#2114,#2115);
#1783=AXIS2_PLACEMENT_3D('',#3069,#2116,#2117);
#1784=AXIS2_PLACEMENT_3D('',#3071,#2118,#2119);
#1785=AXIS2_PLACEMENT_3D('',#3072,#2120,#2121);
#1786=AXIS2_PLACEMENT_3D('',#3074,#2122,#2123);
#1787=AXIS2_PLACEMENT_3D('',#3075,#2124,#2125);
#1788=AXIS2_PLACEMENT_3D('',#3077,#2127,#2128);
#1789=AXIS2_PLACEMENT_3D('',#3079,#2129,#2130);
#1790=AXIS2_PLACEMENT_3D('',#3081,#2132,#2133);
#1791=AXIS2_PLACEMENT_3D('',#3083,#2134,#2135);
#1792=AXIS2_PLACEMENT_3D('',#3085,#2137,#2138);
#1793=AXIS2_PLACEMENT_3D('',#3087,#2140,#2141);
#1794=AXIS2_PLACEMENT_3D('',#3089,#2143,#2144);
#1795=AXIS2_PLACEMENT_3D('',#3091,#2146,#2147);
#1796=AXIS2_PLACEMENT_3D('',#3093,#2149,#2150);
#1797=AXIS2_PLACEMENT_3D('',#3095,#2152,#2153);
#1798=AXIS2_PLACEMENT_3D('',#3097,#2155,#2156);
#1799=AXIS2_PLACEMENT_3D('',#3099,#2158,#2159);
#1800=AXIS2_PLACEMENT_3D('',#3101,#2161,#2162);
#1801=AXIS2_PLACEMENT_3D('',#3103,#2164,#2165);
#1802=DIRECTION('axis',(0.,0.,1.));
#1803=DIRECTION('refdir',(1.,0.,0.));
#1804=DIRECTION('center_axis',(1.,-7.08496503562628E-41,-2.52435489670724E-29));
#1805=DIRECTION('ref_axis',(-2.52435489670724E-29,-6.60231314102143E-15,
-1.));
#1806=DIRECTION('center_axis',(1.,-7.08496503562628E-41,-2.52435489670724E-29));
#1807=DIRECTION('ref_axis',(7.08892164305496E-41,1.,-6.65782429225269E-15));
#1808=DIRECTION('center_axis',(1.,-7.08496503562628E-41,-2.52435489670724E-29));
#1809=DIRECTION('ref_axis',(-2.52435489670724E-29,-6.60231314102143E-15,
-1.));
#1810=DIRECTION('center_axis',(1.,-7.08496503562628E-41,-2.52435489670724E-29));
#1811=DIRECTION('ref_axis',(7.08892164305496E-41,1.,-6.65782429225269E-15));
#1812=DIRECTION('center_axis',(1.,-7.10290165596963E-41,-2.52435489670724E-29));
#1813=DIRECTION('ref_axis',(-2.52435489670724E-29,-6.60231314102143E-15,
-1.));
#1814=DIRECTION('center_axis',(1.,-7.10290165596963E-41,-2.52435489670724E-29));
#1815=DIRECTION('ref_axis',(-4.03896783473087E-28,1.,-6.65782429225269E-15));
#1816=DIRECTION('center_axis',(1.,-7.10290165596963E-41,-2.52435489670724E-29));
#1817=DIRECTION('ref_axis',(-2.52435489670724E-29,-6.60231314102143E-15,
-1.));
#1818=DIRECTION('center_axis',(1.,-7.10290165596963E-41,-2.52435489670724E-29));
#1819=DIRECTION('ref_axis',(-4.03896783473087E-28,1.,-6.65782429225269E-15));
#1820=DIRECTION('center_axis',(-1.,0.,0.));
#1821=DIRECTION('ref_axis',(0.,0.,1.));
#1822=DIRECTION('',(0.,-6.60231314102143E-15,-1.));
#1823=DIRECTION('',(0.,-1.,6.60231314102143E-15));
#1824=DIRECTION('',(0.,6.60231314102143E-15,1.));
#1825=DIRECTION('center_axis',(-1.,0.,0.));
#1826=DIRECTION('ref_axis',(0.,0.,1.));
#1827=DIRECTION('',(-2.52435489670724E-29,-0.78086880944304,-0.624695047554412));
#1828=DIRECTION('',(5.04870979341448E-29,6.60231314102143E-15,1.));
#1829=DIRECTION('',(-7.08272295808356E-41,-1.,6.60231314102143E-15));
#1830=DIRECTION('',(5.04870979341448E-29,6.60231314102143E-15,1.));
#1831=DIRECTION('',(7.08272295808356E-41,1.,-6.60231314102143E-15));
#1832=DIRECTION('',(5.04870979341448E-29,6.60231314102143E-15,1.));
#1833=DIRECTION('',(-3.78653234506086E-29,0.780868809443026,-0.62469504755443));
#1834=DIRECTION('',(0.,1.,-6.60231314102143E-15));
#1835=DIRECTION('',(0.,6.60231314102143E-15,1.));
#1836=DIRECTION('',(0.,-1.,6.60231314102143E-15));
#1837=DIRECTION('',(0.,1.,-6.60231314102143E-15));
#1838=DIRECTION('',(0.,6.60231314102143E-15,1.));
#1839=DIRECTION('',(0.,-1.,6.60231314102143E-15));
#1840=DIRECTION('',(0.,-1.,6.60231314102143E-15));
#1841=DIRECTION('',(0.,-6.60231314102143E-15,-1.));
#1842=DIRECTION('',(0.,1.,-6.60231314102143E-15));
#1843=DIRECTION('',(0.,6.60231314102143E-15,1.));
#1844=DIRECTION('',(0.,-6.60231314102143E-15,-1.));
#1845=DIRECTION('',(1.,0.,0.));
#1846=DIRECTION('',(-1.,0.,0.));
#1847=DIRECTION('',(1.,0.,0.));
#1848=DIRECTION('',(1.,0.,0.));
#1849=DIRECTION('',(1.,0.,0.));
#1850=DIRECTION('',(1.,0.,0.));
#1851=DIRECTION('',(1.,0.,0.));
#1852=DIRECTION('center_axis',(0.,1.,-6.60231314102143E-15));
#1853=DIRECTION('ref_axis',(5.04870979341448E-29,6.60231314102143E-15,1.));
#1854=DIRECTION('',(1.,0.,0.));
#1855=DIRECTION('',(5.04870979341448E-29,6.60231314102143E-15,1.));
#1856=DIRECTION('center_axis',(0.,6.60231314102143E-15,1.));
#1857=DIRECTION('ref_axis',(-7.08272295808356E-41,-1.,6.60231314102143E-15));
#1858=DIRECTION('',(1.,0.,0.));
#1859=DIRECTION('',(-7.08272295808356E-41,-1.,6.60231314102143E-15));
#1860=DIRECTION('center_axis',(0.,-1.,6.60231314102143E-15));
#1861=DIRECTION('ref_axis',(-5.04870979341448E-29,-6.60231314102143E-15,
-1.));
#1862=DIRECTION('',(-5.04870979341448E-29,-6.60231314102143E-15,-1.));
#1863=DIRECTION('center_axis',(0.,6.60231314102143E-15,1.));
#1864=DIRECTION('ref_axis',(-7.08272295808356E-41,-1.,6.60231314102143E-15));
#1865=DIRECTION('',(1.,0.,0.));
#1866=DIRECTION('',(-7.08272295808356E-41,-1.,6.60231314102143E-15));
#1867=DIRECTION('',(-1.,0.,0.));
#1868=DIRECTION('center_axis',(0.,-1.,6.60231314102143E-15));
#1869=DIRECTION('ref_axis',(-5.04870979341448E-29,-6.60231314102143E-15,
-1.));
#1870=DIRECTION('',(1.,0.,0.));
#1871=DIRECTION('',(-5.04870979341448E-29,-6.60231314102143E-15,-1.));
#1872=DIRECTION('',(1.,0.,0.));
#1873=DIRECTION('',(1.,0.,0.));
#1874=DIRECTION('',(1.,0.,0.));
#1875=DIRECTION('',(1.,0.,0.));
#1876=DIRECTION('',(1.,0.,0.));
#1877=DIRECTION('',(1.,0.,0.));
#1878=DIRECTION('',(1.,0.,0.));
#1879=DIRECTION('center_axis',(0.,1.,-6.60231314102143E-15));
#1880=DIRECTION('ref_axis',(5.04870979341448E-29,6.60231314102143E-15,1.));
#1881=DIRECTION('',(1.,0.,0.));
#1882=DIRECTION('',(5.04870979341448E-29,6.60231314102143E-15,1.));
#1883=DIRECTION('center_axis',(0.,-6.60231314102143E-15,-1.));
#1884=DIRECTION('ref_axis',(7.08272295808356E-41,1.,-6.60231314102143E-15));
#1885=DIRECTION('',(1.,0.,0.));
#1886=DIRECTION('',(7.08272295808356E-41,1.,-6.60231314102143E-15));
#1887=DIRECTION('center_axis',(0.,-1.,6.60231314102143E-15));
#1888=DIRECTION('ref_axis',(-5.04870979341448E-29,-6.60231314102143E-15,
-1.));
#1889=DIRECTION('',(-5.04870979341448E-29,-6.60231314102143E-15,-1.));
#1890=DIRECTION('center_axis',(-1.,7.12083827631299E-41,5.04870979341448E-29));
#1891=DIRECTION('ref_axis',(5.04870979341448E-29,6.60231314102143E-15,1.));
#1892=DIRECTION('',(1.,0.,0.));
#1893=DIRECTION('',(-1.,0.,0.));
#1894=DIRECTION('',(1.,0.,0.));
#1895=DIRECTION('',(1.,0.,0.));
#1896=DIRECTION('',(1.,0.,0.));
#1897=DIRECTION('',(1.,0.,0.));
#1898=DIRECTION('',(1.,0.,0.));
#1899=DIRECTION('',(1.,0.,0.));
#1900=DIRECTION('',(1.,0.,0.));
#1901=DIRECTION('center_axis',(0.,6.60231314102143E-15,1.));
#1902=DIRECTION('ref_axis',(-7.08272295808356E-41,-1.,6.60231314102143E-15));
#1903=DIRECTION('',(1.,0.,0.));
#1904=DIRECTION('',(-7.08272295808356E-41,-1.,6.60231314102143E-15));
#1905=DIRECTION('center_axis',(0.,1.,-6.60231314102143E-15));
#1906=DIRECTION('ref_axis',(5.04870979341448E-29,6.60231314102143E-15,1.));
#1907=DIRECTION('',(1.,0.,0.));
#1908=DIRECTION('',(5.04870979341448E-29,6.60231314102143E-15,1.));
#1909=DIRECTION('center_axis',(0.,-6.60231314102143E-15,-1.));
#1910=DIRECTION('ref_axis',(7.08272295808356E-41,1.,-6.60231314102143E-15));
#1911=DIRECTION('',(1.,0.,0.));
#1912=DIRECTION('',(7.08272295808356E-41,1.,-6.60231314102143E-15));
#1913=DIRECTION('',(1.,0.,0.));
#1914=DIRECTION('',(1.,0.,0.));
#1915=DIRECTION('',(1.,0.,0.));
#1916=DIRECTION('',(1.,0.,0.));
#1917=DIRECTION('',(1.,0.,0.));
#1918=DIRECTION('',(1.,0.,0.));
#1919=DIRECTION('center_axis',(0.,6.60231314102143E-15,1.));
#1920=DIRECTION('ref_axis',(-7.08272295808356E-41,-1.,6.60231314102143E-15));
#1921=DIRECTION('',(1.,0.,0.));
#1922=DIRECTION('',(-7.08272295808356E-41,-1.,6.60231314102143E-15));
#1923=DIRECTION('center_axis',(0.,1.,-6.60231314102143E-15));
#1924=DIRECTION('ref_axis',(5.04870979341448E-29,6.60231314102143E-15,1.));
#1925=DIRECTION('',(1.,0.,0.));
#1926=DIRECTION('',(5.04870979341448E-29,6.60231314102143E-15,1.));
#1927=DIRECTION('center_axis',(0.,-6.60231314102143E-15,-1.));
#1928=DIRECTION('ref_axis',(7.08272295808356E-41,1.,-6.60231314102143E-15));
#1929=DIRECTION('',(7.08272295808356E-41,1.,-6.60231314102143E-15));
#1930=DIRECTION('center_axis',(-1.,7.12083827631299E-41,5.04870979341448E-29));
#1931=DIRECTION('ref_axis',(5.04870979341448E-29,6.60231314102143E-15,1.));
#1932=DIRECTION('center_axis',(0.,0.62469504755443,0.780868809443026));
#1933=DIRECTION('ref_axis',(-3.78653234506086E-29,0.780868809443026,-0.62469504755443));
#1934=DIRECTION('',(-1.4961039011997E-28,-0.780868809443026,0.62469504755443));
#1935=DIRECTION('',(-1.,0.,0.));
#1936=DIRECTION('',(-1.,0.,0.));
#1937=DIRECTION('center_axis',(0.,-1.,6.60231314102143E-15));
#1938=DIRECTION('ref_axis',(5.04870979341448E-29,6.60231314102143E-15,1.));
#1939=DIRECTION('',(3.6603146002255E-28,-6.60231314102143E-15,-1.));
#1940=DIRECTION('',(-1.,0.,0.));
#1941=DIRECTION('center_axis',(0.,6.60231314102143E-15,1.));
#1942=DIRECTION('ref_axis',(7.08272295808356E-41,1.,-6.60231314102143E-15));
#1943=DIRECTION('',(1.01230384988248E-28,-1.,6.60231314102143E-15));
#1944=DIRECTION('',(-1.,0.,0.));
#1945=DIRECTION('center_axis',(0.,-1.,6.60231314102143E-15));
#1946=DIRECTION('ref_axis',(5.04870979341448E-29,6.60231314102143E-15,1.));
#1947=DIRECTION('',(3.6603146002255E-28,-6.60231314102143E-15,-1.));
#1948=DIRECTION('',(-1.,0.,0.));
#1949=DIRECTION('center_axis',(0.,-6.60231314102143E-15,-1.));
#1950=DIRECTION('ref_axis',(-7.08272295808356E-41,-1.,6.60231314102143E-15));
#1951=DIRECTION('',(-1.01230384988248E-28,1.,-6.60231314102143E-15));
#1952=DIRECTION('',(-1.,0.,0.));
#1953=DIRECTION('center_axis',(0.,-1.,6.60231314102143E-15));
#1954=DIRECTION('ref_axis',(5.04870979341448E-29,6.60231314102143E-15,1.));
#1955=DIRECTION('',(3.6603146002255E-28,-6.60231314102143E-15,-1.));
#1956=DIRECTION('',(-1.,0.,0.));
#1957=DIRECTION('center_axis',(0.,0.624695047554412,-0.78086880944304));
#1958=DIRECTION('ref_axis',(-2.52435489670724E-29,-0.78086880944304,-0.624695047554412));
#1959=DIRECTION('',(-3.07705690530433E-28,0.78086880944304,0.624695047554412));
#1960=DIRECTION('center_axis',(-1.,-1.01230384988251E-28,-3.66031460022549E-28));
#1961=DIRECTION('ref_axis',(-3.6603146002255E-28,6.7688465947152E-15,1.));
#1962=DIRECTION('',(1.42108547152019E-13,-8.36657449514238E-14,1.));
#1963=DIRECTION('',(1.4988357199199E-28,1.,0.));
#1964=DIRECTION('',(-1.42108547152019E-13,-9.09712605203706E-14,-1.));
#1965=DIRECTION('',(1.01230384988251E-28,-1.,0.));
#1966=DIRECTION('center_axis',(1.,1.01230384988251E-28,3.66031460022549E-28));
#1967=DIRECTION('ref_axis',(0.,6.60231314102143E-15,1.));
#1968=DIRECTION('center_axis',(1.,1.01230384988251E-28,3.66031460022549E-28));
#1969=DIRECTION('ref_axis',(0.,6.60231314102143E-15,1.));
#1970=DIRECTION('center_axis',(1.,-1.4988357199199E-28,-1.42108547152019E-13));
#1971=DIRECTION('ref_axis',(-8.44899497394832E-28,-1.,-4.96982370289221E-28));
#1972=DIRECTION('center_axis',(1.,2.54013211481169E-28,-1.42108547152019E-13));
#1973=DIRECTION('ref_axis',(-4.03896783473087E-28,1.,-6.65782429225269E-15));
#1974=DIRECTION('center_axis',(1.,2.54013211481169E-28,-1.42108547152019E-13));
#1975=DIRECTION('ref_axis',(-4.03896783473087E-28,1.,-6.65782429225269E-15));
#1976=DIRECTION('center_axis',(-1.,1.4988357199199E-28,1.42108547152019E-13));
#1977=DIRECTION('ref_axis',(7.08892164305496E-41,1.,-6.65782429225269E-15));
#1978=DIRECTION('center_axis',(-1.,1.4988357199199E-28,1.42108547152019E-13));
#1979=DIRECTION('ref_axis',(7.08892164305496E-41,1.,-6.65782429225269E-15));
#1980=DIRECTION('center_axis',(1.,1.01230384988251E-28,3.66031460022549E-28));
#1981=DIRECTION('ref_axis',(0.,6.60231314102143E-15,1.));
#1982=DIRECTION('center_axis',(1.,1.01230384988251E-28,3.66031460022549E-28));
#1983=DIRECTION('ref_axis',(0.,6.60231314102143E-15,1.));
#1984=DIRECTION('center_axis',(1.,-1.4988357199199E-28,-1.42108547152019E-13));
#1985=DIRECTION('ref_axis',(-8.44899497394834E-28,-1.,-5.07237562057095E-28));
#1986=DIRECTION('center_axis',(-1.,8.44899497394762E-28,1.42108547152019E-13));
#1987=DIRECTION('ref_axis',(-8.44899497394834E-28,-1.,-5.07237562057095E-28));
#1988=DIRECTION('center_axis',(-1.,8.44899497394761E-28,1.42108547152019E-13));
#1989=DIRECTION('ref_axis',(-8.44899497394834E-28,-1.,-5.09604144772758E-28));
#1990=DIRECTION('',(-1.,8.44899497394762E-28,1.42108547152019E-13));
#1991=DIRECTION('center_axis',(0.,0.,1.));
#1992=DIRECTION('ref_axis',(1.,0.,0.));
#1993=DIRECTION('',(0.866025403784442,-0.499999999999995,0.));
#1994=DIRECTION('',(1.42108544021684E-13,-1.,0.));
#1995=DIRECTION('',(-0.866025403784446,-0.499999999999987,0.));
#1996=DIRECTION('center_axis',(-1.,8.44899497394761E-28,1.42108547152019E-13));
#1997=DIRECTION('ref_axis',(-8.44899497394834E-28,-1.,-5.09604144772758E-28));
#1998=DIRECTION('center_axis',(-1.,7.08496503562628E-41,-7.57306469012171E-29));
#1999=DIRECTION('ref_axis',(-7.14160520066609E-41,-1.,6.65782429225269E-15));
#2000=DIRECTION('',(-0.754709580222772,0.656059028990507,1.07170337908178E-13));
#2001=DIRECTION('center_axis',(1.,-7.08496503562628E-41,2.52435489670724E-29));
#2002=DIRECTION('ref_axis',(-7.10799177795896E-41,-1.,6.65782429225269E-15));
#2003=DIRECTION('',(1.,-7.08496503562628E-41,2.52435489670724E-29));
#2004=DIRECTION('center_axis',(1.,1.42108544021684E-13,2.39892485025478E-14));
#2005=DIRECTION('ref_axis',(-7.10799177795896E-41,-1.,6.65782429225269E-15));
#2006=DIRECTION('center_axis',(0.,0.,1.));
#2007=DIRECTION('ref_axis',(1.,0.,0.));
#2008=DIRECTION('',(-1.42108544021684E-13,1.,0.));
#2009=DIRECTION('',(-0.866025403784442,0.499999999999995,0.));
#2010=DIRECTION('',(0.866025403784446,0.499999999999987,0.));
#2011=DIRECTION('center_axis',(0.499999999999995,0.866025403784442,1.40238697847387E-15));
#2012=DIRECTION('ref_axis',(0.866025403784442,-0.499999999999995,-2.27191940703651E-28));
#2013=DIRECTION('',(-2.39892485025495E-14,1.22308620815438E-14,1.));
#2014=DIRECTION('center_axis',(0.499999999999995,0.866025403784442,1.40238697847387E-15));
#2015=DIRECTION('ref_axis',(-1.4210854715202E-13,8.2046407952364E-14,-1.));
#2016=DIRECTION('center_axis',(0.499999999999995,0.866025403784442,1.40238697847387E-15));
#2017=DIRECTION('ref_axis',(-1.4210854715202E-13,8.2046407952364E-14,-1.));
#2018=DIRECTION('center_axis',(0.499999999999995,0.866025403784442,-3.78653234506086E-29));
#2019=DIRECTION('ref_axis',(-1.4210854715202E-13,8.2046407952364E-14,-1.));
#2020=DIRECTION('',(0.499999999999995,0.866025403784441,-3.78653234506086E-29));
#2021=DIRECTION('center_axis',(1.,1.42108544021684E-13,2.39892485025478E-14));
#2022=DIRECTION('ref_axis',(-1.42093127387823E-13,1.,8.20464079523842E-14));
#2023=DIRECTION('center_axis',(0.499999999999995,0.866025403784442,-3.78653234506086E-29));
#2024=DIRECTION('ref_axis',(-1.4210854715202E-13,8.2046407952364E-14,-1.));
#2025=DIRECTION('',(0.499999999999995,0.866025403784441,-3.78653234506086E-29));
#2026=DIRECTION('center_axis',(1.,1.42108544021684E-13,2.39892485025478E-14));
#2027=DIRECTION('ref_axis',(-1.42093127387823E-13,1.,8.20464079523842E-14));
#2028=DIRECTION('center_axis',(1.,1.42108544021684E-13,2.39892485025478E-14));
#2029=DIRECTION('ref_axis',(-1.42108543214824E-13,0.999999999999999,-3.36342315839506E-8));
#2030=DIRECTION('',(2.39892485025471E-14,4.92534651259349E-15,-1.));
#2031=DIRECTION('center_axis',(1.,1.42108544021684E-13,2.39892485025478E-14));
#2032=DIRECTION('ref_axis',(0.,6.60231314102143E-15,1.));
#2033=DIRECTION('center_axis',(1.,1.42108544021684E-13,2.39892485025478E-14));
#2034=DIRECTION('ref_axis',(0.,6.60231314102143E-15,1.));
#2035=DIRECTION('center_axis',(1.,1.42108544021684E-13,2.39892485025478E-14));
#2036=DIRECTION('ref_axis',(7.08870183153114E-41,1.,-6.65782429225269E-15));
#2037=DIRECTION('center_axis',(1.,1.42108544021684E-13,2.39892485025478E-14));
#2038=DIRECTION('ref_axis',(7.08870183153114E-41,1.,-6.65782429225269E-15));
#2039=DIRECTION('center_axis',(1.,1.42108544021684E-13,2.39892485025478E-14));
#2040=DIRECTION('ref_axis',(-4.03896783473087E-28,1.,-6.65782429225269E-15));
#2041=DIRECTION('center_axis',(1.,1.42108544021684E-13,2.39892485025478E-14));
#2042=DIRECTION('ref_axis',(-4.03896783473087E-28,1.,-6.65782429225269E-15));
#2043=DIRECTION('center_axis',(1.,1.42108544021684E-13,2.39892485025478E-14));
#2044=DIRECTION('ref_axis',(1.4209312738775E-13,-1.,8.20464079523421E-14));
#2045=DIRECTION('center_axis',(1.,1.42108544021684E-13,2.39892485025478E-14));
#2046=DIRECTION('ref_axis',(1.4209312738775E-13,-1.,8.20464079523421E-14));
#2047=DIRECTION('center_axis',(1.,1.42108544021684E-13,2.39892485025478E-14));
#2048=DIRECTION('ref_axis',(-7.10799177795896E-41,-1.,6.65782429225269E-15));
#2049=DIRECTION('center_axis',(1.,1.42108544021684E-13,2.39892485025478E-14));
#2050=DIRECTION('ref_axis',(0.,6.60231314102143E-15,1.));
#2051=DIRECTION('center_axis',(1.,1.42108544021684E-13,2.39892485025478E-14));
#2052=DIRECTION('ref_axis',(0.,6.60231314102143E-15,1.));
#2053=DIRECTION('center_axis',(-1.,0.,0.));
#2054=DIRECTION('ref_axis',(0.,6.60231314102143E-15,1.));
#2055=DIRECTION('center_axis',(1.,-7.12083827631299E-41,-5.04870979341448E-29));
#2056=DIRECTION('ref_axis',(5.04870979341448E-29,6.60231314102143E-15,1.));
#2057=DIRECTION('',(1.,0.,0.));
#2058=DIRECTION('center_axis',(-1.,0.,0.));
#2059=DIRECTION('ref_axis',(0.,6.60231314102143E-15,1.));
#2060=DIRECTION('center_axis',(-1.,7.12083827631299E-41,5.04870979341448E-29));
#2061=DIRECTION('ref_axis',(4.20725816117867E-29,6.60231314102143E-15,1.));
#2062=DIRECTION('',(1.,0.,0.));
#2063=DIRECTION('center_axis',(-1.,7.12083827631299E-41,5.04870979341448E-29));
#2064=DIRECTION('ref_axis',(5.04870979341448E-29,6.60231314102143E-15,1.));
#2065=DIRECTION('center_axis',(-1.,0.,0.));
#2066=DIRECTION('ref_axis',(0.,6.60231314102143E-15,1.));
#2067=DIRECTION('center_axis',(1.,-7.12083827631299E-41,-5.04870979341448E-29));
#2068=DIRECTION('ref_axis',(5.04870979341476E-29,6.60231314102143E-15,1.));
#2069=DIRECTION('',(1.,0.,0.));
#2070=DIRECTION('center_axis',(-1.,0.,0.));
#2071=DIRECTION('ref_axis',(0.,6.60231314102143E-15,1.));
#2072=DIRECTION('center_axis',(-1.,7.12083827631299E-41,5.04870979341448E-29));
#2073=DIRECTION('ref_axis',(4.20725816117877E-29,6.60231314102143E-15,1.));
#2074=DIRECTION('',(1.,0.,0.));
#2075=DIRECTION('center_axis',(-1.,7.12083827631299E-41,5.04870979341448E-29));
#2076=DIRECTION('ref_axis',(5.04870979341448E-29,6.60231314102143E-15,1.));
#2077=DIRECTION('center_axis',(-1.,0.,0.));
#2078=DIRECTION('ref_axis',(0.,6.60231314102143E-15,1.));
#2079=DIRECTION('center_axis',(1.,-7.12083827631299E-41,-5.04870979341448E-29));
#2080=DIRECTION('ref_axis',(5.04870979341448E-29,6.60231314102143E-15,1.));
#2081=DIRECTION('',(1.,0.,0.));
#2082=DIRECTION('center_axis',(-1.,0.,0.));
#2083=DIRECTION('ref_axis',(0.,6.60231314102143E-15,1.));
#2084=DIRECTION('center_axis',(-1.,7.12083827631299E-41,5.04870979341448E-29));
#2085=DIRECTION('ref_axis',(4.20725816117877E-29,6.60231314102143E-15,1.));
#2086=DIRECTION('',(1.,0.,0.));
#2087=DIRECTION('center_axis',(-1.,7.12083827631299E-41,5.04870979341448E-29));
#2088=DIRECTION('ref_axis',(5.04870979341448E-29,6.60231314102143E-15,1.));
#2089=DIRECTION('center_axis',(-1.,0.,0.));
#2090=DIRECTION('ref_axis',(0.,6.60231314102143E-15,1.));
#2091=DIRECTION('center_axis',(1.,-7.12083827631299E-41,-5.04870979341448E-29));
#2092=DIRECTION('ref_axis',(5.04870979341419E-29,6.60231314102143E-15,1.));
#2093=DIRECTION('',(1.,0.,0.));
#2094=DIRECTION('center_axis',(-1.,0.,0.));
#2095=DIRECTION('ref_axis',(0.,6.60231314102143E-15,1.));
#2096=DIRECTION('center_axis',(-1.,7.12083827631299E-41,5.04870979341448E-29));
#2097=DIRECTION('ref_axis',(4.20725816117877E-29,6.60231314102143E-15,1.));
#2098=DIRECTION('',(1.,0.,0.));
#2099=DIRECTION('center_axis',(-1.,7.12083827631299E-41,5.04870979341448E-29));
#2100=DIRECTION('ref_axis',(5.04870979341448E-29,6.60231314102143E-15,1.));
#2101=DIRECTION('center_axis',(-1.,8.44899497394761E-28,1.42108547152019E-13));
#2102=DIRECTION('ref_axis',(-8.44899497394832E-28,-1.,-4.99348953004885E-28));
#2103=DIRECTION('center_axis',(-1.,7.08496503562628E-41,-7.57306469012171E-29));
#2104=DIRECTION('ref_axis',(-7.14160520066609E-41,-1.,6.65782429225269E-15));
#2105=DIRECTION('',(-0.754709580222772,0.656059028990507,1.07170337908178E-13));
#2106=DIRECTION('center_axis',(-1.,8.44899497394761E-28,1.42108547152019E-13));
#2107=DIRECTION('ref_axis',(-8.44899497394832E-28,-1.,-4.99348953004885E-28));
#2108=DIRECTION('center_axis',(-1.,7.06702841528292E-41,-2.52435489670724E-29));
#2109=DIRECTION('ref_axis',(7.08944919071211E-41,1.,-6.65782429225269E-15));
#2110=DIRECTION('center_axis',(-1.,-4.03896783473088E-28,-7.57306469012171E-29));
#2111=DIRECTION('ref_axis',(-4.03896783473087E-28,1.,-6.65782429225269E-15));
#2112=DIRECTION('center_axis',(-1.,7.06702841528292E-41,-2.52435489670724E-29));
#2113=DIRECTION('ref_axis',(7.08944919071211E-41,1.,-6.65782429225269E-15));
#2114=DIRECTION('center_axis',(-1.,-4.03896783473088E-28,-7.57306469012171E-29));
#2115=DIRECTION('ref_axis',(-4.03896783473087E-28,1.,-6.65782429225269E-15));
#2116=DIRECTION('center_axis',(-1.,7.06702841528292E-41,-2.52435489670724E-29));
#2117=DIRECTION('ref_axis',(7.08944919071211E-41,1.,-6.65782429225269E-15));
#2118=DIRECTION('center_axis',(-1.,7.06702841528292E-41,-2.52435489670724E-29));
#2119=DIRECTION('ref_axis',(7.08870183153114E-41,1.,-6.65782429225269E-15));
#2120=DIRECTION('center_axis',(-1.,7.06702841528292E-41,-2.52435489670724E-29));
#2121=DIRECTION('ref_axis',(7.08944919071211E-41,1.,-6.65782429225269E-15));
#2122=DIRECTION('center_axis',(-1.,7.06702841528292E-41,-2.52435489670724E-29));
#2123=DIRECTION('ref_axis',(7.08870183153114E-41,1.,-6.65782429225269E-15));
#2124=DIRECTION('center_axis',(1.,-7.08496503562628E-41,2.52435489670724E-29));
#2125=DIRECTION('ref_axis',(-7.10799177795896E-41,-1.,6.65782429225269E-15));
#2126=DIRECTION('',(1.,-7.08496503562628E-41,2.52435489670724E-29));
#2127=DIRECTION('center_axis',(0.499999999999987,-0.866025403784446,-3.78653234506086E-29));
#2128=DIRECTION('ref_axis',(1.4210854715202E-13,8.20464079523623E-14,1.));
#2129=DIRECTION('center_axis',(0.499999999999987,-0.866025403784446,7.72914904892615E-15));
#2130=DIRECTION('ref_axis',(1.4210854715202E-13,8.20464079523623E-14,1.));
#2131=DIRECTION('',(0.499999999999987,-0.866025403784446,-3.78653234506086E-29));
#2132=DIRECTION('center_axis',(0.499999999999987,-0.866025403784446,-3.78653234506086E-29));
#2133=DIRECTION('ref_axis',(1.4210854715202E-13,8.20464079523623E-14,1.));
#2134=DIRECTION('center_axis',(0.499999999999987,-0.866025403784446,7.72914904892615E-15));
#2135=DIRECTION('ref_axis',(1.4210854715202E-13,8.20464079523623E-14,1.));
#2136=DIRECTION('',(0.499999999999987,-0.866025403784446,-3.78653234506086E-29));
#2137=DIRECTION('center_axis',(-1.,-4.03896783473088E-28,-7.57306469012171E-29));
#2138=DIRECTION('ref_axis',(-4.03896783473087E-28,1.,-6.65782429225269E-15));
#2139=DIRECTION('',(-1.,-4.03896783473088E-28,-7.57306469012171E-29));
#2140=DIRECTION('center_axis',(-1.,-4.03896783473088E-28,-7.57306469012171E-29));
#2141=DIRECTION('ref_axis',(-4.03896783473087E-28,1.,-6.65782429225269E-15));
#2142=DIRECTION('',(-1.,-4.03896783473088E-28,-7.57306469012171E-29));
#2143=DIRECTION('center_axis',(-1.,7.06702841528292E-41,-2.52435489670724E-29));
#2144=DIRECTION('ref_axis',(7.08870183153114E-41,1.,-6.65782429225269E-15));
#2145=DIRECTION('',(-1.,7.06702841528292E-41,-2.52435489670724E-29));
#2146=DIRECTION('center_axis',(-1.,7.06702841528292E-41,-2.52435489670724E-29));
#2147=DIRECTION('ref_axis',(7.08870183153114E-41,1.,-6.65782429225269E-15));
#2148=DIRECTION('',(-1.,7.06702841528292E-41,-2.52435489670724E-29));
#2149=DIRECTION('center_axis',(-1.,8.44899497394762E-28,1.42108547152019E-13));
#2150=DIRECTION('ref_axis',(-8.44899497394832E-28,-1.,-4.96982370289221E-28));
#2151=DIRECTION('',(-1.,8.44899497394762E-28,1.42108547152019E-13));
#2152=DIRECTION('center_axis',(-1.,-4.03896783473088E-28,-7.57306469012171E-29));
#2153=DIRECTION('ref_axis',(-4.03896783473087E-28,1.,-6.65782429225269E-15));
#2154=DIRECTION('',(-1.,-4.03896783473088E-28,-7.57306469012171E-29));
#2155=DIRECTION('center_axis',(-1.,-4.03896783473088E-28,-7.57306469012171E-29));
#2156=DIRECTION('ref_axis',(-4.03896783473087E-28,1.,-6.65782429225269E-15));
#2157=DIRECTION('',(-1.,-4.03896783473088E-28,-7.57306469012171E-29));
#2158=DIRECTION('center_axis',(-1.,7.06702841528292E-41,-2.52435489670724E-29));
#2159=DIRECTION('ref_axis',(7.08892164305496E-41,1.,-6.65782429225269E-15));
#2160=DIRECTION('',(-1.,7.06702841528292E-41,-2.52435489670724E-29));
#2161=DIRECTION('center_axis',(-1.,7.06702841528292E-41,-2.52435489670724E-29));
#2162=DIRECTION('ref_axis',(7.08892164305496E-41,1.,-6.65782429225269E-15));
#2163=DIRECTION('',(-1.,7.06702841528292E-41,-2.52435489670724E-29));
#2164=DIRECTION('center_axis',(0.499999999999987,-0.866025403784446,7.72914904892615E-15));
#2165=DIRECTION('ref_axis',(-0.866025403784446,-0.499999999999987,-2.77679038637796E-28));
#2166=CARTESIAN_POINT('',(0.,0.,0.));
#2167=CARTESIAN_POINT('Origin',(-110.323260623547,-986.980149183704,456.385831945216));
#2168=CARTESIAN_POINT('',(-110.323260623547,-988.680149183705,456.385831945216));
#2169=CARTESIAN_POINT('Origin',(-110.323260623547,-986.980149183705,456.385831945216));
#2170=CARTESIAN_POINT('Origin',(-110.323260623547,-986.980149183703,408.885832421776));
#2171=CARTESIAN_POINT('',(-110.323260623547,-988.680149183704,408.885832421777));
#2172=CARTESIAN_POINT('Origin',(-110.323260623547,-986.980149183704,408.885832421777));
#2173=CARTESIAN_POINT('Origin',(-110.323260623547,-931.980148891027,408.885832421775));
#2174=CARTESIAN_POINT('',(-110.323260623547,-933.680148891028,408.885832421776));
#2175=CARTESIAN_POINT('Origin',(-110.323260623547,-931.980148891028,408.885832421776));
#2176=CARTESIAN_POINT('Origin',(-110.323260623547,-931.980148891028,456.385831945215));
#2177=CARTESIAN_POINT('',(-110.323260623547,-933.680148891028,456.385831945215));
#2178=CARTESIAN_POINT('Origin',(-110.323260623547,-931.980148891028,456.385831945215));
#2179=CARTESIAN_POINT('Origin',(-113.52326063816,-962.14921894063,432.635831945192));
#2180=CARTESIAN_POINT('',(-113.52326063816,-961.77796734211,434.336377386551));
#2181=CARTESIAN_POINT('',(-113.52326063816,-961.757503577443,433.900498156052));
#2182=CARTESIAN_POINT('Ctrl Pts',(-113.52326063816,-961.77796734211,434.336377386551));
#2183=CARTESIAN_POINT('Ctrl Pts',(-113.52326063816,-961.772083482948,434.282021066971));
#2184=CARTESIAN_POINT('Ctrl Pts',(-113.52326063816,-961.756410044961,434.13722657399));
#2185=CARTESIAN_POINT('Ctrl Pts',(-113.52326063816,-961.757083155051,433.991511390055));
#2186=CARTESIAN_POINT('Ctrl Pts',(-113.52326063816,-961.757503577443,433.900498156052));
#2187=CARTESIAN_POINT('',(-113.52326063816,-961.757503577443,433.607864384155));
#2188=CARTESIAN_POINT('',(-113.52326063816,-961.757503577443,433.268165050622));
#2189=CARTESIAN_POINT('',(-113.52326063816,-962.608799465867,433.607864384155));
#2190=CARTESIAN_POINT('',(-113.52326063816,-961.953361259036,433.607864384155));
#2191=CARTESIAN_POINT('',(-113.52326063816,-962.608799465867,433.939379457932));
#2192=CARTESIAN_POINT('',(-113.52326063816,-962.608799465867,433.121848164674));
#2193=CARTESIAN_POINT('',(-113.52326063816,-962.56173265812,434.418233637314));
#2194=CARTESIAN_POINT('Ctrl Pts',(-113.52326063816,-962.608799465867,433.939379457932));
#2195=CARTESIAN_POINT('Ctrl Pts',(-113.52326063816,-962.609602373806,434.039522889851));
#2196=CARTESIAN_POINT('Ctrl Pts',(-113.52326063816,-962.610898056177,434.201128066307));
#2197=CARTESIAN_POINT('Ctrl Pts',(-113.52326063816,-962.575279225769,434.358414426633));
#2198=CARTESIAN_POINT('Ctrl Pts',(-113.52326063816,-962.56173265812,434.418233637314));
#2199=CARTESIAN_POINT('',(-113.52326063816,-962.414392956467,434.607523684006));
#2200=CARTESIAN_POINT('Ctrl Pts',(-113.52326063816,-962.56173265812,434.418233637314));
#2201=CARTESIAN_POINT('Ctrl Pts',(-113.52326063816,-962.544124811489,434.456098876364));
#2202=CARTESIAN_POINT('Ctrl Pts',(-113.52326063816,-962.509507959874,434.530541560302));
#2203=CARTESIAN_POINT('Ctrl Pts',(-113.52326063816,-962.445730190822,434.582160631226));
#2204=CARTESIAN_POINT('Ctrl Pts',(-113.52326063816,-962.414392956467,434.607523684006));
#2205=CARTESIAN_POINT('',(-113.52326063816,-962.181105145188,434.676077370148));
#2206=CARTESIAN_POINT('Ctrl Pts',(-113.52326063816,-962.414392956467,434.607523684006));
#2207=CARTESIAN_POINT('Ctrl Pts',(-113.52326063816,-962.379090180389,434.627515075713));
#2208=CARTESIAN_POINT('Ctrl Pts',(-113.52326063816,-962.306728002431,434.668492607936));
#2209=CARTESIAN_POINT('Ctrl Pts',(-113.52326063816,-962.223651669911,434.673508528139));
#2210=CARTESIAN_POINT('Ctrl Pts',(-113.52326063816,-962.181105145188,434.676077370148));
#2211=CARTESIAN_POINT('',(-113.52326063816,-961.910982259484,434.579897527199));
#2212=CARTESIAN_POINT('Ctrl Pts',(-113.52326063816,-962.181105145188,434.676077370148));
#2213=CARTESIAN_POINT('Ctrl Pts',(-113.52326063816,-962.129625988069,434.672688636067));
#2214=CARTESIAN_POINT('Ctrl Pts',(-113.52326063816,-962.030295964578,434.666150008501));
#2215=CARTESIAN_POINT('Ctrl Pts',(-113.52326063816,-961.949773057421,434.607939591362));
#2216=CARTESIAN_POINT('Ctrl Pts',(-113.52326063816,-961.910982259484,434.579897527199));
#2217=CARTESIAN_POINT('Ctrl Pts',(-113.52326063816,-961.910982259484,434.579897527199));
#2218=CARTESIAN_POINT('Ctrl Pts',(-113.52326063816,-961.87878758211,434.545426347945));
#2219=CARTESIAN_POINT('Ctrl Pts',(-113.52326063816,-961.813640506368,434.475672689609));
#2220=CARTESIAN_POINT('Ctrl Pts',(-113.52326063816,-961.789950243449,434.383167793522));
#2221=CARTESIAN_POINT('Ctrl Pts',(-113.52326063816,-961.77796734211,434.336377386551));
#2222=CARTESIAN_POINT('Origin',(-113.52326063816,-962.14921894063,432.635831945192));
#2223=CARTESIAN_POINT('',(-113.52326063816,-954.548437881272,432.635831945192));
#2224=CARTESIAN_POINT('',(-113.52326063816,-962.749999999988,426.074582250219));
#2225=CARTESIAN_POINT('',(-113.52326063816,-954.548437881272,432.635831945192));
#2226=CARTESIAN_POINT('',(-113.52326063816,-962.749999999988,428.635831945192));
#2227=CARTESIAN_POINT('',(-113.52326063816,-962.749999999988,428.635831945192));
#2228=CARTESIAN_POINT('',(-113.52326063816,-969.749999999988,428.635831945192));
#2229=CARTESIAN_POINT('',(-113.52326063816,-962.749999999988,428.635831945192));
#2230=CARTESIAN_POINT('',(-113.52326063816,-969.749999999988,436.635831945192));
#2231=CARTESIAN_POINT('',(-113.52326063816,-969.749999999988,428.635831945192));
#2232=CARTESIAN_POINT('',(-113.52326063816,-962.749999999988,436.635831945192));
#2233=CARTESIAN_POINT('',(-113.52326063816,-967.749999999988,436.635831945192));
#2234=CARTESIAN_POINT('',(-113.52326063816,-962.749999999988,439.197081640165));
#2235=CARTESIAN_POINT('',(-113.52326063816,-962.749999999988,439.197081640165));
#2236=CARTESIAN_POINT('',(-113.52326063816,-954.548437881272,432.635831945192));
#2237=CARTESIAN_POINT('',(-113.52326063816,-963.6115281069,430.03078401516));
#2238=CARTESIAN_POINT('',(-113.52326063816,-962.850273081036,429.971438799601));
#2239=CARTESIAN_POINT('Ctrl Pts',(-113.52326063816,-963.6115281069,430.03078401516));
#2240=CARTESIAN_POINT('Ctrl Pts',(-113.52326063816,-963.505320341099,430.013580211492));
#2241=CARTESIAN_POINT('Ctrl Pts',(-113.52326063816,-963.253382402314,429.972770664256));
#2242=CARTESIAN_POINT('Ctrl Pts',(-113.52326063816,-962.997997249464,429.971926877123));
#2243=CARTESIAN_POINT('Ctrl Pts',(-113.52326063816,-962.850273081036,429.971438799601));
#2244=CARTESIAN_POINT('',(-113.52326063816,-961.250000127526,429.971438799601));
#2245=CARTESIAN_POINT('',(-113.52326063816,-962.499746010833,429.971438799601));
#2246=CARTESIAN_POINT('',(-113.52326063816,-961.250000127526,430.577168766957));
#2247=CARTESIAN_POINT('',(-113.52326063816,-961.250000127526,431.303635372396));
#2248=CARTESIAN_POINT('',(-113.52326063816,-962.874829598637,430.577168766957));
#2249=CARTESIAN_POINT('',(-113.52326063816,-961.699609534078,430.577168766957));
#2250=CARTESIAN_POINT('',(-113.52326063816,-963.376194068165,430.599678908091));
#2251=CARTESIAN_POINT('Ctrl Pts',(-113.52326063816,-962.874829598637,430.577168766957));
#2252=CARTESIAN_POINT('Ctrl Pts',(-113.52326063816,-962.981209009373,430.576535859166));
#2253=CARTESIAN_POINT('Ctrl Pts',(-113.52326063816,-963.148797767733,430.575538784357));
#2254=CARTESIAN_POINT('Ctrl Pts',(-113.52326063816,-963.315359739395,430.593220807317));
#2255=CARTESIAN_POINT('Ctrl Pts',(-113.52326063816,-963.376194068165,430.599678908091));
#2256=CARTESIAN_POINT('',(-113.52326063816,-963.671896585198,430.784876648884));
#2257=CARTESIAN_POINT('Ctrl Pts',(-113.52326063816,-963.376194068165,430.599678908091));
#2258=CARTESIAN_POINT('Ctrl Pts',(-113.52326063816,-963.434439958263,430.616960803493));
#2259=CARTESIAN_POINT('Ctrl Pts',(-113.52326063816,-963.550203192722,430.651308430526));
#2260=CARTESIAN_POINT('Ctrl Pts',(-113.52326063816,-963.631502671413,430.740541102089));
#2261=CARTESIAN_POINT('Ctrl Pts',(-113.52326063816,-963.671896585198,430.784876648884));
#2262=CARTESIAN_POINT('',(-113.52326063816,-963.783424624177,431.184945110779));
#2263=CARTESIAN_POINT('Ctrl Pts',(-113.52326063816,-963.671896585198,430.784876648884));
#2264=CARTESIAN_POINT('Ctrl Pts',(-113.52326063816,-963.704361953184,430.841253359604));
#2265=CARTESIAN_POINT('Ctrl Pts',(-113.52326063816,-963.775417404049,430.9646424615));
#2266=CARTESIAN_POINT('Ctrl Pts',(-113.52326063816,-963.780606458422,431.107408915698));
#2267=CARTESIAN_POINT('Ctrl Pts',(-113.52326063816,-963.783424624177,431.184945110779));
#2268=CARTESIAN_POINT('',(-113.52326063816,-963.67803586361,431.573758129578));
#2269=CARTESIAN_POINT('Ctrl Pts',(-113.52326063816,-963.783424624177,431.184945110779));
#2270=CARTESIAN_POINT('Ctrl Pts',(-113.52326063816,-963.781435139974,431.262303961833));
#2271=CARTESIAN_POINT('Ctrl Pts',(-113.52326063816,-963.777865006724,431.401124569669));
#2272=CARTESIAN_POINT('Ctrl Pts',(-113.52326063816,-963.708670984808,431.520781114394));
#2273=CARTESIAN_POINT('Ctrl Pts',(-113.52326063816,-963.67803586361,431.573758129578));
#2274=CARTESIAN_POINT('',(-113.52326063816,-963.419168122979,431.731329564553));
#2275=CARTESIAN_POINT('Ctrl Pts',(-113.52326063816,-963.67803586361,431.573758129578));
#2276=CARTESIAN_POINT('Ctrl Pts',(-113.52326063816,-963.641461112197,431.612964770362));
#2277=CARTESIAN_POINT('Ctrl Pts',(-113.52326063816,-963.569816989619,431.689764345745));
#2278=CARTESIAN_POINT('Ctrl Pts',(-113.52326063816,-963.468676023381,431.717669941624));
#2279=CARTESIAN_POINT('Ctrl Pts',(-113.52326063816,-963.419168122979,431.731329564553));
#2280=CARTESIAN_POINT('',(-113.52326063816,-962.909618147584,431.757932905655));
#2281=CARTESIAN_POINT('Ctrl Pts',(-113.52326063816,-963.419168122979,431.731329564553));
#2282=CARTESIAN_POINT('Ctrl Pts',(-113.52326063816,-963.351187617905,431.739017180034));
#2283=CARTESIAN_POINT('Ctrl Pts',(-113.52326063816,-963.181950515383,431.758155457515));
#2284=CARTESIAN_POINT('Ctrl Pts',(-113.52326063816,-963.01156303185,431.758016215707));
#2285=CARTESIAN_POINT('Ctrl Pts',(-113.52326063816,-962.909618147584,431.757932905655));
#2286=CARTESIAN_POINT('',(-113.52326063816,-961.250000127526,431.757932905655));
#2287=CARTESIAN_POINT('',(-113.52326063816,-962.529418544107,431.757932905655));
#2288=CARTESIAN_POINT('',(-113.52326063816,-961.250000127526,432.363662723999));
#2289=CARTESIAN_POINT('',(-113.52326063816,-961.250000127526,432.196882425424));
#2290=CARTESIAN_POINT('',(-113.52326063816,-962.825716265412,432.363662723999));
#2291=CARTESIAN_POINT('',(-113.52326063816,-961.699609534078,432.363662723999));
#2292=CARTESIAN_POINT('',(-113.52326063816,-963.589018114777,432.314549390774));
#2293=CARTESIAN_POINT('Ctrl Pts',(-113.52326063816,-962.825716265412,432.363662723999));
#2294=CARTESIAN_POINT('Ctrl Pts',(-113.52326063816,-962.979688979638,432.363934550262));
#2295=CARTESIAN_POINT('Ctrl Pts',(-113.52326063816,-963.235368896316,432.364385932292));
#2296=CARTESIAN_POINT('Ctrl Pts',(-113.52326063816,-963.488374664765,432.328732149319));
#2297=CARTESIAN_POINT('Ctrl Pts',(-113.52326063816,-963.589018114777,432.314549390774));
#2298=CARTESIAN_POINT('',(-113.52326063816,-963.965552874776,432.133444253903));
#2299=CARTESIAN_POINT('Ctrl Pts',(-113.52326063816,-963.589018114777,432.314549390774));
#2300=CARTESIAN_POINT('Ctrl Pts',(-113.52326063816,-963.659605431845,432.295457162406));
#2301=CARTESIAN_POINT('Ctrl Pts',(-113.52326063816,-963.79646279648,432.258440426709));
#2302=CARTESIAN_POINT('Ctrl Pts',(-113.52326063816,-963.910387462041,432.174224088725));
#2303=CARTESIAN_POINT('Ctrl Pts',(-113.52326063816,-963.965552874776,432.133444253903));
#2304=CARTESIAN_POINT('',(-113.52326063816,-964.210095533105,431.780442897778));
#2305=CARTESIAN_POINT('Ctrl Pts',(-113.52326063816,-963.965552874776,432.133444253903));
#2306=CARTESIAN_POINT('Ctrl Pts',(-113.52326063816,-964.014703848843,432.084265028116));
#2307=CARTESIAN_POINT('Ctrl Pts',(-113.52326063816,-964.11744489656,431.981464925388));
#2308=CARTESIAN_POINT('Ctrl Pts',(-113.52326063816,-964.178335034026,431.849352946978));
#2309=CARTESIAN_POINT('Ctrl Pts',(-113.52326063816,-964.210095533105,431.780442897778));
#2310=CARTESIAN_POINT('',(-113.52326063816,-964.301160105439,431.203362349968));
#2311=CARTESIAN_POINT('Ctrl Pts',(-113.52326063816,-964.210095533105,431.780442897778));
#2312=CARTESIAN_POINT('Ctrl Pts',(-113.52326063816,-964.236585369176,431.696142630348));
#2313=CARTESIAN_POINT('Ctrl Pts',(-113.52326063816,-964.2955242201,431.50857782695));
#2314=CARTESIAN_POINT('Ctrl Pts',(-113.52326063816,-964.299158976235,431.311734960068));
#2315=CARTESIAN_POINT('Ctrl Pts',(-113.52326063816,-964.301160105439,431.203362349968));
#2316=CARTESIAN_POINT('',(-113.52326063816,-964.201910027238,430.551588837605));
#2317=CARTESIAN_POINT('Ctrl Pts',(-113.52326063816,-964.301160105439,431.203362349968));
#2318=CARTESIAN_POINT('Ctrl Pts',(-113.52326063816,-964.299982173918,431.076240114971));
#2319=CARTESIAN_POINT('Ctrl Pts',(-113.52326063816,-964.297921037793,430.853802540097));
#2320=CARTESIAN_POINT('Ctrl Pts',(-113.52326063816,-964.230710147325,430.642242928979));
#2321=CARTESIAN_POINT('Ctrl Pts',(-113.52326063816,-964.201910027238,430.551588837605));
#2322=CARTESIAN_POINT('',(-113.52326063816,-963.944065698357,430.200634006958));
#2323=CARTESIAN_POINT('Ctrl Pts',(-113.52326063816,-964.201910027238,430.551588837605));
#2324=CARTESIAN_POINT('Ctrl Pts',(-113.52326063816,-964.167650758773,430.482536729046));
#2325=CARTESIAN_POINT('Ctrl Pts',(-113.52326063816,-964.102093823632,430.350401841027));
#2326=CARTESIAN_POINT('Ctrl Pts',(-113.52326063816,-963.995131022024,430.249030094099));
#2327=CARTESIAN_POINT('Ctrl Pts',(-113.52326063816,-963.944065698357,430.200634006958));
#2328=CARTESIAN_POINT('Ctrl Pts',(-113.52326063816,-963.944065698357,430.200634006958));
#2329=CARTESIAN_POINT('Ctrl Pts',(-113.52326063816,-963.891642629383,430.161590321014));
#2330=CARTESIAN_POINT('Ctrl Pts',(-113.52326063816,-963.790326123188,430.086131750462));
#2331=CARTESIAN_POINT('Ctrl Pts',(-113.52326063816,-963.669726980994,430.048799740083));
#2332=CARTESIAN_POINT('Ctrl Pts',(-113.52326063816,-963.6115281069,430.03078401516));
#2333=CARTESIAN_POINT('',(-113.52326063816,-963.118349441262,433.607864384155));
#2334=CARTESIAN_POINT('',(-113.52326063816,-964.250000246735,433.607864384156));
#2335=CARTESIAN_POINT('',(-113.52326063816,-962.633784190946,433.607864384155));
#2336=CARTESIAN_POINT('',(-113.52326063816,-964.250000246735,433.002134863835));
#2337=CARTESIAN_POINT('',(-113.52326063816,-964.250000246735,433.121848164674));
#2338=CARTESIAN_POINT('',(-113.52326063816,-961.250000127526,433.002134863835));
#2339=CARTESIAN_POINT('',(-113.52326063816,-963.199609593682,433.002134863835));
#2340=CARTESIAN_POINT('',(-113.52326063816,-961.250000127526,433.974167708855));
#2341=CARTESIAN_POINT('',(-113.52326063816,-961.250000127526,432.818983404513));
#2342=CARTESIAN_POINT('',(-113.52326063816,-961.295020707818,434.694495205383));
#2343=CARTESIAN_POINT('Ctrl Pts',(-113.52326063816,-961.250000127526,433.974167708855));
#2344=CARTESIAN_POINT('Ctrl Pts',(-113.52326063816,-961.248839210687,434.126656111026));
#2345=CARTESIAN_POINT('Ctrl Pts',(-113.52326063816,-961.24700146693,434.368046880493));
#2346=CARTESIAN_POINT('Ctrl Pts',(-113.52326063816,-961.282095752027,434.606627715411));
#2347=CARTESIAN_POINT('Ctrl Pts',(-113.52326063816,-961.295020707818,434.694495205383));
#2348=CARTESIAN_POINT('',(-113.52326063816,-961.588676997395,435.126281980972));
#2349=CARTESIAN_POINT('Ctrl Pts',(-113.52326063816,-961.295020707818,434.694495205383));
#2350=CARTESIAN_POINT('Ctrl Pts',(-113.52326063816,-961.324812903471,434.777460071229));
#2351=CARTESIAN_POINT('Ctrl Pts',(-113.52326063816,-961.385516156638,434.946505592881));
#2352=CARTESIAN_POINT('Ctrl Pts',(-113.52326063816,-961.520129666891,435.065624664112));
#2353=CARTESIAN_POINT('Ctrl Pts',(-113.52326063816,-961.588676997395,435.126281980972));
#2354=CARTESIAN_POINT('',(-113.52326063816,-962.172919639321,435.300225023728));
#2355=CARTESIAN_POINT('Ctrl Pts',(-113.52326063816,-961.588676997395,435.126281980972));
#2356=CARTESIAN_POINT('Ctrl Pts',(-113.52326063816,-961.672827756393,435.17696429766));
#2357=CARTESIAN_POINT('Ctrl Pts',(-113.52326063816,-961.852123960665,435.284950810367));
#2358=CARTESIAN_POINT('Ctrl Pts',(-113.52326063816,-962.061703839029,435.294929647338));
#2359=CARTESIAN_POINT('Ctrl Pts',(-113.52326063816,-962.172919639321,435.300225023728));
#2360=CARTESIAN_POINT('',(-113.52326063816,-962.637449034424,435.199952129822));
#2361=CARTESIAN_POINT('Ctrl Pts',(-113.52326063816,-962.172919639321,435.300225023728));
#2362=CARTESIAN_POINT('Ctrl Pts',(-113.52326063816,-962.258891832142,435.297291692945));
#2363=CARTESIAN_POINT('Ctrl Pts',(-113.52326063816,-962.420005837508,435.291794558861));
#2364=CARTESIAN_POINT('Ctrl Pts',(-113.52326063816,-962.568290627717,435.229162866927));
#2365=CARTESIAN_POINT('Ctrl Pts',(-113.52326063816,-962.637449034424,435.199952129822));
#2366=CARTESIAN_POINT('',(-113.52326063816,-962.93315184948,434.945176844101));
#2367=CARTESIAN_POINT('Ctrl Pts',(-113.52326063816,-962.637449034424,435.199952129822));
#2368=CARTESIAN_POINT('Ctrl Pts',(-113.52326063816,-962.696205765579,435.165160066836));
#2369=CARTESIAN_POINT('Ctrl Pts',(-113.52326063816,-962.810005910351,435.097774735368));
#2370=CARTESIAN_POINT('Ctrl Pts',(-113.52326063816,-962.893005971678,434.994924130443));
#2371=CARTESIAN_POINT('Ctrl Pts',(-113.52326063816,-962.93315184948,434.945176844101));
#2372=CARTESIAN_POINT('',(-113.52326063816,-963.075375386449,434.631056789856));
#2373=CARTESIAN_POINT('Ctrl Pts',(-113.52326063816,-962.93315184948,434.945176844101));
#2374=CARTESIAN_POINT('Ctrl Pts',(-113.52326063816,-962.965701793191,434.894502157307));
#2375=CARTESIAN_POINT('Ctrl Pts',(-113.52326063816,-963.028519482948,434.79670577456));
#2376=CARTESIAN_POINT('Ctrl Pts',(-113.52326063816,-963.060139677708,434.684919366301));
#2377=CARTESIAN_POINT('Ctrl Pts',(-113.52326063816,-963.075375386449,434.631056789856));
#2378=CARTESIAN_POINT('',(-113.52326063816,-963.118349441262,434.002816681366));
#2379=CARTESIAN_POINT('Ctrl Pts',(-113.52326063816,-963.075375386449,434.631056789856));
#2380=CARTESIAN_POINT('Ctrl Pts',(-113.52326063816,-963.08783812005,434.542680188396));
#2381=CARTESIAN_POINT('Ctrl Pts',(-113.52326063816,-963.117209402749,434.334400510071));
#2382=CARTESIAN_POINT('Ctrl Pts',(-113.52326063816,-963.117932922955,434.12396235606));
#2383=CARTESIAN_POINT('Ctrl Pts',(-113.52326063816,-963.118349441262,434.002816681366));
#2384=CARTESIAN_POINT('',(-113.52326063816,-963.118349441262,433.319324313279));
#2385=CARTESIAN_POINT('Ctrl Pts',(-113.52326063816,-961.77796734211,434.336377386551));
#2386=CARTESIAN_POINT('Ctrl Pts',(-112.72326063816,-961.77796734211,434.336377386551));
#2387=CARTESIAN_POINT('Ctrl Pts',(-113.52326063816,-961.772083482948,434.282021066971));
#2388=CARTESIAN_POINT('Ctrl Pts',(-112.72326063816,-961.772083482948,434.282021066971));
#2389=CARTESIAN_POINT('Ctrl Pts',(-113.52326063816,-961.756410044961,434.13722657399));
#2390=CARTESIAN_POINT('Ctrl Pts',(-112.72326063816,-961.756410044961,434.13722657399));
#2391=CARTESIAN_POINT('Ctrl Pts',(-113.52326063816,-961.757083155051,433.991511390055));
#2392=CARTESIAN_POINT('Ctrl Pts',(-112.72326063816,-961.757083155051,433.991511390055));
#2393=CARTESIAN_POINT('Ctrl Pts',(-113.52326063816,-961.757503577443,433.900498156052));
#2394=CARTESIAN_POINT('Ctrl Pts',(-112.72326063816,-961.757503577443,433.900498156052));
#2395=CARTESIAN_POINT('',(-112.72326063816,-961.77796734211,434.336377386551));
#2396=CARTESIAN_POINT('',(-113.02326063816,-961.77796734211,434.336377386551));
#2397=CARTESIAN_POINT('',(-112.72326063816,-961.757503577443,433.900498156052));
#2398=CARTESIAN_POINT('Ctrl Pts',(-112.72326063816,-961.77796734211,434.336377386551));
#2399=CARTESIAN_POINT('Ctrl Pts',(-112.72326063816,-961.772083482948,434.282021066971));
#2400=CARTESIAN_POINT('Ctrl Pts',(-112.72326063816,-961.756410044961,434.13722657399));
#2401=CARTESIAN_POINT('Ctrl Pts',(-112.72326063816,-961.757083155051,433.991511390055));
#2402=CARTESIAN_POINT('Ctrl Pts',(-112.72326063816,-961.757503577443,433.900498156052));
#2403=CARTESIAN_POINT('',(-113.02326063816,-961.757503577443,433.900498156052));
#2404=CARTESIAN_POINT('Ctrl Pts',(-113.52326063816,-961.910982259484,434.579897527199));
#2405=CARTESIAN_POINT('Ctrl Pts',(-112.72326063816,-961.910982259484,434.579897527199));
#2406=CARTESIAN_POINT('Ctrl Pts',(-113.52326063816,-961.87878758211,434.545426347945));
#2407=CARTESIAN_POINT('Ctrl Pts',(-112.72326063816,-961.87878758211,434.545426347945));
#2408=CARTESIAN_POINT('Ctrl Pts',(-113.52326063816,-961.813640506368,434.475672689609));
#2409=CARTESIAN_POINT('Ctrl Pts',(-112.72326063816,-961.813640506368,434.475672689609));
#2410=CARTESIAN_POINT('Ctrl Pts',(-113.52326063816,-961.789950243449,434.383167793522));
#2411=CARTESIAN_POINT('Ctrl Pts',(-112.72326063816,-961.789950243449,434.383167793522));
#2412=CARTESIAN_POINT('Ctrl Pts',(-113.52326063816,-961.77796734211,434.336377386551));
#2413=CARTESIAN_POINT('Ctrl Pts',(-112.72326063816,-961.77796734211,434.336377386551));
#2414=CARTESIAN_POINT('',(-112.72326063816,-961.910982259484,434.579897527199));
#2415=CARTESIAN_POINT('',(-113.02326063816,-961.910982259484,434.579897527199));
#2416=CARTESIAN_POINT('Ctrl Pts',(-112.72326063816,-961.910982259484,434.579897527199));
#2417=CARTESIAN_POINT('Ctrl Pts',(-112.72326063816,-961.87878758211,434.545426347945));
#2418=CARTESIAN_POINT('Ctrl Pts',(-112.72326063816,-961.813640506368,434.475672689609));
#2419=CARTESIAN_POINT('Ctrl Pts',(-112.72326063816,-961.789950243449,434.383167793522));
#2420=CARTESIAN_POINT('Ctrl Pts',(-112.72326063816,-961.77796734211,434.336377386551));
#2421=CARTESIAN_POINT('Ctrl Pts',(-113.52326063816,-962.181105145188,434.676077370148));
#2422=CARTESIAN_POINT('Ctrl Pts',(-112.72326063816,-962.181105145188,434.676077370148));
#2423=CARTESIAN_POINT('Ctrl Pts',(-113.52326063816,-962.129625988069,434.672688636067));
#2424=CARTESIAN_POINT('Ctrl Pts',(-112.72326063816,-962.129625988069,434.672688636067));
#2425=CARTESIAN_POINT('Ctrl Pts',(-113.52326063816,-962.030295964578,434.666150008501));
#2426=CARTESIAN_POINT('Ctrl Pts',(-112.72326063816,-962.030295964578,434.666150008501));
#2427=CARTESIAN_POINT('Ctrl Pts',(-113.52326063816,-961.949773057421,434.607939591362));
#2428=CARTESIAN_POINT('Ctrl Pts',(-112.72326063816,-961.949773057421,434.607939591362));
#2429=CARTESIAN_POINT('Ctrl Pts',(-113.52326063816,-961.910982259484,434.579897527199));
#2430=CARTESIAN_POINT('Ctrl Pts',(-112.72326063816,-961.910982259484,434.579897527199));
#2431=CARTESIAN_POINT('',(-112.72326063816,-962.181105145188,434.676077370148));
#2432=CARTESIAN_POINT('',(-113.02326063816,-962.181105145188,434.676077370148));
#2433=CARTESIAN_POINT('Ctrl Pts',(-112.72326063816,-962.181105145188,434.676077370148));
#2434=CARTESIAN_POINT('Ctrl Pts',(-112.72326063816,-962.129625988069,434.672688636067));
#2435=CARTESIAN_POINT('Ctrl Pts',(-112.72326063816,-962.030295964578,434.666150008501));
#2436=CARTESIAN_POINT('Ctrl Pts',(-112.72326063816,-961.949773057421,434.607939591362));
#2437=CARTESIAN_POINT('Ctrl Pts',(-112.72326063816,-961.910982259484,434.579897527199));
#2438=CARTESIAN_POINT('Ctrl Pts',(-113.52326063816,-962.414392956467,434.607523684006));
#2439=CARTESIAN_POINT('Ctrl Pts',(-112.72326063816,-962.414392956467,434.607523684006));
#2440=CARTESIAN_POINT('Ctrl Pts',(-113.52326063816,-962.379090180389,434.627515075713));
#2441=CARTESIAN_POINT('Ctrl Pts',(-112.72326063816,-962.379090180389,434.627515075713));
#2442=CARTESIAN_POINT('Ctrl Pts',(-113.52326063816,-962.306728002431,434.668492607936));
#2443=CARTESIAN_POINT('Ctrl Pts',(-112.72326063816,-962.306728002431,434.668492607936));
#2444=CARTESIAN_POINT('Ctrl Pts',(-113.52326063816,-962.223651669911,434.673508528139));
#2445=CARTESIAN_POINT('Ctrl Pts',(-112.72326063816,-962.223651669911,434.673508528139));
#2446=CARTESIAN_POINT('Ctrl Pts',(-113.52326063816,-962.181105145188,434.676077370148));
#2447=CARTESIAN_POINT('Ctrl Pts',(-112.72326063816,-962.181105145188,434.676077370148));
#2448=CARTESIAN_POINT('',(-112.72326063816,-962.414392956467,434.607523684006));
#2449=CARTESIAN_POINT('',(-113.02326063816,-962.414392956467,434.607523684006));
#2450=CARTESIAN_POINT('Ctrl Pts',(-112.72326063816,-962.414392956467,434.607523684006));
#2451=CARTESIAN_POINT('Ctrl Pts',(-112.72326063816,-962.379090180389,434.627515075713));
#2452=CARTESIAN_POINT('Ctrl Pts',(-112.72326063816,-962.306728002431,434.668492607936));
#2453=CARTESIAN_POINT('Ctrl Pts',(-112.72326063816,-962.223651669911,434.673508528139));
#2454=CARTESIAN_POINT('Ctrl Pts',(-112.72326063816,-962.181105145188,434.676077370148));
#2455=CARTESIAN_POINT('Ctrl Pts',(-113.52326063816,-962.56173265812,434.418233637314));
#2456=CARTESIAN_POINT('Ctrl Pts',(-112.72326063816,-962.56173265812,434.418233637314));
#2457=CARTESIAN_POINT('Ctrl Pts',(-113.52326063816,-962.544124811489,434.456098876364));
#2458=CARTESIAN_POINT('Ctrl Pts',(-112.72326063816,-962.544124811489,434.456098876364));
#2459=CARTESIAN_POINT('Ctrl Pts',(-113.52326063816,-962.509507959874,434.530541560302));
#2460=CARTESIAN_POINT('Ctrl Pts',(-112.72326063816,-962.509507959874,434.530541560302));
#2461=CARTESIAN_POINT('Ctrl Pts',(-113.52326063816,-962.445730190822,434.582160631226));
#2462=CARTESIAN_POINT('Ctrl Pts',(-112.72326063816,-962.445730190822,434.582160631226));
#2463=CARTESIAN_POINT('Ctrl Pts',(-113.52326063816,-962.414392956467,434.607523684006));
#2464=CARTESIAN_POINT('Ctrl Pts',(-112.72326063816,-962.414392956467,434.607523684006));
#2465=CARTESIAN_POINT('',(-112.72326063816,-962.56173265812,434.418233637314));
#2466=CARTESIAN_POINT('',(-113.02326063816,-962.56173265812,434.418233637314));
#2467=CARTESIAN_POINT('Ctrl Pts',(-112.72326063816,-962.56173265812,434.418233637314));
#2468=CARTESIAN_POINT('Ctrl Pts',(-112.72326063816,-962.544124811489,434.456098876364));
#2469=CARTESIAN_POINT('Ctrl Pts',(-112.72326063816,-962.509507959874,434.530541560302));
#2470=CARTESIAN_POINT('Ctrl Pts',(-112.72326063816,-962.445730190822,434.582160631226));
#2471=CARTESIAN_POINT('Ctrl Pts',(-112.72326063816,-962.414392956467,434.607523684006));
#2472=CARTESIAN_POINT('Ctrl Pts',(-113.52326063816,-962.608799465867,433.939379457932));
#2473=CARTESIAN_POINT('Ctrl Pts',(-112.72326063816,-962.608799465867,433.939379457932));
#2474=CARTESIAN_POINT('Ctrl Pts',(-113.52326063816,-962.609602373806,434.039522889851));
#2475=CARTESIAN_POINT('Ctrl Pts',(-112.72326063816,-962.609602373806,434.039522889851));
#2476=CARTESIAN_POINT('Ctrl Pts',(-113.52326063816,-962.610898056177,434.201128066307));
#2477=CARTESIAN_POINT('Ctrl Pts',(-112.72326063816,-962.610898056177,434.201128066307));
#2478=CARTESIAN_POINT('Ctrl Pts',(-113.52326063816,-962.575279225769,434.358414426633));
#2479=CARTESIAN_POINT('Ctrl Pts',(-112.72326063816,-962.575279225769,434.358414426633));
#2480=CARTESIAN_POINT('Ctrl Pts',(-113.52326063816,-962.56173265812,434.418233637314));
#2481=CARTESIAN_POINT('Ctrl Pts',(-112.72326063816,-962.56173265812,434.418233637314));
#2482=CARTESIAN_POINT('',(-112.72326063816,-962.608799465867,433.939379457932));
#2483=CARTESIAN_POINT('',(-113.02326063816,-962.608799465867,433.939379457932));
#2484=CARTESIAN_POINT('Ctrl Pts',(-112.72326063816,-962.608799465867,433.939379457932));
#2485=CARTESIAN_POINT('Ctrl Pts',(-112.72326063816,-962.609602373806,434.039522889851));
#2486=CARTESIAN_POINT('Ctrl Pts',(-112.72326063816,-962.610898056177,434.201128066307));
#2487=CARTESIAN_POINT('Ctrl Pts',(-112.72326063816,-962.575279225769,434.358414426633));
#2488=CARTESIAN_POINT('Ctrl Pts',(-112.72326063816,-962.56173265812,434.418233637314));
#2489=CARTESIAN_POINT('Origin',(-113.02326063816,-962.608799465867,433.607864384155));
#2490=CARTESIAN_POINT('',(-112.72326063816,-962.608799465867,433.607864384155));
#2491=CARTESIAN_POINT('',(-113.02326063816,-962.608799465867,433.607864384155));
#2492=CARTESIAN_POINT('',(-112.72326063816,-962.608799465867,433.607864384155));
#2493=CARTESIAN_POINT('Origin',(-113.02326063816,-961.757503577443,433.607864384155));
#2494=CARTESIAN_POINT('',(-112.72326063816,-961.757503577443,433.607864384155));
#2495=CARTESIAN_POINT('',(-113.02326063816,-961.757503577443,433.607864384155));
#2496=CARTESIAN_POINT('',(-112.72326063816,-961.757503577443,433.607864384155));
#2497=CARTESIAN_POINT('Origin',(-113.02326063816,-961.757503577443,433.900498156052));
#2498=CARTESIAN_POINT('',(-112.72326063816,-961.757503577443,433.900498156052));
#2499=CARTESIAN_POINT('Origin',(-113.02326063816,-963.118349441262,433.607864384155));
#2500=CARTESIAN_POINT('',(-112.72326063816,-963.118349441262,433.607864384155));
#2501=CARTESIAN_POINT('',(-113.02326063816,-963.118349441262,433.607864384155));
#2502=CARTESIAN_POINT('',(-112.72326063816,-964.250000246735,433.607864384156));
#2503=CARTESIAN_POINT('',(-112.72326063816,-963.118349441262,433.607864384155));
#2504=CARTESIAN_POINT('',(-113.02326063816,-964.250000246735,433.607864384156));
#2505=CARTESIAN_POINT('Origin',(-113.02326063816,-963.118349441262,434.002816681366));
#2506=CARTESIAN_POINT('',(-112.72326063816,-963.118349441262,434.002816681366));
#2507=CARTESIAN_POINT('',(-113.02326063816,-963.118349441262,434.002816681366));
#2508=CARTESIAN_POINT('',(-112.72326063816,-963.118349441262,434.002816681366));
#2509=CARTESIAN_POINT('Ctrl Pts',(-113.52326063816,-963.075375386449,434.631056789856));
#2510=CARTESIAN_POINT('Ctrl Pts',(-112.72326063816,-963.075375386449,434.631056789856));
#2511=CARTESIAN_POINT('Ctrl Pts',(-113.52326063816,-963.08783812005,434.542680188396));
#2512=CARTESIAN_POINT('Ctrl Pts',(-112.72326063816,-963.08783812005,434.542680188396));
#2513=CARTESIAN_POINT('Ctrl Pts',(-113.52326063816,-963.117209402749,434.334400510071));
#2514=CARTESIAN_POINT('Ctrl Pts',(-112.72326063816,-963.117209402749,434.334400510071));
#2515=CARTESIAN_POINT('Ctrl Pts',(-113.52326063816,-963.117932922955,434.12396235606));
#2516=CARTESIAN_POINT('Ctrl Pts',(-112.72326063816,-963.117932922955,434.12396235606));
#2517=CARTESIAN_POINT('Ctrl Pts',(-113.52326063816,-963.118349441262,434.002816681366));
#2518=CARTESIAN_POINT('Ctrl Pts',(-112.72326063816,-963.118349441262,434.002816681366));
#2519=CARTESIAN_POINT('',(-112.72326063816,-963.075375386449,434.631056789856));
#2520=CARTESIAN_POINT('',(-113.02326063816,-963.075375386449,434.631056789856));
#2521=CARTESIAN_POINT('Ctrl Pts',(-112.72326063816,-963.075375386449,434.631056789856));
#2522=CARTESIAN_POINT('Ctrl Pts',(-112.72326063816,-963.08783812005,434.542680188396));
#2523=CARTESIAN_POINT('Ctrl Pts',(-112.72326063816,-963.117209402749,434.334400510071));
#2524=CARTESIAN_POINT('Ctrl Pts',(-112.72326063816,-963.117932922955,434.12396235606));
#2525=CARTESIAN_POINT('Ctrl Pts',(-112.72326063816,-963.118349441262,434.002816681366));
#2526=CARTESIAN_POINT('Ctrl Pts',(-113.52326063816,-962.93315184948,434.945176844101));
#2527=CARTESIAN_POINT('Ctrl Pts',(-112.72326063816,-962.93315184948,434.945176844101));
#2528=CARTESIAN_POINT('Ctrl Pts',(-113.52326063816,-962.965701793191,434.894502157307));
#2529=CARTESIAN_POINT('Ctrl Pts',(-112.72326063816,-962.965701793191,434.894502157307));
#2530=CARTESIAN_POINT('Ctrl Pts',(-113.52326063816,-963.028519482948,434.79670577456));
#2531=CARTESIAN_POINT('Ctrl Pts',(-112.72326063816,-963.028519482948,434.79670577456));
#2532=CARTESIAN_POINT('Ctrl Pts',(-113.52326063816,-963.060139677708,434.684919366301));
#2533=CARTESIAN_POINT('Ctrl Pts',(-112.72326063816,-963.060139677708,434.684919366301));
#2534=CARTESIAN_POINT('Ctrl Pts',(-113.52326063816,-963.075375386449,434.631056789856));
#2535=CARTESIAN_POINT('Ctrl Pts',(-112.72326063816,-963.075375386449,434.631056789856));
#2536=CARTESIAN_POINT('',(-112.72326063816,-962.93315184948,434.945176844101));
#2537=CARTESIAN_POINT('',(-113.02326063816,-962.93315184948,434.945176844101));
#2538=CARTESIAN_POINT('Ctrl Pts',(-112.72326063816,-962.93315184948,434.945176844101));
#2539=CARTESIAN_POINT('Ctrl Pts',(-112.72326063816,-962.965701793191,434.894502157307));
#2540=CARTESIAN_POINT('Ctrl Pts',(-112.72326063816,-963.028519482948,434.79670577456));
#2541=CARTESIAN_POINT('Ctrl Pts',(-112.72326063816,-963.060139677708,434.684919366301));
#2542=CARTESIAN_POINT('Ctrl Pts',(-112.72326063816,-963.075375386449,434.631056789856));
#2543=CARTESIAN_POINT('Ctrl Pts',(-113.52326063816,-962.637449034424,435.199952129822));
#2544=CARTESIAN_POINT('Ctrl Pts',(-112.72326063816,-962.637449034424,435.199952129822));
#2545=CARTESIAN_POINT('Ctrl Pts',(-113.52326063816,-962.696205765579,435.165160066836));
#2546=CARTESIAN_POINT('Ctrl Pts',(-112.72326063816,-962.696205765579,435.165160066836));
#2547=CARTESIAN_POINT('Ctrl Pts',(-113.52326063816,-962.810005910351,435.097774735368));
#2548=CARTESIAN_POINT('Ctrl Pts',(-112.72326063816,-962.810005910351,435.097774735368));
#2549=CARTESIAN_POINT('Ctrl Pts',(-113.52326063816,-962.893005971678,434.994924130443));
#2550=CARTESIAN_POINT('Ctrl Pts',(-112.72326063816,-962.893005971678,434.994924130443));
#2551=CARTESIAN_POINT('Ctrl Pts',(-113.52326063816,-962.93315184948,434.945176844101));
#2552=CARTESIAN_POINT('Ctrl Pts',(-112.72326063816,-962.93315184948,434.945176844101));
#2553=CARTESIAN_POINT('',(-112.72326063816,-962.637449034424,435.199952129822));
#2554=CARTESIAN_POINT('',(-113.02326063816,-962.637449034424,435.199952129822));
#2555=CARTESIAN_POINT('Ctrl Pts',(-112.72326063816,-962.637449034424,435.199952129822));
#2556=CARTESIAN_POINT('Ctrl Pts',(-112.72326063816,-962.696205765579,435.165160066836));
#2557=CARTESIAN_POINT('Ctrl Pts',(-112.72326063816,-962.810005910351,435.097774735368));
#2558=CARTESIAN_POINT('Ctrl Pts',(-112.72326063816,-962.893005971678,434.994924130443));
#2559=CARTESIAN_POINT('Ctrl Pts',(-112.72326063816,-962.93315184948,434.945176844101));
#2560=CARTESIAN_POINT('Ctrl Pts',(-113.52326063816,-962.172919639321,435.300225023728));
#2561=CARTESIAN_POINT('Ctrl Pts',(-112.72326063816,-962.172919639321,435.300225023728));
#2562=CARTESIAN_POINT('Ctrl Pts',(-113.52326063816,-962.258891832142,435.297291692945));
#2563=CARTESIAN_POINT('Ctrl Pts',(-112.72326063816,-962.258891832142,435.297291692945));
#2564=CARTESIAN_POINT('Ctrl Pts',(-113.52326063816,-962.420005837508,435.291794558861));
#2565=CARTESIAN_POINT('Ctrl Pts',(-112.72326063816,-962.420005837508,435.291794558861));
#2566=CARTESIAN_POINT('Ctrl Pts',(-113.52326063816,-962.568290627717,435.229162866927));
#2567=CARTESIAN_POINT('Ctrl Pts',(-112.72326063816,-962.568290627717,435.229162866927));
#2568=CARTESIAN_POINT('Ctrl Pts',(-113.52326063816,-962.637449034424,435.199952129822));
#2569=CARTESIAN_POINT('Ctrl Pts',(-112.72326063816,-962.637449034424,435.199952129822));
#2570=CARTESIAN_POINT('',(-112.72326063816,-962.172919639321,435.300225023728));
#2571=CARTESIAN_POINT('',(-113.02326063816,-962.172919639321,435.300225023728));
#2572=CARTESIAN_POINT('Ctrl Pts',(-112.72326063816,-962.172919639321,435.300225023728));
#2573=CARTESIAN_POINT('Ctrl Pts',(-112.72326063816,-962.258891832142,435.297291692945));
#2574=CARTESIAN_POINT('Ctrl Pts',(-112.72326063816,-962.420005837508,435.291794558861));
#2575=CARTESIAN_POINT('Ctrl Pts',(-112.72326063816,-962.568290627717,435.229162866927));
#2576=CARTESIAN_POINT('Ctrl Pts',(-112.72326063816,-962.637449034424,435.199952129822));
#2577=CARTESIAN_POINT('Ctrl Pts',(-113.52326063816,-961.588676997395,435.126281980972));
#2578=CARTESIAN_POINT('Ctrl Pts',(-112.72326063816,-961.588676997395,435.126281980972));
#2579=CARTESIAN_POINT('Ctrl Pts',(-113.52326063816,-961.672827756393,435.17696429766));
#2580=CARTESIAN_POINT('Ctrl Pts',(-112.72326063816,-961.672827756393,435.17696429766));
#2581=CARTESIAN_POINT('Ctrl Pts',(-113.52326063816,-961.852123960665,435.284950810367));
#2582=CARTESIAN_POINT('Ctrl Pts',(-112.72326063816,-961.852123960665,435.284950810367));
#2583=CARTESIAN_POINT('Ctrl Pts',(-113.52326063816,-962.061703839029,435.294929647338));
#2584=CARTESIAN_POINT('Ctrl Pts',(-112.72326063816,-962.061703839029,435.294929647338));
#2585=CARTESIAN_POINT('Ctrl Pts',(-113.52326063816,-962.172919639321,435.300225023728));
#2586=CARTESIAN_POINT('Ctrl Pts',(-112.72326063816,-962.172919639321,435.300225023728));
#2587=CARTESIAN_POINT('',(-112.72326063816,-961.588676997395,435.126281980972));
#2588=CARTESIAN_POINT('',(-113.02326063816,-961.588676997395,435.126281980972));
#2589=CARTESIAN_POINT('Ctrl Pts',(-112.72326063816,-961.588676997395,435.126281980972));
#2590=CARTESIAN_POINT('Ctrl Pts',(-112.72326063816,-961.672827756393,435.17696429766));
#2591=CARTESIAN_POINT('Ctrl Pts',(-112.72326063816,-961.852123960665,435.284950810367));
#2592=CARTESIAN_POINT('Ctrl Pts',(-112.72326063816,-962.061703839029,435.294929647338));
#2593=CARTESIAN_POINT('Ctrl Pts',(-112.72326063816,-962.172919639321,435.300225023728));
#2594=CARTESIAN_POINT('Ctrl Pts',(-113.52326063816,-961.295020707818,434.694495205383));
#2595=CARTESIAN_POINT('Ctrl Pts',(-112.72326063816,-961.295020707818,434.694495205383));
#2596=CARTESIAN_POINT('Ctrl Pts',(-113.52326063816,-961.324812903471,434.777460071229));
#2597=CARTESIAN_POINT('Ctrl Pts',(-112.72326063816,-961.324812903471,434.777460071229));
#2598=CARTESIAN_POINT('Ctrl Pts',(-113.52326063816,-961.385516156638,434.946505592881));
#2599=CARTESIAN_POINT('Ctrl Pts',(-112.72326063816,-961.385516156638,434.946505592881));
#2600=CARTESIAN_POINT('Ctrl Pts',(-113.52326063816,-961.520129666891,435.065624664112));
#2601=CARTESIAN_POINT('Ctrl Pts',(-112.72326063816,-961.520129666891,435.065624664112));
#2602=CARTESIAN_POINT('Ctrl Pts',(-113.52326063816,-961.588676997395,435.126281980972));
#2603=CARTESIAN_POINT('Ctrl Pts',(-112.72326063816,-961.588676997395,435.126281980972));
#2604=CARTESIAN_POINT('',(-112.72326063816,-961.295020707818,434.694495205383));
#2605=CARTESIAN_POINT('',(-113.02326063816,-961.295020707818,434.694495205383));
#2606=CARTESIAN_POINT('Ctrl Pts',(-112.72326063816,-961.295020707818,434.694495205383));
#2607=CARTESIAN_POINT('Ctrl Pts',(-112.72326063816,-961.324812903471,434.777460071229));
#2608=CARTESIAN_POINT('Ctrl Pts',(-112.72326063816,-961.385516156638,434.946505592881));
#2609=CARTESIAN_POINT('Ctrl Pts',(-112.72326063816,-961.520129666891,435.065624664112));
#2610=CARTESIAN_POINT('Ctrl Pts',(-112.72326063816,-961.588676997395,435.126281980972));
#2611=CARTESIAN_POINT('Ctrl Pts',(-113.52326063816,-961.250000127526,433.974167708855));
#2612=CARTESIAN_POINT('Ctrl Pts',(-112.72326063816,-961.250000127526,433.974167708855));
#2613=CARTESIAN_POINT('Ctrl Pts',(-113.52326063816,-961.248839210687,434.126656111026));
#2614=CARTESIAN_POINT('Ctrl Pts',(-112.72326063816,-961.248839210687,434.126656111026));
#2615=CARTESIAN_POINT('Ctrl Pts',(-113.52326063816,-961.24700146693,434.368046880493));
#2616=CARTESIAN_POINT('Ctrl Pts',(-112.72326063816,-961.24700146693,434.368046880493));
#2617=CARTESIAN_POINT('Ctrl Pts',(-113.52326063816,-961.282095752027,434.606627715411));
#2618=CARTESIAN_POINT('Ctrl Pts',(-112.72326063816,-961.282095752027,434.606627715411));
#2619=CARTESIAN_POINT('Ctrl Pts',(-113.52326063816,-961.295020707818,434.694495205383));
#2620=CARTESIAN_POINT('Ctrl Pts',(-112.72326063816,-961.295020707818,434.694495205383));
#2621=CARTESIAN_POINT('',(-112.72326063816,-961.250000127526,433.974167708855));
#2622=CARTESIAN_POINT('',(-113.02326063816,-961.250000127526,433.974167708855));
#2623=CARTESIAN_POINT('Ctrl Pts',(-112.72326063816,-961.250000127526,433.974167708855));
#2624=CARTESIAN_POINT('Ctrl Pts',(-112.72326063816,-961.248839210687,434.126656111026));
#2625=CARTESIAN_POINT('Ctrl Pts',(-112.72326063816,-961.24700146693,434.368046880493));
#2626=CARTESIAN_POINT('Ctrl Pts',(-112.72326063816,-961.282095752027,434.606627715411));
#2627=CARTESIAN_POINT('Ctrl Pts',(-112.72326063816,-961.295020707818,434.694495205383));
#2628=CARTESIAN_POINT('Origin',(-113.02326063816,-961.250000127526,433.002134863835));
#2629=CARTESIAN_POINT('',(-112.72326063816,-961.250000127526,433.002134863835));
#2630=CARTESIAN_POINT('',(-113.02326063816,-961.250000127526,433.002134863835));
#2631=CARTESIAN_POINT('',(-112.72326063816,-961.250000127526,433.002134863835));
#2632=CARTESIAN_POINT('Origin',(-113.02326063816,-964.250000246735,433.002134863835));
#2633=CARTESIAN_POINT('',(-112.72326063816,-964.250000246735,433.002134863835));
#2634=CARTESIAN_POINT('',(-113.02326063816,-964.250000246735,433.002134863835));
#2635=CARTESIAN_POINT('',(-112.72326063816,-964.250000246735,433.002134863835));
#2636=CARTESIAN_POINT('Origin',(-113.02326063816,-964.250000246735,433.607864384156));
#2637=CARTESIAN_POINT('',(-112.72326063816,-964.250000246735,433.607864384156));
#2638=CARTESIAN_POINT('Origin',(-112.72326063816,-962.774080786184,432.635831911664));
#2639=CARTESIAN_POINT('Ctrl Pts',(-113.52326063816,-963.6115281069,430.03078401516));
#2640=CARTESIAN_POINT('Ctrl Pts',(-112.72326063816,-963.6115281069,430.03078401516));
#2641=CARTESIAN_POINT('Ctrl Pts',(-113.52326063816,-963.505320341099,430.013580211492));
#2642=CARTESIAN_POINT('Ctrl Pts',(-112.72326063816,-963.505320341099,430.013580211492));
#2643=CARTESIAN_POINT('Ctrl Pts',(-113.52326063816,-963.253382402314,429.972770664256));
#2644=CARTESIAN_POINT('Ctrl Pts',(-112.72326063816,-963.253382402314,429.972770664256));
#2645=CARTESIAN_POINT('Ctrl Pts',(-113.52326063816,-962.997997249464,429.971926877123));
#2646=CARTESIAN_POINT('Ctrl Pts',(-112.72326063816,-962.997997249464,429.971926877123));
#2647=CARTESIAN_POINT('Ctrl Pts',(-113.52326063816,-962.850273081036,429.971438799601));
#2648=CARTESIAN_POINT('Ctrl Pts',(-112.72326063816,-962.850273081036,429.971438799601));
#2649=CARTESIAN_POINT('',(-112.72326063816,-963.6115281069,430.03078401516));
#2650=CARTESIAN_POINT('',(-113.02326063816,-963.6115281069,430.03078401516));
#2651=CARTESIAN_POINT('',(-112.72326063816,-962.850273081036,429.971438799601));
#2652=CARTESIAN_POINT('Ctrl Pts',(-112.72326063816,-963.6115281069,430.03078401516));
#2653=CARTESIAN_POINT('Ctrl Pts',(-112.72326063816,-963.505320341099,430.013580211492));
#2654=CARTESIAN_POINT('Ctrl Pts',(-112.72326063816,-963.253382402314,429.972770664256));
#2655=CARTESIAN_POINT('Ctrl Pts',(-112.72326063816,-962.997997249464,429.971926877123));
#2656=CARTESIAN_POINT('Ctrl Pts',(-112.72326063816,-962.850273081036,429.971438799601));
#2657=CARTESIAN_POINT('',(-113.02326063816,-962.850273081036,429.971438799601));
#2658=CARTESIAN_POINT('Ctrl Pts',(-113.52326063816,-963.944065698357,430.200634006958));
#2659=CARTESIAN_POINT('Ctrl Pts',(-112.72326063816,-963.944065698357,430.200634006958));
#2660=CARTESIAN_POINT('Ctrl Pts',(-113.52326063816,-963.891642629383,430.161590321014));
#2661=CARTESIAN_POINT('Ctrl Pts',(-112.72326063816,-963.891642629383,430.161590321014));
#2662=CARTESIAN_POINT('Ctrl Pts',(-113.52326063816,-963.790326123188,430.086131750462));
#2663=CARTESIAN_POINT('Ctrl Pts',(-112.72326063816,-963.790326123188,430.086131750462));
#2664=CARTESIAN_POINT('Ctrl Pts',(-113.52326063816,-963.669726980994,430.048799740083));
#2665=CARTESIAN_POINT('Ctrl Pts',(-112.72326063816,-963.669726980994,430.048799740083));
#2666=CARTESIAN_POINT('Ctrl Pts',(-113.52326063816,-963.6115281069,430.03078401516));
#2667=CARTESIAN_POINT('Ctrl Pts',(-112.72326063816,-963.6115281069,430.03078401516));
#2668=CARTESIAN_POINT('',(-112.72326063816,-963.944065698357,430.200634006958));
#2669=CARTESIAN_POINT('',(-113.02326063816,-963.944065698357,430.200634006958));
#2670=CARTESIAN_POINT('Ctrl Pts',(-112.72326063816,-963.944065698357,430.200634006958));
#2671=CARTESIAN_POINT('Ctrl Pts',(-112.72326063816,-963.891642629383,430.161590321014));
#2672=CARTESIAN_POINT('Ctrl Pts',(-112.72326063816,-963.790326123188,430.086131750462));
#2673=CARTESIAN_POINT('Ctrl Pts',(-112.72326063816,-963.669726980994,430.048799740083));
#2674=CARTESIAN_POINT('Ctrl Pts',(-112.72326063816,-963.6115281069,430.03078401516));
#2675=CARTESIAN_POINT('Ctrl Pts',(-113.52326063816,-964.201910027238,430.551588837605));
#2676=CARTESIAN_POINT('Ctrl Pts',(-112.72326063816,-964.201910027238,430.551588837605));
#2677=CARTESIAN_POINT('Ctrl Pts',(-113.52326063816,-964.167650758773,430.482536729046));
#2678=CARTESIAN_POINT('Ctrl Pts',(-112.72326063816,-964.167650758773,430.482536729046));
#2679=CARTESIAN_POINT('Ctrl Pts',(-113.52326063816,-964.102093823632,430.350401841027));
#2680=CARTESIAN_POINT('Ctrl Pts',(-112.72326063816,-964.102093823632,430.350401841027));
#2681=CARTESIAN_POINT('Ctrl Pts',(-113.52326063816,-963.995131022024,430.249030094099));
#2682=CARTESIAN_POINT('Ctrl Pts',(-112.72326063816,-963.995131022024,430.249030094099));
#2683=CARTESIAN_POINT('Ctrl Pts',(-113.52326063816,-963.944065698357,430.200634006958));
#2684=CARTESIAN_POINT('Ctrl Pts',(-112.72326063816,-963.944065698357,430.200634006958));
#2685=CARTESIAN_POINT('',(-112.72326063816,-964.201910027238,430.551588837605));
#2686=CARTESIAN_POINT('',(-113.02326063816,-964.201910027238,430.551588837605));
#2687=CARTESIAN_POINT('Ctrl Pts',(-112.72326063816,-964.201910027238,430.551588837605));
#2688=CARTESIAN_POINT('Ctrl Pts',(-112.72326063816,-964.167650758773,430.482536729046));
#2689=CARTESIAN_POINT('Ctrl Pts',(-112.72326063816,-964.102093823632,430.350401841027));
#2690=CARTESIAN_POINT('Ctrl Pts',(-112.72326063816,-963.995131022024,430.249030094099));
#2691=CARTESIAN_POINT('Ctrl Pts',(-112.72326063816,-963.944065698357,430.200634006958));
#2692=CARTESIAN_POINT('Ctrl Pts',(-113.52326063816,-964.301160105439,431.203362349968));
#2693=CARTESIAN_POINT('Ctrl Pts',(-112.72326063816,-964.301160105439,431.203362349968));
#2694=CARTESIAN_POINT('Ctrl Pts',(-113.52326063816,-964.299982173918,431.076240114971));
#2695=CARTESIAN_POINT('Ctrl Pts',(-112.72326063816,-964.299982173918,431.076240114971));
#2696=CARTESIAN_POINT('Ctrl Pts',(-113.52326063816,-964.297921037793,430.853802540097));
#2697=CARTESIAN_POINT('Ctrl Pts',(-112.72326063816,-964.297921037793,430.853802540097));
#2698=CARTESIAN_POINT('Ctrl Pts',(-113.52326063816,-964.230710147325,430.642242928979));
#2699=CARTESIAN_POINT('Ctrl Pts',(-112.72326063816,-964.230710147325,430.642242928979));
#2700=CARTESIAN_POINT('Ctrl Pts',(-113.52326063816,-964.201910027238,430.551588837605));
#2701=CARTESIAN_POINT('Ctrl Pts',(-112.72326063816,-964.201910027238,430.551588837605));
#2702=CARTESIAN_POINT('',(-112.72326063816,-964.301160105439,431.203362349968));
#2703=CARTESIAN_POINT('',(-113.02326063816,-964.301160105439,431.203362349968));
#2704=CARTESIAN_POINT('Ctrl Pts',(-112.72326063816,-964.301160105439,431.203362349968));
#2705=CARTESIAN_POINT('Ctrl Pts',(-112.72326063816,-964.299982173918,431.076240114971));
#2706=CARTESIAN_POINT('Ctrl Pts',(-112.72326063816,-964.297921037793,430.853802540097));
#2707=CARTESIAN_POINT('Ctrl Pts',(-112.72326063816,-964.230710147325,430.642242928979));
#2708=CARTESIAN_POINT('Ctrl Pts',(-112.72326063816,-964.201910027238,430.551588837605));
#2709=CARTESIAN_POINT('Ctrl Pts',(-113.52326063816,-964.210095533105,431.780442897778));
#2710=CARTESIAN_POINT('Ctrl Pts',(-112.72326063816,-964.210095533105,431.780442897778));
#2711=CARTESIAN_POINT('Ctrl Pts',(-113.52326063816,-964.236585369176,431.696142630348));
#2712=CARTESIAN_POINT('Ctrl Pts',(-112.72326063816,-964.236585369176,431.696142630348));
#2713=CARTESIAN_POINT('Ctrl Pts',(-113.52326063816,-964.2955242201,431.50857782695));
#2714=CARTESIAN_POINT('Ctrl Pts',(-112.72326063816,-964.2955242201,431.50857782695));
#2715=CARTESIAN_POINT('Ctrl Pts',(-113.52326063816,-964.299158976235,431.311734960068));
#2716=CARTESIAN_POINT('Ctrl Pts',(-112.72326063816,-964.299158976235,431.311734960068));
#2717=CARTESIAN_POINT('Ctrl Pts',(-113.52326063816,-964.301160105439,431.203362349968));
#2718=CARTESIAN_POINT('Ctrl Pts',(-112.72326063816,-964.301160105439,431.203362349968));
#2719=CARTESIAN_POINT('',(-112.72326063816,-964.210095533105,431.780442897778));
#2720=CARTESIAN_POINT('',(-113.02326063816,-964.210095533105,431.780442897778));
#2721=CARTESIAN_POINT('Ctrl Pts',(-112.72326063816,-964.210095533105,431.780442897778));
#2722=CARTESIAN_POINT('Ctrl Pts',(-112.72326063816,-964.236585369176,431.696142630348));
#2723=CARTESIAN_POINT('Ctrl Pts',(-112.72326063816,-964.2955242201,431.50857782695));
#2724=CARTESIAN_POINT('Ctrl Pts',(-112.72326063816,-964.299158976235,431.311734960068));
#2725=CARTESIAN_POINT('Ctrl Pts',(-112.72326063816,-964.301160105439,431.203362349968));
#2726=CARTESIAN_POINT('Ctrl Pts',(-113.52326063816,-963.965552874776,432.133444253903));
#2727=CARTESIAN_POINT('Ctrl Pts',(-112.72326063816,-963.965552874776,432.133444253903));
#2728=CARTESIAN_POINT('Ctrl Pts',(-113.52326063816,-964.014703848843,432.084265028116));
#2729=CARTESIAN_POINT('Ctrl Pts',(-112.72326063816,-964.014703848843,432.084265028116));
#2730=CARTESIAN_POINT('Ctrl Pts',(-113.52326063816,-964.11744489656,431.981464925388));
#2731=CARTESIAN_POINT('Ctrl Pts',(-112.72326063816,-964.11744489656,431.981464925388));
#2732=CARTESIAN_POINT('Ctrl Pts',(-113.52326063816,-964.178335034026,431.849352946978));
#2733=CARTESIAN_POINT('Ctrl Pts',(-112.72326063816,-964.178335034026,431.849352946978));
#2734=CARTESIAN_POINT('Ctrl Pts',(-113.52326063816,-964.210095533105,431.780442897778));
#2735=CARTESIAN_POINT('Ctrl Pts',(-112.72326063816,-964.210095533105,431.780442897778));
#2736=CARTESIAN_POINT('',(-112.72326063816,-963.965552874776,432.133444253903));
#2737=CARTESIAN_POINT('',(-113.02326063816,-963.965552874776,432.133444253903));
#2738=CARTESIAN_POINT('Ctrl Pts',(-112.72326063816,-963.965552874776,432.133444253903));
#2739=CARTESIAN_POINT('Ctrl Pts',(-112.72326063816,-964.014703848843,432.084265028116));
#2740=CARTESIAN_POINT('Ctrl Pts',(-112.72326063816,-964.11744489656,431.981464925388));
#2741=CARTESIAN_POINT('Ctrl Pts',(-112.72326063816,-964.178335034026,431.849352946978));
#2742=CARTESIAN_POINT('Ctrl Pts',(-112.72326063816,-964.210095533105,431.780442897778));
#2743=CARTESIAN_POINT('Ctrl Pts',(-113.52326063816,-963.589018114777,432.314549390774));
#2744=CARTESIAN_POINT('Ctrl Pts',(-112.72326063816,-963.589018114777,432.314549390774));
#2745=CARTESIAN_POINT('Ctrl Pts',(-113.52326063816,-963.659605431845,432.295457162406));
#2746=CARTESIAN_POINT('Ctrl Pts',(-112.72326063816,-963.659605431845,432.295457162406));
#2747=CARTESIAN_POINT('Ctrl Pts',(-113.52326063816,-963.79646279648,432.258440426709));
#2748=CARTESIAN_POINT('Ctrl Pts',(-112.72326063816,-963.79646279648,432.258440426709));
#2749=CARTESIAN_POINT('Ctrl Pts',(-113.52326063816,-963.910387462041,432.174224088725));
#2750=CARTESIAN_POINT('Ctrl Pts',(-112.72326063816,-963.910387462041,432.174224088725));
#2751=CARTESIAN_POINT('Ctrl Pts',(-113.52326063816,-963.965552874776,432.133444253903));
#2752=CARTESIAN_POINT('Ctrl Pts',(-112.72326063816,-963.965552874776,432.133444253903));
#2753=CARTESIAN_POINT('',(-112.72326063816,-963.589018114777,432.314549390774));
#2754=CARTESIAN_POINT('',(-113.02326063816,-963.589018114777,432.314549390774));
#2755=CARTESIAN_POINT('Ctrl Pts',(-112.72326063816,-963.589018114777,432.314549390774));
#2756=CARTESIAN_POINT('Ctrl Pts',(-112.72326063816,-963.659605431845,432.295457162406));
#2757=CARTESIAN_POINT('Ctrl Pts',(-112.72326063816,-963.79646279648,432.258440426709));
#2758=CARTESIAN_POINT('Ctrl Pts',(-112.72326063816,-963.910387462041,432.174224088725));
#2759=CARTESIAN_POINT('Ctrl Pts',(-112.72326063816,-963.965552874776,432.133444253903));
#2760=CARTESIAN_POINT('Ctrl Pts',(-113.52326063816,-962.825716265412,432.363662723999));
#2761=CARTESIAN_POINT('Ctrl Pts',(-112.72326063816,-962.825716265412,432.363662723999));
#2762=CARTESIAN_POINT('Ctrl Pts',(-113.52326063816,-962.979688979638,432.363934550262));
#2763=CARTESIAN_POINT('Ctrl Pts',(-112.72326063816,-962.979688979638,432.363934550262));
#2764=CARTESIAN_POINT('Ctrl Pts',(-113.52326063816,-963.235368896316,432.364385932292));
#2765=CARTESIAN_POINT('Ctrl Pts',(-112.72326063816,-963.235368896316,432.364385932292));
#2766=CARTESIAN_POINT('Ctrl Pts',(-113.52326063816,-963.488374664765,432.328732149319));
#2767=CARTESIAN_POINT('Ctrl Pts',(-112.72326063816,-963.488374664765,432.328732149319));
#2768=CARTESIAN_POINT('Ctrl Pts',(-113.52326063816,-963.589018114777,432.314549390774));
#2769=CARTESIAN_POINT('Ctrl Pts',(-112.72326063816,-963.589018114777,432.314549390774));
#2770=CARTESIAN_POINT('',(-112.72326063816,-962.825716265412,432.363662723999));
#2771=CARTESIAN_POINT('',(-113.02326063816,-962.825716265412,432.363662723999));
#2772=CARTESIAN_POINT('Ctrl Pts',(-112.72326063816,-962.825716265412,432.363662723999));
#2773=CARTESIAN_POINT('Ctrl Pts',(-112.72326063816,-962.979688979638,432.363934550262));
#2774=CARTESIAN_POINT('Ctrl Pts',(-112.72326063816,-963.235368896316,432.364385932292));
#2775=CARTESIAN_POINT('Ctrl Pts',(-112.72326063816,-963.488374664765,432.328732149319));
#2776=CARTESIAN_POINT('Ctrl Pts',(-112.72326063816,-963.589018114777,432.314549390774));
#2777=CARTESIAN_POINT('Origin',(-113.02326063816,-961.250000127526,432.363662723999));
#2778=CARTESIAN_POINT('',(-112.72326063816,-961.250000127526,432.363662723999));
#2779=CARTESIAN_POINT('',(-113.02326063816,-961.250000127526,432.363662723999));
#2780=CARTESIAN_POINT('',(-112.72326063816,-961.250000127526,432.363662723999));
#2781=CARTESIAN_POINT('Origin',(-113.02326063816,-961.250000127526,431.757932905655));
#2782=CARTESIAN_POINT('',(-112.72326063816,-961.250000127526,431.757932905655));
#2783=CARTESIAN_POINT('',(-113.02326063816,-961.250000127526,431.757932905655));
#2784=CARTESIAN_POINT('',(-112.72326063816,-961.250000127526,431.757932905655));
#2785=CARTESIAN_POINT('Origin',(-113.02326063816,-962.909618147584,431.757932905655));
#2786=CARTESIAN_POINT('',(-112.72326063816,-962.909618147584,431.757932905655));
#2787=CARTESIAN_POINT('',(-113.02326063816,-962.909618147584,431.757932905655));
#2788=CARTESIAN_POINT('',(-112.72326063816,-962.909618147584,431.757932905655));
#2789=CARTESIAN_POINT('Ctrl Pts',(-113.52326063816,-963.419168122979,431.731329564553));
#2790=CARTESIAN_POINT('Ctrl Pts',(-112.72326063816,-963.419168122979,431.731329564553));
#2791=CARTESIAN_POINT('Ctrl Pts',(-113.52326063816,-963.351187617905,431.739017180034));
#2792=CARTESIAN_POINT('Ctrl Pts',(-112.72326063816,-963.351187617905,431.739017180034));
#2793=CARTESIAN_POINT('Ctrl Pts',(-113.52326063816,-963.181950515383,431.758155457515));
#2794=CARTESIAN_POINT('Ctrl Pts',(-112.72326063816,-963.181950515383,431.758155457515));
#2795=CARTESIAN_POINT('Ctrl Pts',(-113.52326063816,-963.01156303185,431.758016215707));
#2796=CARTESIAN_POINT('Ctrl Pts',(-112.72326063816,-963.01156303185,431.758016215707));
#2797=CARTESIAN_POINT('Ctrl Pts',(-113.52326063816,-962.909618147584,431.757932905655));
#2798=CARTESIAN_POINT('Ctrl Pts',(-112.72326063816,-962.909618147584,431.757932905655));
#2799=CARTESIAN_POINT('',(-112.72326063816,-963.419168122979,431.731329564553));
#2800=CARTESIAN_POINT('',(-113.02326063816,-963.419168122979,431.731329564553));
#2801=CARTESIAN_POINT('Ctrl Pts',(-112.72326063816,-963.419168122979,431.731329564553));
#2802=CARTESIAN_POINT('Ctrl Pts',(-112.72326063816,-963.351187617905,431.739017180034));
#2803=CARTESIAN_POINT('Ctrl Pts',(-112.72326063816,-963.181950515383,431.758155457515));
#2804=CARTESIAN_POINT('Ctrl Pts',(-112.72326063816,-963.01156303185,431.758016215707));
#2805=CARTESIAN_POINT('Ctrl Pts',(-112.72326063816,-962.909618147584,431.757932905655));
#2806=CARTESIAN_POINT('Ctrl Pts',(-113.52326063816,-963.67803586361,431.573758129578));
#2807=CARTESIAN_POINT('Ctrl Pts',(-112.72326063816,-963.67803586361,431.573758129578));
#2808=CARTESIAN_POINT('Ctrl Pts',(-113.52326063816,-963.641461112197,431.612964770362));
#2809=CARTESIAN_POINT('Ctrl Pts',(-112.72326063816,-963.641461112197,431.612964770362));
#2810=CARTESIAN_POINT('Ctrl Pts',(-113.52326063816,-963.569816989619,431.689764345745));
#2811=CARTESIAN_POINT('Ctrl Pts',(-112.72326063816,-963.569816989619,431.689764345745));
#2812=CARTESIAN_POINT('Ctrl Pts',(-113.52326063816,-963.468676023381,431.717669941624));
#2813=CARTESIAN_POINT('Ctrl Pts',(-112.72326063816,-963.468676023381,431.717669941624));
#2814=CARTESIAN_POINT('Ctrl Pts',(-113.52326063816,-963.419168122979,431.731329564553));
#2815=CARTESIAN_POINT('Ctrl Pts',(-112.72326063816,-963.419168122979,431.731329564553));
#2816=CARTESIAN_POINT('',(-112.72326063816,-963.67803586361,431.573758129578));
#2817=CARTESIAN_POINT('',(-113.02326063816,-963.67803586361,431.573758129578));
#2818=CARTESIAN_POINT('Ctrl Pts',(-112.72326063816,-963.67803586361,431.573758129578));
#2819=CARTESIAN_POINT('Ctrl Pts',(-112.72326063816,-963.641461112197,431.612964770362));
#2820=CARTESIAN_POINT('Ctrl Pts',(-112.72326063816,-963.569816989619,431.689764345745));
#2821=CARTESIAN_POINT('Ctrl Pts',(-112.72326063816,-963.468676023381,431.717669941624));
#2822=CARTESIAN_POINT('Ctrl Pts',(-112.72326063816,-963.419168122979,431.731329564553));
#2823=CARTESIAN_POINT('Ctrl Pts',(-113.52326063816,-963.783424624177,431.184945110779));
#2824=CARTESIAN_POINT('Ctrl Pts',(-112.72326063816,-963.783424624177,431.184945110779));
#2825=CARTESIAN_POINT('Ctrl Pts',(-113.52326063816,-963.781435139974,431.262303961833));
#2826=CARTESIAN_POINT('Ctrl Pts',(-112.72326063816,-963.781435139974,431.262303961833));
#2827=CARTESIAN_POINT('Ctrl Pts',(-113.52326063816,-963.777865006724,431.401124569669));
#2828=CARTESIAN_POINT('Ctrl Pts',(-112.72326063816,-963.777865006724,431.401124569669));
#2829=CARTESIAN_POINT('Ctrl Pts',(-113.52326063816,-963.708670984808,431.520781114394));
#2830=CARTESIAN_POINT('Ctrl Pts',(-112.72326063816,-963.708670984808,431.520781114394));
#2831=CARTESIAN_POINT('Ctrl Pts',(-113.52326063816,-963.67803586361,431.573758129578));
#2832=CARTESIAN_POINT('Ctrl Pts',(-112.72326063816,-963.67803586361,431.573758129578));
#2833=CARTESIAN_POINT('',(-112.72326063816,-963.783424624177,431.184945110779));
#2834=CARTESIAN_POINT('',(-113.02326063816,-963.783424624177,431.184945110779));
#2835=CARTESIAN_POINT('Ctrl Pts',(-112.72326063816,-963.783424624177,431.184945110779));
#2836=CARTESIAN_POINT('Ctrl Pts',(-112.72326063816,-963.781435139974,431.262303961833));
#2837=CARTESIAN_POINT('Ctrl Pts',(-112.72326063816,-963.777865006724,431.401124569669));
#2838=CARTESIAN_POINT('Ctrl Pts',(-112.72326063816,-963.708670984808,431.520781114394));
#2839=CARTESIAN_POINT('Ctrl Pts',(-112.72326063816,-963.67803586361,431.573758129578));
#2840=CARTESIAN_POINT('Ctrl Pts',(-113.52326063816,-963.671896585198,430.784876648884));
#2841=CARTESIAN_POINT('Ctrl Pts',(-112.72326063816,-963.671896585198,430.784876648884));
#2842=CARTESIAN_POINT('Ctrl Pts',(-113.52326063816,-963.704361953184,430.841253359604));
#2843=CARTESIAN_POINT('Ctrl Pts',(-112.72326063816,-963.704361953184,430.841253359604));
#2844=CARTESIAN_POINT('Ctrl Pts',(-113.52326063816,-963.775417404049,430.9646424615));
#2845=CARTESIAN_POINT('Ctrl Pts',(-112.72326063816,-963.775417404049,430.9646424615));
#2846=CARTESIAN_POINT('Ctrl Pts',(-113.52326063816,-963.780606458422,431.107408915698));
#2847=CARTESIAN_POINT('Ctrl Pts',(-112.72326063816,-963.780606458422,431.107408915698));
#2848=CARTESIAN_POINT('Ctrl Pts',(-113.52326063816,-963.783424624177,431.184945110779));
#2849=CARTESIAN_POINT('Ctrl Pts',(-112.72326063816,-963.783424624177,431.184945110779));
#2850=CARTESIAN_POINT('',(-112.72326063816,-963.671896585198,430.784876648884));
#2851=CARTESIAN_POINT('',(-113.02326063816,-963.671896585198,430.784876648884));
#2852=CARTESIAN_POINT('Ctrl Pts',(-112.72326063816,-963.671896585198,430.784876648884));
#2853=CARTESIAN_POINT('Ctrl Pts',(-112.72326063816,-963.704361953184,430.841253359604));
#2854=CARTESIAN_POINT('Ctrl Pts',(-112.72326063816,-963.775417404049,430.9646424615));
#2855=CARTESIAN_POINT('Ctrl Pts',(-112.72326063816,-963.780606458422,431.107408915698));
#2856=CARTESIAN_POINT('Ctrl Pts',(-112.72326063816,-963.783424624177,431.184945110779));
#2857=CARTESIAN_POINT('Ctrl Pts',(-113.52326063816,-963.376194068165,430.599678908091));
#2858=CARTESIAN_POINT('Ctrl Pts',(-112.72326063816,-963.376194068165,430.599678908091));
#2859=CARTESIAN_POINT('Ctrl Pts',(-113.52326063816,-963.434439958263,430.616960803493));
#2860=CARTESIAN_POINT('Ctrl Pts',(-112.72326063816,-963.434439958263,430.616960803493));
#2861=CARTESIAN_POINT('Ctrl Pts',(-113.52326063816,-963.550203192722,430.651308430526));
#2862=CARTESIAN_POINT('Ctrl Pts',(-112.72326063816,-963.550203192722,430.651308430526));
#2863=CARTESIAN_POINT('Ctrl Pts',(-113.52326063816,-963.631502671413,430.740541102089));
#2864=CARTESIAN_POINT('Ctrl Pts',(-112.72326063816,-963.631502671413,430.740541102089));
#2865=CARTESIAN_POINT('Ctrl Pts',(-113.52326063816,-963.671896585198,430.784876648884));
#2866=CARTESIAN_POINT('Ctrl Pts',(-112.72326063816,-963.671896585198,430.784876648884));
#2867=CARTESIAN_POINT('',(-112.72326063816,-963.376194068165,430.599678908091));
#2868=CARTESIAN_POINT('',(-113.02326063816,-963.376194068165,430.599678908091));
#2869=CARTESIAN_POINT('Ctrl Pts',(-112.72326063816,-963.376194068165,430.599678908091));
#2870=CARTESIAN_POINT('Ctrl Pts',(-112.72326063816,-963.434439958263,430.616960803493));
#2871=CARTESIAN_POINT('Ctrl Pts',(-112.72326063816,-963.550203192722,430.651308430526));
#2872=CARTESIAN_POINT('Ctrl Pts',(-112.72326063816,-963.631502671413,430.740541102089));
#2873=CARTESIAN_POINT('Ctrl Pts',(-112.72326063816,-963.671896585198,430.784876648884));
#2874=CARTESIAN_POINT('Ctrl Pts',(-113.52326063816,-962.874829598637,430.577168766957));
#2875=CARTESIAN_POINT('Ctrl Pts',(-112.72326063816,-962.874829598637,430.577168766957));
#2876=CARTESIAN_POINT('Ctrl Pts',(-113.52326063816,-962.981209009373,430.576535859166));
#2877=CARTESIAN_POINT('Ctrl Pts',(-112.72326063816,-962.981209009373,430.576535859166));
#2878=CARTESIAN_POINT('Ctrl Pts',(-113.52326063816,-963.148797767733,430.575538784357));
#2879=CARTESIAN_POINT('Ctrl Pts',(-112.72326063816,-963.148797767733,430.575538784357));
#2880=CARTESIAN_POINT('Ctrl Pts',(-113.52326063816,-963.315359739395,430.593220807317));
#2881=CARTESIAN_POINT('Ctrl Pts',(-112.72326063816,-963.315359739395,430.593220807317));
#2882=CARTESIAN_POINT('Ctrl Pts',(-113.52326063816,-963.376194068165,430.599678908091));
#2883=CARTESIAN_POINT('Ctrl Pts',(-112.72326063816,-963.376194068165,430.599678908091));
#2884=CARTESIAN_POINT('',(-112.72326063816,-962.874829598637,430.577168766957));
#2885=CARTESIAN_POINT('',(-113.02326063816,-962.874829598637,430.577168766957));
#2886=CARTESIAN_POINT('Ctrl Pts',(-112.72326063816,-962.874829598637,430.577168766957));
#2887=CARTESIAN_POINT('Ctrl Pts',(-112.72326063816,-962.981209009373,430.576535859166));
#2888=CARTESIAN_POINT('Ctrl Pts',(-112.72326063816,-963.148797767733,430.575538784357));
#2889=CARTESIAN_POINT('Ctrl Pts',(-112.72326063816,-963.315359739395,430.593220807317));
#2890=CARTESIAN_POINT('Ctrl Pts',(-112.72326063816,-963.376194068165,430.599678908091));
#2891=CARTESIAN_POINT('Origin',(-113.02326063816,-961.250000127526,430.577168766957));
#2892=CARTESIAN_POINT('',(-112.72326063816,-961.250000127526,430.577168766957));
#2893=CARTESIAN_POINT('',(-113.02326063816,-961.250000127526,430.577168766957));
#2894=CARTESIAN_POINT('',(-112.72326063816,-961.250000127526,430.577168766957));
#2895=CARTESIAN_POINT('Origin',(-113.02326063816,-961.250000127526,429.971438799601));
#2896=CARTESIAN_POINT('',(-112.72326063816,-961.250000127526,429.971438799601));
#2897=CARTESIAN_POINT('',(-113.02326063816,-961.250000127526,429.971438799601));
#2898=CARTESIAN_POINT('',(-112.72326063816,-961.250000127526,429.971438799601));
#2899=CARTESIAN_POINT('Origin',(-113.02326063816,-962.850273081036,429.971438799601));
#2900=CARTESIAN_POINT('',(-112.72326063816,-962.850273081036,429.971438799601));
#2901=CARTESIAN_POINT('Origin',(-112.72326063816,-962.774080786184,432.635831911664));
#2902=CARTESIAN_POINT('Origin',(-112.72326063816,-962.749999999988,439.197081640165));
#2903=CARTESIAN_POINT('',(-112.72326063816,-954.548437881272,432.635831945192));
#2904=CARTESIAN_POINT('',(-112.72326063816,-962.749999999988,439.197081640165));
#2905=CARTESIAN_POINT('',(-112.72326063816,-946.927831361572,426.539346729432));
#2906=CARTESIAN_POINT('',(-112.72326063816,-954.548437881272,432.635831945192));
#2907=CARTESIAN_POINT('',(-112.72326063816,-962.749999999988,439.197081640165));
#2908=CARTESIAN_POINT('Origin',(-112.72326063816,-962.749999999988,436.635831945192));
#2909=CARTESIAN_POINT('',(-112.72326063816,-962.749999999988,436.635831945192));
#2910=CARTESIAN_POINT('',(-112.72326063816,-962.749999999988,418.743417733109));
#2911=CARTESIAN_POINT('',(-112.72326063816,-962.749999999988,436.635831945192));
#2912=CARTESIAN_POINT('Origin',(-112.72326063816,-969.749999999988,436.635831945192));
#2913=CARTESIAN_POINT('',(-112.72326063816,-969.749999999988,436.635831945192));
#2914=CARTESIAN_POINT('',(-112.72326063816,-955.640074680641,436.635831945192));
#2915=CARTESIAN_POINT('',(-112.72326063816,-969.749999999988,436.635831945192));
#2916=CARTESIAN_POINT('Origin',(-112.72326063816,-969.749999999988,428.635831945192));
#2917=CARTESIAN_POINT('',(-112.72326063816,-969.749999999988,428.635831945192));
#2918=CARTESIAN_POINT('',(-112.72326063816,-969.749999999988,414.743417733109));
#2919=CARTESIAN_POINT('',(-112.72326063816,-969.749999999988,428.635831945192));
#2920=CARTESIAN_POINT('Origin',(-112.72326063816,-962.749999999988,428.635831945192));
#2921=CARTESIAN_POINT('',(-112.72326063816,-962.749999999988,428.635831945192));
#2922=CARTESIAN_POINT('',(-112.72326063816,-952.140074680641,428.635831945192));
#2923=CARTESIAN_POINT('',(-112.72326063816,-962.749999999988,428.635831945192));
#2924=CARTESIAN_POINT('Origin',(-112.72326063816,-962.749999999988,426.074582250219));
#2925=CARTESIAN_POINT('',(-112.72326063816,-962.749999999988,426.074582250219));
#2926=CARTESIAN_POINT('',(-112.72326063816,-962.749999999988,413.462792885622));
#2927=CARTESIAN_POINT('',(-112.72326063816,-962.749999999988,426.074582250219));
#2928=CARTESIAN_POINT('Origin',(-112.72326063816,-954.548437881272,432.635831945192));
#2929=CARTESIAN_POINT('',(-112.72326063816,-958.331844655466,429.609106525837));
#2930=CARTESIAN_POINT('Origin',(-112.72326063816,-941.530149361295,400.851003521025));
#2931=CARTESIAN_POINT('',(-112.723260623717,-1000.71660291814,404.8358319452));
#2932=CARTESIAN_POINT('',(-112.723260623708,-1000.71660291814,464.635831945189));
#2933=CARTESIAN_POINT('',(-112.72326062371,-1000.71660291814,455.484081909116));
#2934=CARTESIAN_POINT('',(-112.723260623708,-920.97369557501,464.635831945189));
#2935=CARTESIAN_POINT('',(-112.723260623709,-965.390292246568,464.63583194519));
#2936=CARTESIAN_POINT('',(-112.723260623717,-920.973695575016,404.8358319452));
#2937=CARTESIAN_POINT('',(-112.72326062371,-920.973695575012,455.484081909116));
#2938=CARTESIAN_POINT('',(-112.72326063816,-940.377148550093,404.8358319452));
#2939=CARTESIAN_POINT('',(-112.72326063816,-978.249999999989,445.135831945192));
#2940=CARTESIAN_POINT('Origin',(-112.72326063816,-978.249999999989,448.135831945192));
#2941=CARTESIAN_POINT('',(-112.72326063816,-947.249999999989,445.135831945192));
#2942=CARTESIAN_POINT('Origin',(-112.72326063816,-947.249999999989,448.135831945192));
#2943=CARTESIAN_POINT('',(-112.723260623713,-921.058622442328,434.885831945194));
#2944=CARTESIAN_POINT('Origin',(-112.723260623713,-924.601922442328,434.885831945194));
#2945=CARTESIAN_POINT('',(-112.723260623715,-933.680148891028,456.385831945215));
#2946=CARTESIAN_POINT('Origin',(-112.723260623714,-931.980148891028,456.385831945215));
#2947=CARTESIAN_POINT('',(-112.723260623715,-933.680148891028,408.885832421776));
#2948=CARTESIAN_POINT('Origin',(-112.723260623714,-931.980148891028,408.885832421776));
#2949=CARTESIAN_POINT('',(-112.723260623714,-988.680149183705,456.385831945216));
#2950=CARTESIAN_POINT('Origin',(-112.723260623714,-986.980149183705,456.385831945216));
#2951=CARTESIAN_POINT('',(-112.723260623714,-988.680149183704,408.885832421777));
#2952=CARTESIAN_POINT('Origin',(-112.723260623714,-986.980149183704,408.885832421777));
#2953=CARTESIAN_POINT('',(-112.72326063816,-947.249999999989,414.135831945192));
#2954=CARTESIAN_POINT('Origin',(-112.72326063816,-947.249999999989,417.135831945192));
#2955=CARTESIAN_POINT('',(-112.72326063816,-978.249999999989,414.135831945192));
#2956=CARTESIAN_POINT('Origin',(-112.72326063816,-978.249999999989,417.135831945192));
#2957=CARTESIAN_POINT('',(-112.723260623713,-993.530076050824,434.885831945193));
#2958=CARTESIAN_POINT('Origin',(-112.723260623713,-997.073376050824,434.885831945193));
#2959=CARTESIAN_POINT('Origin',(-112.723260623714,-997.073376050824,434.885831945193));
#2960=CARTESIAN_POINT('',(-112.475025330525,-993.530076050824,434.885831945193));
#2961=CARTESIAN_POINT('Origin',(-112.475025330525,-997.073376050824,434.885831945193));
#2962=CARTESIAN_POINT('',(-112.723260623714,-993.530076050824,434.885831945193));
#2963=CARTESIAN_POINT('Origin',(-135.801132375738,-967.180194246573,464.63583194519));
#2964=CARTESIAN_POINT('',(-107.823260623416,-1003.54561923734,464.63583194519));
#2965=CARTESIAN_POINT('',(-128.530054820565,-991.590546033564,464.63583194519));
#2966=CARTESIAN_POINT('',(-107.823260623427,-918.144679255819,464.63583194519));
#2967=CARTESIAN_POINT('',(-107.823260623418,-984.135171976278,464.63583194519));
#2968=CARTESIAN_POINT('',(-128.555148975857,-930.114240576904,464.63583194519));
#2969=CARTESIAN_POINT('Origin',(-110.415060623714,-997.073376050824,434.885831945193));
#2970=CARTESIAN_POINT('',(-110.527106506578,-995.223376050824,434.885831945193));
#2971=CARTESIAN_POINT('Origin',(-110.527106506578,-997.073376050824,434.885831945193));
#2972=CARTESIAN_POINT('',(-110.415060623714,-995.320776050824,434.885831945193));
#2973=CARTESIAN_POINT('Origin',(-106.223260623774,-997.073376050824,434.885831945193));
#2974=CARTESIAN_POINT('',(-107.823260623414,-995.223376050824,434.885831945193));
#2975=CARTESIAN_POINT('',(-106.223260623774,-995.223376050824,434.885831945193));
#2976=CARTESIAN_POINT('Origin',(-107.823260623414,-997.073376050824,434.885831945193));
#2977=CARTESIAN_POINT('Origin',(-176.826795127777,-939.224147738891,404.8358319452));
#2978=CARTESIAN_POINT('',(-107.823260623414,-1003.54561923734,404.8358319452));
#2979=CARTESIAN_POINT('',(-107.823260623426,-918.144679255819,404.8358319452));
#2980=CARTESIAN_POINT('',(-107.823260623419,-970.157148722434,404.8358319452));
#2981=CARTESIAN_POINT('',(-150.075593144311,-979.151223682514,404.8358319452));
#2982=CARTESIAN_POINT('',(-138.363424863696,-935.777051301034,404.8358319452));
#2983=CARTESIAN_POINT('Origin',(-112.723260623708,-1000.71660291814,488.335831945189));
#2984=CARTESIAN_POINT('',(-107.823260623415,-1003.54561923734,439.468843234735));
#2985=CARTESIAN_POINT('',(-110.991209816138,-1001.71660291814,416.0358319452));
#2986=CARTESIAN_POINT('Origin',(-110.991209816139,-1001.71660291814,415.1358319452));
#2987=CARTESIAN_POINT('',(-110.991209816135,-1001.71660291815,455.535831945189));
#2988=CARTESIAN_POINT('Origin',(-110.991209816135,-1001.71660291815,454.635831945189));
#2989=CARTESIAN_POINT('Origin',(-107.741209816135,-996.087437793547,454.635831945189));
#2990=CARTESIAN_POINT('',(-107.823260623416,-996.229553960562,455.535831945189));
#2991=CARTESIAN_POINT('',(-107.741209816135,-996.087437793547,455.535831945189));
#2992=CARTESIAN_POINT('Origin',(-107.823260623416,-996.229553960561,454.635831945189));
#2993=CARTESIAN_POINT('Origin',(-107.741209816138,-996.087437793545,415.1358319452));
#2994=CARTESIAN_POINT('',(-107.823260623416,-996.229553960552,416.0358319452));
#2995=CARTESIAN_POINT('',(-107.741209816138,-996.087437793545,416.0358319452));
#2996=CARTESIAN_POINT('Origin',(-107.823260623415,-996.229553960551,415.1358319452));
#2997=CARTESIAN_POINT('Origin',(-107.823260623414,-1001.09014970599,390.60185452428));
#2998=CARTESIAN_POINT('',(-107.823260623427,-918.144679255819,439.468843234735));
#2999=CARTESIAN_POINT('',(-107.823260623414,-978.249999999989,446.885831945192));
#3000=CARTESIAN_POINT('Origin',(-107.823260623414,-978.249999999989,448.135831945192));
#3001=CARTESIAN_POINT('',(-107.823260623414,-947.249999999989,415.885831945192));
#3002=CARTESIAN_POINT('Origin',(-107.823260623414,-947.249999999989,417.135831945192));
#3003=CARTESIAN_POINT('',(-107.823260623414,-989.980149183705,456.385831945216));
#3004=CARTESIAN_POINT('Origin',(-107.823260623414,-986.980149183705,456.385831945216));
#3005=CARTESIAN_POINT('',(-107.823260623414,-989.980149183704,408.885832421777));
#3006=CARTESIAN_POINT('Origin',(-107.823260623414,-986.980149183704,408.885832421777));
#3007=CARTESIAN_POINT('',(-107.823260623414,-934.980148891028,408.885832421776));
#3008=CARTESIAN_POINT('Origin',(-107.823260623414,-931.980148891028,408.885832421776));
#3009=CARTESIAN_POINT('',(-107.823260623414,-934.980148891028,456.385831945215));
#3010=CARTESIAN_POINT('Origin',(-107.823260623414,-931.980148891028,456.385831945215));
#3011=CARTESIAN_POINT('',(-107.823260623425,-925.460744532597,414.235831945198));
#3012=CARTESIAN_POINT('Origin',(-107.823260623425,-925.460744532597,415.135831945198));
#3013=CARTESIAN_POINT('',(-107.823260623426,-925.460744532566,453.735831945187));
#3014=CARTESIAN_POINT('Origin',(-107.823260623426,-925.460744532565,454.635831945187));
#3015=CARTESIAN_POINT('',(-107.823260623414,-922.751922442328,434.885831945194));
#3016=CARTESIAN_POINT('Origin',(-107.823260623414,-924.601922442328,434.885831945194));
#3017=CARTESIAN_POINT('',(-107.823260623414,-947.249999999989,446.885831945192));
#3018=CARTESIAN_POINT('Origin',(-107.823260623414,-947.249999999989,448.135831945192));
#3019=CARTESIAN_POINT('',(-107.823260623414,-978.249999999989,415.885831945192));
#3020=CARTESIAN_POINT('Origin',(-107.823260623414,-978.249999999989,417.135831945192));
#3021=CARTESIAN_POINT('Origin',(-112.72326063816,-978.249999999989,448.135831945192));
#3022=CARTESIAN_POINT('',(-116.72326063816,-978.249999999989,446.885831945192));
#3023=CARTESIAN_POINT('Origin',(-116.72326063816,-978.249999999989,448.135831945192));
#3024=CARTESIAN_POINT('',(-112.72326063816,-978.249999999989,446.885831945192));
#3025=CARTESIAN_POINT('Origin',(-112.72326063816,-978.249999999989,448.135831945192));
#3026=CARTESIAN_POINT('',(-116.72326063816,-978.249999999989,445.135831945192));
#3027=CARTESIAN_POINT('Origin',(-116.72326063816,-978.249999999989,448.135831945192));
#3028=CARTESIAN_POINT('',(-112.72326063816,-978.249999999989,445.135831945192));
#3029=CARTESIAN_POINT('Origin',(-116.72326063816,-978.249999999989,448.135831945192));
#3030=CARTESIAN_POINT('Origin',(-112.72326063816,-978.249999999989,417.135831945192));
#3031=CARTESIAN_POINT('',(-116.72326063816,-978.249999999989,415.885831945192));
#3032=CARTESIAN_POINT('Origin',(-116.72326063816,-978.249999999989,417.135831945192));
#3033=CARTESIAN_POINT('',(-112.72326063816,-978.249999999989,415.885831945192));
#3034=CARTESIAN_POINT('Origin',(-112.72326063816,-978.249999999989,417.135831945192));
#3035=CARTESIAN_POINT('',(-116.72326063816,-978.249999999989,414.135831945192));
#3036=CARTESIAN_POINT('Origin',(-116.72326063816,-978.249999999989,417.135831945192));
#3037=CARTESIAN_POINT('',(-112.72326063816,-978.249999999989,414.135831945192));
#3038=CARTESIAN_POINT('Origin',(-116.72326063816,-978.249999999989,417.135831945192));
#3039=CARTESIAN_POINT('Origin',(-112.72326063816,-947.249999999989,448.135831945192));
#3040=CARTESIAN_POINT('',(-116.72326063816,-947.249999999989,446.885831945192));
#3041=CARTESIAN_POINT('Origin',(-116.72326063816,-947.249999999989,448.135831945192));
#3042=CARTESIAN_POINT('',(-112.72326063816,-947.249999999989,446.885831945192));
#3043=CARTESIAN_POINT('Origin',(-112.72326063816,-947.249999999989,448.135831945192));
#3044=CARTESIAN_POINT('',(-116.72326063816,-947.249999999989,445.135831945192));
#3045=CARTESIAN_POINT('Origin',(-116.72326063816,-947.249999999989,448.135831945192));
#3046=CARTESIAN_POINT('',(-112.72326063816,-947.249999999989,445.135831945192));
#3047=CARTESIAN_POINT('Origin',(-116.72326063816,-947.249999999989,448.135831945192));
#3048=CARTESIAN_POINT('Origin',(-112.72326063816,-947.249999999989,417.135831945192));
#3049=CARTESIAN_POINT('',(-116.72326063816,-947.249999999989,415.885831945192));
#3050=CARTESIAN_POINT('Origin',(-116.72326063816,-947.249999999989,417.135831945192));
#3051=CARTESIAN_POINT('',(-112.72326063816,-947.249999999989,415.885831945192));
#3052=CARTESIAN_POINT('Origin',(-112.72326063816,-947.249999999989,417.135831945192));
#3053=CARTESIAN_POINT('',(-116.72326063816,-947.249999999989,414.135831945192));
#3054=CARTESIAN_POINT('Origin',(-116.72326063816,-947.249999999989,417.135831945192));
#3055=CARTESIAN_POINT('',(-112.72326063816,-947.249999999989,414.135831945192));
#3056=CARTESIAN_POINT('Origin',(-116.72326063816,-947.249999999989,417.135831945192));
#3057=CARTESIAN_POINT('Origin',(-110.415060623714,-924.601922442328,434.885831945193));
#3058=CARTESIAN_POINT('',(-110.527106506578,-922.751922442328,434.885831945194));
#3059=CARTESIAN_POINT('Origin',(-110.527106506578,-924.601922442328,434.885831945194));
#3060=CARTESIAN_POINT('',(-112.475025330525,-921.058622442328,434.885831945194));
#3061=CARTESIAN_POINT('',(-110.415060623714,-922.849322442328,434.885831945193));
#3062=CARTESIAN_POINT('Origin',(-112.475025330525,-924.601922442328,434.885831945194));
#3063=CARTESIAN_POINT('Origin',(-110.023260623547,-930.780148891028,456.385831945215));
#3064=CARTESIAN_POINT('',(-110.023260623547,-934.980148891028,456.385831945215));
#3065=CARTESIAN_POINT('Origin',(-110.023260623547,-931.980148891028,456.385831945215));
#3066=CARTESIAN_POINT('Origin',(-110.023260623547,-930.780148891028,408.885832421776));
#3067=CARTESIAN_POINT('',(-110.023260623547,-934.980148891028,408.885832421776));
#3068=CARTESIAN_POINT('Origin',(-110.023260623547,-931.980148891028,408.885832421776));
#3069=CARTESIAN_POINT('Origin',(-110.023260623547,-986.980149183705,456.385831945216));
#3070=CARTESIAN_POINT('',(-110.023260623547,-989.980149183705,456.385831945216));
#3071=CARTESIAN_POINT('Origin',(-110.023260623547,-986.980149183705,456.385831945216));
#3072=CARTESIAN_POINT('Origin',(-110.023260623547,-986.980149183704,408.885832421777));
#3073=CARTESIAN_POINT('',(-110.023260623547,-989.980149183704,408.885832421777));
#3074=CARTESIAN_POINT('Origin',(-110.023260623547,-986.980149183704,408.885832421777));
#3075=CARTESIAN_POINT('Origin',(-106.223260623774,-924.601922442328,434.885831945194));
#3076=CARTESIAN_POINT('',(-106.223260623774,-922.751922442328,434.885831945194));
#3077=CARTESIAN_POINT('Origin',(-107.74120981613,-925.602860699604,454.635831945187));
#3078=CARTESIAN_POINT('',(-110.99120981613,-919.973695575005,453.735831945187));
#3079=CARTESIAN_POINT('Origin',(-110.99120981613,-919.973695575005,454.635831945187));
#3080=CARTESIAN_POINT('',(-107.74120981613,-925.602860699604,453.735831945187));
#3081=CARTESIAN_POINT('Origin',(-107.741209816143,-925.602860699611,415.135831945198));
#3082=CARTESIAN_POINT('',(-110.991209816143,-919.973695575013,414.235831945198));
#3083=CARTESIAN_POINT('Origin',(-110.991209816143,-919.973695575013,415.135831945198));
#3084=CARTESIAN_POINT('',(-107.741209816143,-925.602860699611,414.235831945198));
#3085=CARTESIAN_POINT('Origin',(-109.723260623547,-931.980148891028,456.385831945215));
#3086=CARTESIAN_POINT('',(-109.723260623547,-934.980148891028,456.385831945215));
#3087=CARTESIAN_POINT('Origin',(-109.723260623547,-931.980148891028,408.885832421776));
#3088=CARTESIAN_POINT('',(-109.723260623547,-934.980148891028,408.885832421776));
#3089=CARTESIAN_POINT('Origin',(-109.023260623547,-986.980149183704,408.885832421777));
#3090=CARTESIAN_POINT('',(-109.023260623547,-989.980149183704,408.885832421777));
#3091=CARTESIAN_POINT('Origin',(-109.023260623547,-986.980149183705,456.385831945216));
#3092=CARTESIAN_POINT('',(-109.023260623547,-989.980149183705,456.385831945216));
#3093=CARTESIAN_POINT('Origin',(-112.723260623714,-924.601922442328,434.885831945194));
#3094=CARTESIAN_POINT('',(-112.723260623714,-921.058622442328,434.885831945194));
#3095=CARTESIAN_POINT('Origin',(-111.723260623547,-931.980148891028,456.385831945215));
#3096=CARTESIAN_POINT('',(-111.723260623547,-933.680148891028,456.385831945215));
#3097=CARTESIAN_POINT('Origin',(-111.723260623547,-931.980148891028,408.885832421776));
#3098=CARTESIAN_POINT('',(-111.723260623547,-933.680148891028,408.885832421776));
#3099=CARTESIAN_POINT('Origin',(-110.023260623547,-986.980149183705,456.385831945216));
#3100=CARTESIAN_POINT('',(-110.023260623547,-988.680149183705,456.385831945216));
#3101=CARTESIAN_POINT('Origin',(-110.023260623547,-986.980149183704,408.885832421777));
#3102=CARTESIAN_POINT('',(-110.023260623547,-988.680149183704,408.885832421777));
#3103=CARTESIAN_POINT('Origin',(-108.023260623395,-918.260149309639,488.335831945189));
#3104=UNCERTAINTY_MEASURE_WITH_UNIT(LENGTH_MEASURE(0.01),#3108,
'DISTANCE_ACCURACY_VALUE',
'Maximum model space distance between geometric entities at asserted c
onnectivities');
#3105=UNCERTAINTY_MEASURE_WITH_UNIT(LENGTH_MEASURE(0.01),#3108,
'DISTANCE_ACCURACY_VALUE',
'Maximum model space distance between geometric entities at asserted c
onnectivities');
#3106=(
GEOMETRIC_REPRESENTATION_CONTEXT(3)
GLOBAL_UNCERTAINTY_ASSIGNED_CONTEXT((#3104))
GLOBAL_UNIT_ASSIGNED_CONTEXT((#3108,#3110,#3111))
REPRESENTATION_CONTEXT('','3D')
);
#3107=(
GEOMETRIC_REPRESENTATION_CONTEXT(3)
GLOBAL_UNCERTAINTY_ASSIGNED_CONTEXT((#3105))
GLOBAL_UNIT_ASSIGNED_CONTEXT((#3108,#3110,#3111))
REPRESENTATION_CONTEXT('','3D')
);
#3108=(
LENGTH_UNIT()
NAMED_UNIT(*)
SI_UNIT(.MILLI.,.METRE.)
);
#3109=(
LENGTH_UNIT()
NAMED_UNIT(*)
SI_UNIT($,.METRE.)
);
#3110=(
NAMED_UNIT(*)
PLANE_ANGLE_UNIT()
SI_UNIT($,.RADIAN.)
);
#3111=(
NAMED_UNIT(*)
SI_UNIT($,.STERADIAN.)
SOLID_ANGLE_UNIT()
);
#3112=SHAPE_DEFINITION_REPRESENTATION(#3113,#3114);
#3113=PRODUCT_DEFINITION_SHAPE('',$,#3116);
#3114=SHAPE_REPRESENTATION('',(#1684),#3106);
#3115=PRODUCT_DEFINITION_CONTEXT('part definition',#3120,'design');
#3116=PRODUCT_DEFINITION('2026-07-20-14-13-38-152','wall-plate',#3117,#3115);
#3117=PRODUCT_DEFINITION_FORMATION('',$,#3122);
#3118=PRODUCT_RELATED_PRODUCT_CATEGORY('wall-plate','wall-plate',(#3122));
#3119=APPLICATION_PROTOCOL_DEFINITION('international standard',
'automotive_design',2009,#3120);
#3120=APPLICATION_CONTEXT(
'Core Data for Automotive Mechanical Design Process');
#3121=PRODUCT_CONTEXT('part definition',#3120,'mechanical');
#3122=PRODUCT('2026-07-20-14-13-38-152','wall-plate',$,(#3121));
#3123=PRESENTATION_STYLE_ASSIGNMENT((#3125));
#3124=PRESENTATION_STYLE_ASSIGNMENT((#3126));
#3125=SURFACE_STYLE_USAGE(.BOTH.,#3127);
#3126=SURFACE_STYLE_USAGE(.BOTH.,#3128);
#3127=SURFACE_SIDE_STYLE('',(#3129));
#3128=SURFACE_SIDE_STYLE('',(#3130));
#3129=SURFACE_STYLE_FILL_AREA(#3131);
#3130=SURFACE_STYLE_FILL_AREA(#3132);
#3131=FILL_AREA_STYLE('Steel - Satin',(#3133));
#3132=FILL_AREA_STYLE('Plastic - Translucent Matte (White) 3D Printed',
(#3134));
#3133=FILL_AREA_STYLE_COLOUR('Steel - Satin',#3135);
#3134=FILL_AREA_STYLE_COLOUR(
'Plastic - Translucent Matte (White) 3D Printed',#3136);
#3135=COLOUR_RGB('Steel - Satin',0.627450980392157,0.627450980392157,0.627450980392157);
#3136=COLOUR_RGB('Plastic - Translucent Matte (White) 3D Printed',0.964705882352941,
0.964705882352941,0.952941176470588);
ENDSEC;
END-ISO-10303-21;
