ISO-10303-21;
HEADER;
/* Generated by software containing ST-Developer
 * from STEP Tools, Inc. (www.steptools.com) 
 */

FILE_DESCRIPTION(
/* description */ (''),
/* implementation_level */ '2;1');

FILE_NAME(
/* name */ 'carriage-top-right.step',
/* time_stamp */ '2026-02-12T10:40:12-08:00',
/* author */ (''),
/* organization */ (''),
/* preprocessor_version */ 'ST-DEVELOPER v20.1',
/* originating_system */ 'Autodesk Translation Framework v14.24.0.0',
/* authorisation */ '');

FILE_SCHEMA (('AUTOMOTIVE_DESIGN { 1 0 10303 214 3 1 1 }'));
ENDSEC;

DATA;
#10=MECHANICAL_DESIGN_GEOMETRIC_PRESENTATION_REPRESENTATION('',(#13),#2008);
#11=SHAPE_REPRESENTATION_RELATIONSHIP('SRR','None',#2015,#12);
#12=ADVANCED_BREP_SHAPE_REPRESENTATION('',(#14),#2007);
#13=STYLED_ITEM('',(#2025),#14);
#14=MANIFOLD_SOLID_BREP('Body5',#1201);
#15=ELLIPSE('',#1258,7.07106781194051,5.);
#16=ELLIPSE('',#1259,7.07106781194051,5.);
#17=ELLIPSE('',#1273,4.24264068716471,3.);
#18=ELLIPSE('',#1274,4.24264068716471,3.);
#19=ELLIPSE('',#1278,4.24264068711917,3.);
#20=ELLIPSE('',#1279,4.24264068711917,3.);
#21=FACE_BOUND('',#147,.T.);
#22=FACE_BOUND('',#148,.T.);
#23=FACE_BOUND('',#150,.T.);
#24=FACE_BOUND('',#151,.T.);
#25=FACE_BOUND('',#158,.T.);
#26=FACE_BOUND('',#159,.T.);
#27=FACE_BOUND('',#171,.T.);
#28=FACE_BOUND('',#172,.T.);
#29=FACE_BOUND('',#189,.T.);
#30=FACE_BOUND('',#192,.T.);
#31=FACE_BOUND('',#203,.T.);
#32=FACE_BOUND('',#214,.T.);
#33=(
BOUNDED_CURVE()
B_SPLINE_CURVE(2,(#1688,#1689,#1690),.UNSPECIFIED.,.F.,.F.)
B_SPLINE_CURVE_WITH_KNOTS((3,3),(0.,0.152315379911372),.UNSPECIFIED.)
CURVE()
GEOMETRIC_REPRESENTATION_ITEM()
RATIONAL_B_SPLINE_CURVE((1.,1.,1.))
REPRESENTATION_ITEM('')
);
#34=(
BOUNDED_CURVE()
B_SPLINE_CURVE(2,(#1693,#1694,#1695),.UNSPECIFIED.,.F.,.F.)
B_SPLINE_CURVE_WITH_KNOTS((3,3),(0.152315379911372,0.304630759822777),
 .UNSPECIFIED.)
CURVE()
GEOMETRIC_REPRESENTATION_ITEM()
RATIONAL_B_SPLINE_CURVE((1.,1.,1.))
REPRESENTATION_ITEM('')
);
#35=(
BOUNDED_CURVE()
B_SPLINE_CURVE(2,(#1773,#1774,#1775),.UNSPECIFIED.,.F.,.F.)
B_SPLINE_CURVE_WITH_KNOTS((3,3),(0.,0.304630759810075),.UNSPECIFIED.)
CURVE()
GEOMETRIC_REPRESENTATION_ITEM()
RATIONAL_B_SPLINE_CURVE((1.,1.,1.))
REPRESENTATION_ITEM('')
);
#36=CONICAL_SURFACE('',#1221,2.50000000000012,0.785398163397468);
#37=CONICAL_SURFACE('',#1309,2.49999999999999,0.785398163397433);
#38=PLANE('',#1218);
#39=PLANE('',#1223);
#40=PLANE('',#1227);
#41=PLANE('',#1233);
#42=PLANE('',#1234);
#43=PLANE('',#1236);
#44=PLANE('',#1238);
#45=PLANE('',#1239);
#46=PLANE('',#1242);
#47=PLANE('',#1243);
#48=PLANE('',#1244);
#49=PLANE('',#1245);
#50=PLANE('',#1246);
#51=PLANE('',#1247);
#52=PLANE('',#1248);
#53=PLANE('',#1249);
#54=PLANE('',#1250);
#55=PLANE('',#1251);
#56=PLANE('',#1252);
#57=PLANE('',#1257);
#58=PLANE('',#1260);
#59=PLANE('',#1263);
#60=PLANE('',#1268);
#61=PLANE('',#1269);
#62=PLANE('',#1270);
#63=PLANE('',#1271);
#64=PLANE('',#1272);
#65=PLANE('',#1275);
#66=PLANE('',#1276);
#67=PLANE('',#1277);
#68=PLANE('',#1280);
#69=PLANE('',#1281);
#70=PLANE('',#1282);
#71=PLANE('',#1287);
#72=PLANE('',#1290);
#73=PLANE('',#1295);
#74=PLANE('',#1302);
#75=PLANE('',#1303);
#76=PLANE('',#1304);
#77=PLANE('',#1305);
#78=PLANE('',#1308);
#79=PLANE('',#1316);
#80=PLANE('',#1319);
#81=FACE_OUTER_BOUND('',#143,.T.);
#82=FACE_OUTER_BOUND('',#144,.T.);
#83=FACE_OUTER_BOUND('',#145,.T.);
#84=FACE_OUTER_BOUND('',#146,.T.);
#85=FACE_OUTER_BOUND('',#149,.T.);
#86=FACE_OUTER_BOUND('',#152,.T.);
#87=FACE_OUTER_BOUND('',#153,.T.);
#88=FACE_OUTER_BOUND('',#154,.T.);
#89=FACE_OUTER_BOUND('',#155,.T.);
#90=FACE_OUTER_BOUND('',#156,.T.);
#91=FACE_OUTER_BOUND('',#157,.T.);
#92=FACE_OUTER_BOUND('',#160,.T.);
#93=FACE_OUTER_BOUND('',#161,.T.);
#94=FACE_OUTER_BOUND('',#162,.T.);
#95=FACE_OUTER_BOUND('',#163,.T.);
#96=FACE_OUTER_BOUND('',#164,.T.);
#97=FACE_OUTER_BOUND('',#165,.T.);
#98=FACE_OUTER_BOUND('',#166,.T.);
#99=FACE_OUTER_BOUND('',#167,.T.);
#100=FACE_OUTER_BOUND('',#168,.T.);
#101=FACE_OUTER_BOUND('',#169,.T.);
#102=FACE_OUTER_BOUND('',#170,.T.);
#103=FACE_OUTER_BOUND('',#173,.T.);
#104=FACE_OUTER_BOUND('',#174,.T.);
#105=FACE_OUTER_BOUND('',#175,.T.);
#106=FACE_OUTER_BOUND('',#176,.T.);
#107=FACE_OUTER_BOUND('',#177,.T.);
#108=FACE_OUTER_BOUND('',#178,.T.);
#109=FACE_OUTER_BOUND('',#179,.T.);
#110=FACE_OUTER_BOUND('',#180,.T.);
#111=FACE_OUTER_BOUND('',#181,.T.);
#112=FACE_OUTER_BOUND('',#182,.T.);
#113=FACE_OUTER_BOUND('',#183,.T.);
#114=FACE_OUTER_BOUND('',#184,.T.);
#115=FACE_OUTER_BOUND('',#185,.T.);
#116=FACE_OUTER_BOUND('',#186,.T.);
#117=FACE_OUTER_BOUND('',#187,.T.);
#118=FACE_OUTER_BOUND('',#188,.T.);
#119=FACE_OUTER_BOUND('',#190,.T.);
#120=FACE_OUTER_BOUND('',#191,.T.);
#121=FACE_OUTER_BOUND('',#193,.T.);
#122=FACE_OUTER_BOUND('',#194,.T.);
#123=FACE_OUTER_BOUND('',#195,.T.);
#124=FACE_OUTER_BOUND('',#196,.T.);
#125=FACE_OUTER_BOUND('',#197,.T.);
#126=FACE_OUTER_BOUND('',#198,.T.);
#127=FACE_OUTER_BOUND('',#199,.T.);
#128=FACE_OUTER_BOUND('',#200,.T.);
#129=FACE_OUTER_BOUND('',#201,.T.);
#130=FACE_OUTER_BOUND('',#202,.T.);
#131=FACE_OUTER_BOUND('',#204,.T.);
#132=FACE_OUTER_BOUND('',#205,.T.);
#133=FACE_OUTER_BOUND('',#206,.T.);
#134=FACE_OUTER_BOUND('',#207,.T.);
#135=FACE_OUTER_BOUND('',#208,.T.);
#136=FACE_OUTER_BOUND('',#209,.T.);
#137=FACE_OUTER_BOUND('',#210,.T.);
#138=FACE_OUTER_BOUND('',#211,.T.);
#139=FACE_OUTER_BOUND('',#212,.T.);
#140=FACE_OUTER_BOUND('',#213,.T.);
#141=FACE_OUTER_BOUND('',#215,.T.);
#142=FACE_OUTER_BOUND('',#216,.T.);
#143=EDGE_LOOP('',(#782,#783,#784,#785));
#144=EDGE_LOOP('',(#786,#787,#788,#789,#790,#791,#792,#793,#794,#795));
#145=EDGE_LOOP('',(#796,#797,#798,#799,#800,#801));
#146=EDGE_LOOP('',(#802,#803,#804,#805,#806,#807,#808,#809));
#147=EDGE_LOOP('',(#810));
#148=EDGE_LOOP('',(#811));
#149=EDGE_LOOP('',(#812,#813,#814,#815,#816,#817,#818,#819));
#150=EDGE_LOOP('',(#820));
#151=EDGE_LOOP('',(#821));
#152=EDGE_LOOP('',(#822,#823,#824,#825));
#153=EDGE_LOOP('',(#826,#827,#828,#829));
#154=EDGE_LOOP('',(#830));
#155=EDGE_LOOP('',(#831));
#156=EDGE_LOOP('',(#832,#833,#834,#835,#836,#837,#838));
#157=EDGE_LOOP('',(#839,#840,#841,#842,#843,#844,#845,#846));
#158=EDGE_LOOP('',(#847));
#159=EDGE_LOOP('',(#848,#849,#850,#851));
#160=EDGE_LOOP('',(#852,#853,#854,#855,#856,#857));
#161=EDGE_LOOP('',(#858,#859,#860,#861,#862,#863,#864,#865,#866,#867));
#162=EDGE_LOOP('',(#868,#869,#870,#871,#872));
#163=EDGE_LOOP('',(#873,#874,#875,#876,#877));
#164=EDGE_LOOP('',(#878,#879,#880,#881));
#165=EDGE_LOOP('',(#882,#883,#884,#885));
#166=EDGE_LOOP('',(#886,#887,#888,#889));
#167=EDGE_LOOP('',(#890,#891,#892,#893));
#168=EDGE_LOOP('',(#894,#895,#896,#897,#898));
#169=EDGE_LOOP('',(#899,#900,#901,#902));
#170=EDGE_LOOP('',(#903,#904,#905,#906,#907,#908,#909,#910,#911));
#171=EDGE_LOOP('',(#912,#913,#914,#915));
#172=EDGE_LOOP('',(#916));
#173=EDGE_LOOP('',(#917,#918,#919,#920,#921,#922));
#174=EDGE_LOOP('',(#923,#924,#925,#926));
#175=EDGE_LOOP('',(#927,#928,#929,#930,#931));
#176=EDGE_LOOP('',(#932,#933,#934,#935,#936,#937,#938,#939,#940,#941,#942,
#943,#944,#945,#946,#947));
#177=EDGE_LOOP('',(#948,#949,#950,#951,#952));
#178=EDGE_LOOP('',(#953,#954,#955,#956));
#179=EDGE_LOOP('',(#957,#958,#959,#960));
#180=EDGE_LOOP('',(#961,#962,#963,#964,#965,#966,#967));
#181=EDGE_LOOP('',(#968,#969,#970,#971,#972,#973,#974));
#182=EDGE_LOOP('',(#975,#976,#977,#978,#979,#980,#981));
#183=EDGE_LOOP('',(#982,#983,#984,#985,#986,#987,#988));
#184=EDGE_LOOP('',(#989,#990,#991,#992,#993,#994,#995));
#185=EDGE_LOOP('',(#996,#997,#998,#999,#1000,#1001,#1002));
#186=EDGE_LOOP('',(#1003,#1004,#1005,#1006,#1007,#1008,#1009));
#187=EDGE_LOOP('',(#1010,#1011,#1012,#1013,#1014,#1015,#1016));
#188=EDGE_LOOP('',(#1017,#1018,#1019,#1020,#1021));
#189=EDGE_LOOP('',(#1022));
#190=EDGE_LOOP('',(#1023,#1024,#1025,#1026));
#191=EDGE_LOOP('',(#1027,#1028,#1029,#1030,#1031));
#192=EDGE_LOOP('',(#1032));
#193=EDGE_LOOP('',(#1033,#1034,#1035,#1036,#1037));
#194=EDGE_LOOP('',(#1038,#1039,#1040,#1041));
#195=EDGE_LOOP('',(#1042,#1043,#1044,#1045,#1046,#1047));
#196=EDGE_LOOP('',(#1048,#1049,#1050,#1051,#1052));
#197=EDGE_LOOP('',(#1053,#1054,#1055,#1056));
#198=EDGE_LOOP('',(#1057,#1058,#1059,#1060));
#199=EDGE_LOOP('',(#1061,#1062,#1063,#1064));
#200=EDGE_LOOP('',(#1065,#1066,#1067,#1068));
#201=EDGE_LOOP('',(#1069,#1070,#1071,#1072,#1073));
#202=EDGE_LOOP('',(#1074));
#203=EDGE_LOOP('',(#1075));
#204=EDGE_LOOP('',(#1076,#1077,#1078,#1079,#1080));
#205=EDGE_LOOP('',(#1081));
#206=EDGE_LOOP('',(#1082,#1083,#1084,#1085,#1086,#1087));
#207=EDGE_LOOP('',(#1088,#1089,#1090,#1091,#1092));
#208=EDGE_LOOP('',(#1093,#1094,#1095,#1096,#1097,#1098));
#209=EDGE_LOOP('',(#1099,#1100,#1101,#1102));
#210=EDGE_LOOP('',(#1103,#1104,#1105,#1106));
#211=EDGE_LOOP('',(#1107,#1108,#1109,#1110));
#212=EDGE_LOOP('',(#1111,#1112,#1113,#1114));
#213=EDGE_LOOP('',(#1115));
#214=EDGE_LOOP('',(#1116));
#215=EDGE_LOOP('',(#1117,#1118,#1119,#1120));
#216=EDGE_LOOP('',(#1121));
#217=LINE('',#1661,#341);
#218=LINE('',#1666,#342);
#219=LINE('',#1668,#343);
#220=LINE('',#1670,#344);
#221=LINE('',#1672,#345);
#222=LINE('',#1676,#346);
#223=LINE('',#1678,#347);
#224=LINE('',#1680,#348);
#225=LINE('',#1683,#349);
#226=LINE('',#1686,#350);
#227=LINE('',#1700,#351);
#228=LINE('',#1702,#352);
#229=LINE('',#1704,#353);
#230=LINE('',#1706,#354);
#231=LINE('',#1708,#355);
#232=LINE('',#1715,#356);
#233=LINE('',#1717,#357);
#234=LINE('',#1719,#358);
#235=LINE('',#1721,#359);
#236=LINE('',#1723,#360);
#237=LINE('',#1731,#361);
#238=LINE('',#1733,#362);
#239=LINE('',#1743,#363);
#240=LINE('',#1745,#364);
#241=LINE('',#1746,#365);
#242=LINE('',#1748,#366);
#243=LINE('',#1749,#367);
#244=LINE('',#1752,#368);
#245=LINE('',#1754,#369);
#246=LINE('',#1756,#370);
#247=LINE('',#1758,#371);
#248=LINE('',#1759,#372);
#249=LINE('',#1766,#373);
#250=LINE('',#1768,#374);
#251=LINE('',#1769,#375);
#252=LINE('',#1777,#376);
#253=LINE('',#1779,#377);
#254=LINE('',#1781,#378);
#255=LINE('',#1783,#379);
#256=LINE('',#1784,#380);
#257=LINE('',#1786,#381);
#258=LINE('',#1788,#382);
#259=LINE('',#1790,#383);
#260=LINE('',#1791,#384);
#261=LINE('',#1792,#385);
#262=LINE('',#1795,#386);
#263=LINE('',#1796,#387);
#264=LINE('',#1799,#388);
#265=LINE('',#1800,#389);
#266=LINE('',#1803,#390);
#267=LINE('',#1804,#391);
#268=LINE('',#1807,#392);
#269=LINE('',#1808,#393);
#270=LINE('',#1811,#394);
#271=LINE('',#1812,#395);
#272=LINE('',#1816,#396);
#273=LINE('',#1817,#397);
#274=LINE('',#1819,#398);
#275=LINE('',#1820,#399);
#276=LINE('',#1822,#400);
#277=LINE('',#1825,#401);
#278=LINE('',#1827,#402);
#279=LINE('',#1828,#403);
#280=LINE('',#1830,#404);
#281=LINE('',#1838,#405);
#282=LINE('',#1840,#406);
#283=LINE('',#1841,#407);
#284=LINE('',#1847,#408);
#285=LINE('',#1849,#409);
#286=LINE('',#1851,#410);
#287=LINE('',#1855,#411);
#288=LINE('',#1858,#412);
#289=LINE('',#1859,#413);
#290=LINE('',#1863,#414);
#291=LINE('',#1866,#415);
#292=LINE('',#1870,#416);
#293=LINE('',#1872,#417);
#294=LINE('',#1873,#418);
#295=LINE('',#1877,#419);
#296=LINE('',#1879,#420);
#297=LINE('',#1881,#421);
#298=LINE('',#1884,#422);
#299=LINE('',#1886,#423);
#300=LINE('',#1887,#424);
#301=LINE('',#1889,#425);
#302=LINE('',#1893,#426);
#303=LINE('',#1894,#427);
#304=LINE('',#1895,#428);
#305=LINE('',#1897,#429);
#306=LINE('',#1899,#430);
#307=LINE('',#1900,#431);
#308=LINE('',#1903,#432);
#309=LINE('',#1904,#433);
#310=LINE('',#1910,#434);
#311=LINE('',#1912,#435);
#312=LINE('',#1914,#436);
#313=LINE('',#1915,#437);
#314=LINE('',#1917,#438);
#315=LINE('',#1918,#439);
#316=LINE('',#1924,#440);
#317=LINE('',#1925,#441);
#318=LINE('',#1928,#442);
#319=LINE('',#1929,#443);
#320=LINE('',#1932,#444);
#321=LINE('',#1934,#445);
#322=LINE('',#1935,#446);
#323=LINE('',#1938,#447);
#324=LINE('',#1944,#448);
#325=LINE('',#1949,#449);
#326=LINE('',#1954,#450);
#327=LINE('',#1957,#451);
#328=LINE('',#1960,#452);
#329=LINE('',#1963,#453);
#330=LINE('',#1964,#454);
#331=LINE('',#1966,#455);
#332=LINE('',#1969,#456);
#333=LINE('',#1972,#457);
#334=LINE('',#1976,#458);
#335=LINE('',#1983,#459);
#336=LINE('',#1989,#460);
#337=LINE('',#1991,#461);
#338=LINE('',#1995,#462);
#339=LINE('',#1998,#463);
#340=LINE('',#2003,#464);
#341=VECTOR('',#1326,1.74999999999999);
#342=VECTOR('',#1331,10.);
#343=VECTOR('',#1332,10.);
#344=VECTOR('',#1333,10.);
#345=VECTOR('',#1334,10.);
#346=VECTOR('',#1337,10.);
#347=VECTOR('',#1338,10.);
#348=VECTOR('',#1339,10.);
#349=VECTOR('',#1342,10.);
#350=VECTOR('',#1345,2.50000000000013);
#351=VECTOR('',#1352,10.);
#352=VECTOR('',#1353,10.);
#353=VECTOR('',#1354,10.);
#354=VECTOR('',#1355,10.);
#355=VECTOR('',#1356,10.);
#356=VECTOR('',#1363,10.);
#357=VECTOR('',#1364,10.);
#358=VECTOR('',#1365,10.);
#359=VECTOR('',#1366,10.);
#360=VECTOR('',#1367,10.);
#361=VECTOR('',#1378,10.);
#362=VECTOR('',#1381,10.);
#363=VECTOR('',#1392,10.);
#364=VECTOR('',#1393,10.);
#365=VECTOR('',#1394,10.);
#366=VECTOR('',#1395,10.);
#367=VECTOR('',#1396,10.);
#368=VECTOR('',#1399,10.);
#369=VECTOR('',#1400,10.);
#370=VECTOR('',#1401,10.);
#371=VECTOR('',#1402,10.);
#372=VECTOR('',#1403,10.);
#373=VECTOR('',#1408,10.);
#374=VECTOR('',#1409,10.);
#375=VECTOR('',#1410,10.);
#376=VECTOR('',#1413,10.);
#377=VECTOR('',#1414,10.);
#378=VECTOR('',#1415,10.);
#379=VECTOR('',#1416,10.);
#380=VECTOR('',#1417,10.);
#381=VECTOR('',#1420,10.);
#382=VECTOR('',#1421,10.);
#383=VECTOR('',#1422,10.);
#384=VECTOR('',#1423,10.);
#385=VECTOR('',#1424,10.);
#386=VECTOR('',#1427,10.);
#387=VECTOR('',#1428,10.);
#388=VECTOR('',#1431,10.);
#389=VECTOR('',#1432,10.);
#390=VECTOR('',#1435,10.);
#391=VECTOR('',#1436,10.);
#392=VECTOR('',#1439,10.);
#393=VECTOR('',#1440,10.);
#394=VECTOR('',#1443,10.);
#395=VECTOR('',#1444,10.);
#396=VECTOR('',#1447,10.);
#397=VECTOR('',#1448,10.);
#398=VECTOR('',#1449,10.);
#399=VECTOR('',#1450,10.);
#400=VECTOR('',#1453,10.);
#401=VECTOR('',#1456,10.);
#402=VECTOR('',#1457,10.);
#403=VECTOR('',#1458,10.);
#404=VECTOR('',#1461,10.);
#405=VECTOR('',#1468,10.);
#406=VECTOR('',#1469,10.);
#407=VECTOR('',#1470,10.);
#408=VECTOR('',#1475,10.);
#409=VECTOR('',#1476,10.);
#410=VECTOR('',#1477,10.);
#411=VECTOR('',#1480,10.);
#412=VECTOR('',#1485,10.);
#413=VECTOR('',#1486,10.);
#414=VECTOR('',#1491,10.);
#415=VECTOR('',#1494,10.);
#416=VECTOR('',#1497,10.);
#417=VECTOR('',#1498,10.);
#418=VECTOR('',#1499,10.);
#419=VECTOR('',#1502,10.);
#420=VECTOR('',#1503,10.);
#421=VECTOR('',#1504,10.);
#422=VECTOR('',#1507,10.);
#423=VECTOR('',#1510,10.);
#424=VECTOR('',#1511,10.);
#425=VECTOR('',#1514,10.);
#426=VECTOR('',#1519,10.);
#427=VECTOR('',#1520,10.);
#428=VECTOR('',#1521,10.);
#429=VECTOR('',#1524,10.);
#430=VECTOR('',#1525,10.);
#431=VECTOR('',#1526,10.);
#432=VECTOR('',#1529,10.);
#433=VECTOR('',#1530,10.);
#434=VECTOR('',#1537,10.);
#435=VECTOR('',#1538,10.);
#436=VECTOR('',#1539,10.);
#437=VECTOR('',#1540,10.);
#438=VECTOR('',#1543,10.);
#439=VECTOR('',#1544,10.);
#440=VECTOR('',#1551,10.);
#441=VECTOR('',#1552,10.);
#442=VECTOR('',#1555,10.);
#443=VECTOR('',#1556,10.);
#444=VECTOR('',#1559,10.);
#445=VECTOR('',#1560,10.);
#446=VECTOR('',#1561,10.);
#447=VECTOR('',#1564,10.);
#448=VECTOR('',#1571,10.);
#449=VECTOR('',#1578,10.);
#450=VECTOR('',#1583,10.);
#451=VECTOR('',#1588,10.);
#452=VECTOR('',#1591,3.);
#453=VECTOR('',#1596,10.);
#454=VECTOR('',#1597,10.);
#455=VECTOR('',#1600,10.);
#456=VECTOR('',#1603,2.75);
#457=VECTOR('',#1608,1.4);
#458=VECTOR('',#1613,1.7);
#459=VECTOR('',#1624,3.);
#460=VECTOR('',#1633,2.5);
#461=VECTOR('',#1636,1.74999999999999);
#462=VECTOR('',#1641,2.75);
#463=VECTOR('',#1646,1.4);
#464=VECTOR('',#1653,1.7);
#465=CIRCLE('',#1216,2.);
#466=CIRCLE('',#1217,2.);
#467=CIRCLE('',#1219,5.);
#468=CIRCLE('',#1220,5.);
#469=CIRCLE('',#1222,3.00000000000025);
#470=CIRCLE('',#1224,1.49999999999999);
#471=CIRCLE('',#1225,2.6);
#472=CIRCLE('',#1226,1.7);
#473=CIRCLE('',#1228,1.5);
#474=CIRCLE('',#1229,2.6);
#475=CIRCLE('',#1230,2.);
#476=CIRCLE('',#1231,1.7);
#477=CIRCLE('',#1235,1.25);
#478=CIRCLE('',#1237,1.25);
#479=CIRCLE('',#1240,2.75);
#480=CIRCLE('',#1241,1.49999999999999);
#481=CIRCLE('',#1253,2.99999999999998);
#482=CIRCLE('',#1254,2.99999999999998);
#483=CIRCLE('',#1255,1.5);
#484=CIRCLE('',#1256,2.75);
#485=CIRCLE('',#1262,5.);
#486=CIRCLE('',#1264,3.);
#487=CIRCLE('',#1265,5.);
#488=CIRCLE('',#1266,3.);
#489=CIRCLE('',#1283,2.);
#490=CIRCLE('',#1284,1.25);
#491=CIRCLE('',#1286,2.);
#492=CIRCLE('',#1288,2.);
#493=CIRCLE('',#1289,1.25);
#494=CIRCLE('',#1291,2.);
#495=CIRCLE('',#1294,3.);
#496=CIRCLE('',#1298,2.75);
#497=CIRCLE('',#1301,1.7);
#498=CIRCLE('',#1307,3.);
#499=CIRCLE('',#1310,2.);
#500=CIRCLE('',#1314,2.75);
#501=CIRCLE('',#1317,1.7);
#502=VERTEX_POINT('',#1658);
#503=VERTEX_POINT('',#1660);
#504=VERTEX_POINT('',#1664);
#505=VERTEX_POINT('',#1665);
#506=VERTEX_POINT('',#1667);
#507=VERTEX_POINT('',#1669);
#508=VERTEX_POINT('',#1671);
#509=VERTEX_POINT('',#1673);
#510=VERTEX_POINT('',#1675);
#511=VERTEX_POINT('',#1677);
#512=VERTEX_POINT('',#1679);
#513=VERTEX_POINT('',#1681);
#514=VERTEX_POINT('',#1685);
#515=VERTEX_POINT('',#1687);
#516=VERTEX_POINT('',#1691);
#517=VERTEX_POINT('',#1697);
#518=VERTEX_POINT('',#1699);
#519=VERTEX_POINT('',#1701);
#520=VERTEX_POINT('',#1703);
#521=VERTEX_POINT('',#1705);
#522=VERTEX_POINT('',#1707);
#523=VERTEX_POINT('',#1710);
#524=VERTEX_POINT('',#1713);
#525=VERTEX_POINT('',#1714);
#526=VERTEX_POINT('',#1716);
#527=VERTEX_POINT('',#1718);
#528=VERTEX_POINT('',#1720);
#529=VERTEX_POINT('',#1722);
#530=VERTEX_POINT('',#1726);
#531=VERTEX_POINT('',#1728);
#532=VERTEX_POINT('',#1735);
#533=VERTEX_POINT('',#1738);
#534=VERTEX_POINT('',#1741);
#535=VERTEX_POINT('',#1742);
#536=VERTEX_POINT('',#1744);
#537=VERTEX_POINT('',#1747);
#538=VERTEX_POINT('',#1751);
#539=VERTEX_POINT('',#1753);
#540=VERTEX_POINT('',#1755);
#541=VERTEX_POINT('',#1757);
#542=VERTEX_POINT('',#1760);
#543=VERTEX_POINT('',#1762);
#544=VERTEX_POINT('',#1763);
#545=VERTEX_POINT('',#1765);
#546=VERTEX_POINT('',#1767);
#547=VERTEX_POINT('',#1771);
#548=VERTEX_POINT('',#1772);
#549=VERTEX_POINT('',#1776);
#550=VERTEX_POINT('',#1778);
#551=VERTEX_POINT('',#1780);
#552=VERTEX_POINT('',#1782);
#553=VERTEX_POINT('',#1787);
#554=VERTEX_POINT('',#1789);
#555=VERTEX_POINT('',#1794);
#556=VERTEX_POINT('',#1798);
#557=VERTEX_POINT('',#1802);
#558=VERTEX_POINT('',#1806);
#559=VERTEX_POINT('',#1810);
#560=VERTEX_POINT('',#1814);
#561=VERTEX_POINT('',#1815);
#562=VERTEX_POINT('',#1818);
#563=VERTEX_POINT('',#1824);
#564=VERTEX_POINT('',#1826);
#565=VERTEX_POINT('',#1831);
#566=VERTEX_POINT('',#1834);
#567=VERTEX_POINT('',#1835);
#568=VERTEX_POINT('',#1837);
#569=VERTEX_POINT('',#1839);
#570=VERTEX_POINT('',#1842);
#571=VERTEX_POINT('',#1845);
#572=VERTEX_POINT('',#1846);
#573=VERTEX_POINT('',#1848);
#574=VERTEX_POINT('',#1850);
#575=VERTEX_POINT('',#1852);
#576=VERTEX_POINT('',#1854);
#577=VERTEX_POINT('',#1861);
#578=VERTEX_POINT('',#1865);
#579=VERTEX_POINT('',#1867);
#580=VERTEX_POINT('',#1869);
#581=VERTEX_POINT('',#1871);
#582=VERTEX_POINT('',#1874);
#583=VERTEX_POINT('',#1876);
#584=VERTEX_POINT('',#1878);
#585=VERTEX_POINT('',#1880);
#586=VERTEX_POINT('',#1882);
#587=VERTEX_POINT('',#1892);
#588=VERTEX_POINT('',#1898);
#589=VERTEX_POINT('',#1902);
#590=VERTEX_POINT('',#1905);
#591=VERTEX_POINT('',#1909);
#592=VERTEX_POINT('',#1911);
#593=VERTEX_POINT('',#1913);
#594=VERTEX_POINT('',#1920);
#595=VERTEX_POINT('',#1923);
#596=VERTEX_POINT('',#1927);
#597=VERTEX_POINT('',#1931);
#598=VERTEX_POINT('',#1933);
#599=VERTEX_POINT('',#1937);
#600=VERTEX_POINT('',#1940);
#601=VERTEX_POINT('',#1943);
#602=VERTEX_POINT('',#1947);
#603=VERTEX_POINT('',#1950);
#604=VERTEX_POINT('',#1953);
#605=VERTEX_POINT('',#1959);
#606=VERTEX_POINT('',#1968);
#607=VERTEX_POINT('',#1974);
#608=VERTEX_POINT('',#1982);
#609=VERTEX_POINT('',#1987);
#610=VERTEX_POINT('',#1994);
#611=VERTEX_POINT('',#2000);
#612=EDGE_CURVE('',#502,#502,#465,.F.);
#613=EDGE_CURVE('',#502,#503,#217,.T.);
#614=EDGE_CURVE('',#503,#503,#466,.T.);
#615=EDGE_CURVE('',#504,#505,#218,.T.);
#616=EDGE_CURVE('',#505,#506,#219,.T.);
#617=EDGE_CURVE('',#506,#507,#220,.T.);
#618=EDGE_CURVE('',#508,#507,#221,.T.);
#619=EDGE_CURVE('',#509,#508,#467,.T.);
#620=EDGE_CURVE('',#509,#510,#222,.T.);
#621=EDGE_CURVE('',#511,#510,#223,.T.);
#622=EDGE_CURVE('',#512,#511,#224,.T.);
#623=EDGE_CURVE('',#513,#512,#468,.T.);
#624=EDGE_CURVE('',#504,#513,#225,.T.);
#625=EDGE_CURVE('',#503,#514,#226,.T.);
#626=EDGE_CURVE('',#515,#514,#33,.T.);
#627=EDGE_CURVE('',#515,#516,#469,.T.);
#628=EDGE_CURVE('',#514,#516,#34,.T.);
#629=EDGE_CURVE('',#504,#517,#470,.T.);
#630=EDGE_CURVE('',#518,#517,#227,.T.);
#631=EDGE_CURVE('',#518,#519,#228,.T.);
#632=EDGE_CURVE('',#519,#520,#229,.T.);
#633=EDGE_CURVE('',#520,#521,#230,.T.);
#634=EDGE_CURVE('',#522,#521,#231,.T.);
#635=EDGE_CURVE('',#505,#522,#471,.T.);
#636=EDGE_CURVE('',#523,#523,#472,.T.);
#637=EDGE_CURVE('',#524,#525,#232,.T.);
#638=EDGE_CURVE('',#526,#524,#233,.T.);
#639=EDGE_CURVE('',#526,#527,#234,.T.);
#640=EDGE_CURVE('',#527,#528,#235,.T.);
#641=EDGE_CURVE('',#529,#528,#236,.T.);
#642=EDGE_CURVE('',#529,#507,#473,.T.);
#643=EDGE_CURVE('',#506,#525,#474,.T.);
#644=EDGE_CURVE('',#530,#530,#475,.F.);
#645=EDGE_CURVE('',#531,#531,#476,.T.);
#646=EDGE_CURVE('',#522,#525,#237,.T.);
#647=EDGE_CURVE('',#521,#524,#238,.T.);
#648=EDGE_CURVE('',#532,#532,#477,.T.);
#649=EDGE_CURVE('',#533,#533,#478,.T.);
#650=EDGE_CURVE('',#534,#535,#239,.T.);
#651=EDGE_CURVE('',#535,#536,#240,.T.);
#652=EDGE_CURVE('',#536,#515,#241,.T.);
#653=EDGE_CURVE('',#516,#537,#242,.T.);
#654=EDGE_CURVE('',#537,#534,#243,.T.);
#655=EDGE_CURVE('',#536,#538,#244,.T.);
#656=EDGE_CURVE('',#538,#539,#245,.T.);
#657=EDGE_CURVE('',#540,#539,#246,.T.);
#658=EDGE_CURVE('',#541,#540,#247,.T.);
#659=EDGE_CURVE('',#537,#541,#248,.T.);
#660=EDGE_CURVE('',#542,#542,#479,.T.);
#661=EDGE_CURVE('',#543,#544,#480,.T.);
#662=EDGE_CURVE('',#543,#545,#249,.T.);
#663=EDGE_CURVE('',#545,#546,#250,.T.);
#664=EDGE_CURVE('',#546,#544,#251,.T.);
#665=EDGE_CURVE('',#547,#548,#35,.T.);
#666=EDGE_CURVE('',#548,#549,#252,.T.);
#667=EDGE_CURVE('',#549,#550,#253,.T.);
#668=EDGE_CURVE('',#550,#551,#254,.T.);
#669=EDGE_CURVE('',#551,#552,#255,.T.);
#670=EDGE_CURVE('',#552,#547,#256,.T.);
#671=EDGE_CURVE('',#520,#535,#257,.T.);
#672=EDGE_CURVE('',#553,#534,#258,.T.);
#673=EDGE_CURVE('',#554,#553,#259,.T.);
#674=EDGE_CURVE('',#551,#554,#260,.T.);
#675=EDGE_CURVE('',#550,#526,#261,.T.);
#676=EDGE_CURVE('',#555,#549,#262,.T.);
#677=EDGE_CURVE('',#527,#555,#263,.T.);
#678=EDGE_CURVE('',#541,#556,#264,.T.);
#679=EDGE_CURVE('',#556,#553,#265,.T.);
#680=EDGE_CURVE('',#540,#557,#266,.T.);
#681=EDGE_CURVE('',#557,#556,#267,.T.);
#682=EDGE_CURVE('',#539,#558,#268,.T.);
#683=EDGE_CURVE('',#558,#557,#269,.T.);
#684=EDGE_CURVE('',#556,#559,#270,.T.);
#685=EDGE_CURVE('',#554,#559,#271,.T.);
#686=EDGE_CURVE('',#560,#561,#272,.T.);
#687=EDGE_CURVE('',#561,#559,#273,.T.);
#688=EDGE_CURVE('',#559,#562,#274,.T.);
#689=EDGE_CURVE('',#562,#560,#275,.T.);
#690=EDGE_CURVE('',#561,#552,#276,.T.);
#691=EDGE_CURVE('',#562,#563,#277,.T.);
#692=EDGE_CURVE('',#563,#564,#278,.T.);
#693=EDGE_CURVE('',#564,#560,#279,.T.);
#694=EDGE_CURVE('',#555,#564,#280,.T.);
#695=EDGE_CURVE('',#565,#548,#481,.T.);
#696=EDGE_CURVE('',#547,#565,#482,.T.);
#697=EDGE_CURVE('',#566,#567,#483,.T.);
#698=EDGE_CURVE('',#566,#568,#281,.T.);
#699=EDGE_CURVE('',#568,#569,#282,.T.);
#700=EDGE_CURVE('',#569,#567,#283,.T.);
#701=EDGE_CURVE('',#570,#570,#484,.T.);
#702=EDGE_CURVE('',#571,#572,#284,.T.);
#703=EDGE_CURVE('',#573,#571,#285,.T.);
#704=EDGE_CURVE('',#574,#573,#286,.T.);
#705=EDGE_CURVE('',#575,#574,#15,.T.);
#706=EDGE_CURVE('',#576,#575,#287,.T.);
#707=EDGE_CURVE('',#572,#576,#16,.T.);
#708=EDGE_CURVE('',#512,#572,#288,.T.);
#709=EDGE_CURVE('',#571,#511,#289,.T.);
#710=EDGE_CURVE('',#576,#577,#485,.T.);
#711=EDGE_CURVE('',#577,#513,#290,.T.);
#712=EDGE_CURVE('',#578,#557,#291,.T.);
#713=EDGE_CURVE('',#578,#579,#486,.T.);
#714=EDGE_CURVE('',#580,#579,#292,.T.);
#715=EDGE_CURVE('',#580,#581,#293,.T.);
#716=EDGE_CURVE('',#581,#577,#294,.T.);
#717=EDGE_CURVE('',#582,#575,#487,.T.);
#718=EDGE_CURVE('',#582,#583,#295,.T.);
#719=EDGE_CURVE('',#583,#584,#296,.T.);
#720=EDGE_CURVE('',#585,#584,#297,.T.);
#721=EDGE_CURVE('',#585,#586,#488,.T.);
#722=EDGE_CURVE('',#562,#586,#298,.T.);
#723=EDGE_CURVE('',#574,#509,#299,.T.);
#724=EDGE_CURVE('',#508,#582,#300,.T.);
#725=EDGE_CURVE('',#510,#573,#301,.T.);
#726=EDGE_CURVE('',#587,#581,#302,.T.);
#727=EDGE_CURVE('',#545,#587,#303,.T.);
#728=EDGE_CURVE('',#504,#543,#304,.T.);
#729=EDGE_CURVE('',#507,#567,#305,.T.);
#730=EDGE_CURVE('',#569,#588,#306,.T.);
#731=EDGE_CURVE('',#588,#583,#307,.T.);
#732=EDGE_CURVE('',#558,#589,#308,.T.);
#733=EDGE_CURVE('',#589,#580,#309,.T.);
#734=EDGE_CURVE('',#579,#590,#17,.T.);
#735=EDGE_CURVE('',#590,#578,#18,.T.);
#736=EDGE_CURVE('',#591,#589,#310,.T.);
#737=EDGE_CURVE('',#591,#592,#311,.T.);
#738=EDGE_CURVE('',#592,#593,#312,.T.);
#739=EDGE_CURVE('',#587,#593,#313,.T.);
#740=EDGE_CURVE('',#538,#519,#314,.T.);
#741=EDGE_CURVE('',#591,#518,#315,.T.);
#742=EDGE_CURVE('',#586,#594,#19,.T.);
#743=EDGE_CURVE('',#594,#585,#20,.T.);
#744=EDGE_CURVE('',#584,#595,#316,.T.);
#745=EDGE_CURVE('',#595,#563,#317,.T.);
#746=EDGE_CURVE('',#595,#596,#318,.T.);
#747=EDGE_CURVE('',#596,#528,#319,.T.);
#748=EDGE_CURVE('',#588,#597,#320,.T.);
#749=EDGE_CURVE('',#597,#598,#321,.T.);
#750=EDGE_CURVE('',#596,#598,#322,.T.);
#751=EDGE_CURVE('',#568,#599,#323,.T.);
#752=EDGE_CURVE('',#597,#599,#489,.F.);
#753=EDGE_CURVE('',#600,#600,#490,.T.);
#754=EDGE_CURVE('',#599,#601,#324,.T.);
#755=EDGE_CURVE('',#601,#598,#491,.T.);
#756=EDGE_CURVE('',#602,#593,#492,.F.);
#757=EDGE_CURVE('',#602,#546,#325,.T.);
#758=EDGE_CURVE('',#603,#603,#493,.T.);
#759=EDGE_CURVE('',#517,#604,#326,.T.);
#760=EDGE_CURVE('',#592,#604,#494,.T.);
#761=EDGE_CURVE('',#604,#602,#327,.T.);
#762=EDGE_CURVE('',#590,#605,#328,.T.);
#763=EDGE_CURVE('',#605,#605,#495,.T.);
#764=EDGE_CURVE('',#529,#566,#329,.T.);
#765=EDGE_CURVE('',#601,#529,#330,.T.);
#766=EDGE_CURVE('',#517,#544,#331,.T.);
#767=EDGE_CURVE('',#542,#606,#332,.T.);
#768=EDGE_CURVE('',#606,#606,#496,.T.);
#769=EDGE_CURVE('',#532,#603,#333,.T.);
#770=EDGE_CURVE('',#607,#607,#497,.T.);
#771=EDGE_CURVE('',#607,#523,#334,.T.);
#772=EDGE_CURVE('',#594,#608,#335,.T.);
#773=EDGE_CURVE('',#608,#608,#498,.T.);
#774=EDGE_CURVE('',#609,#609,#499,.T.);
#775=EDGE_CURVE('',#609,#565,#336,.T.);
#776=EDGE_CURVE('',#530,#609,#337,.T.);
#777=EDGE_CURVE('',#570,#610,#338,.T.);
#778=EDGE_CURVE('',#610,#610,#500,.T.);
#779=EDGE_CURVE('',#533,#600,#339,.T.);
#780=EDGE_CURVE('',#611,#611,#501,.T.);
#781=EDGE_CURVE('',#611,#531,#340,.T.);
#782=ORIENTED_EDGE('',*,*,#612,.F.);
#783=ORIENTED_EDGE('',*,*,#613,.T.);
#784=ORIENTED_EDGE('',*,*,#614,.F.);
#785=ORIENTED_EDGE('',*,*,#613,.F.);
#786=ORIENTED_EDGE('',*,*,#615,.T.);
#787=ORIENTED_EDGE('',*,*,#616,.T.);
#788=ORIENTED_EDGE('',*,*,#617,.T.);
#789=ORIENTED_EDGE('',*,*,#618,.F.);
#790=ORIENTED_EDGE('',*,*,#619,.F.);
#791=ORIENTED_EDGE('',*,*,#620,.T.);
#792=ORIENTED_EDGE('',*,*,#621,.F.);
#793=ORIENTED_EDGE('',*,*,#622,.F.);
#794=ORIENTED_EDGE('',*,*,#623,.F.);
#795=ORIENTED_EDGE('',*,*,#624,.F.);
#796=ORIENTED_EDGE('',*,*,#614,.T.);
#797=ORIENTED_EDGE('',*,*,#625,.T.);
#798=ORIENTED_EDGE('',*,*,#626,.F.);
#799=ORIENTED_EDGE('',*,*,#627,.T.);
#800=ORIENTED_EDGE('',*,*,#628,.F.);
#801=ORIENTED_EDGE('',*,*,#625,.F.);
#802=ORIENTED_EDGE('',*,*,#615,.F.);
#803=ORIENTED_EDGE('',*,*,#629,.T.);
#804=ORIENTED_EDGE('',*,*,#630,.F.);
#805=ORIENTED_EDGE('',*,*,#631,.T.);
#806=ORIENTED_EDGE('',*,*,#632,.T.);
#807=ORIENTED_EDGE('',*,*,#633,.T.);
#808=ORIENTED_EDGE('',*,*,#634,.F.);
#809=ORIENTED_EDGE('',*,*,#635,.F.);
#810=ORIENTED_EDGE('',*,*,#612,.T.);
#811=ORIENTED_EDGE('',*,*,#636,.T.);
#812=ORIENTED_EDGE('',*,*,#637,.F.);
#813=ORIENTED_EDGE('',*,*,#638,.F.);
#814=ORIENTED_EDGE('',*,*,#639,.T.);
#815=ORIENTED_EDGE('',*,*,#640,.T.);
#816=ORIENTED_EDGE('',*,*,#641,.F.);
#817=ORIENTED_EDGE('',*,*,#642,.T.);
#818=ORIENTED_EDGE('',*,*,#617,.F.);
#819=ORIENTED_EDGE('',*,*,#643,.T.);
#820=ORIENTED_EDGE('',*,*,#644,.T.);
#821=ORIENTED_EDGE('',*,*,#645,.T.);
#822=ORIENTED_EDGE('',*,*,#646,.T.);
#823=ORIENTED_EDGE('',*,*,#643,.F.);
#824=ORIENTED_EDGE('',*,*,#616,.F.);
#825=ORIENTED_EDGE('',*,*,#635,.T.);
#826=ORIENTED_EDGE('',*,*,#634,.T.);
#827=ORIENTED_EDGE('',*,*,#647,.T.);
#828=ORIENTED_EDGE('',*,*,#637,.T.);
#829=ORIENTED_EDGE('',*,*,#646,.F.);
#830=ORIENTED_EDGE('',*,*,#648,.F.);
#831=ORIENTED_EDGE('',*,*,#649,.F.);
#832=ORIENTED_EDGE('',*,*,#650,.T.);
#833=ORIENTED_EDGE('',*,*,#651,.T.);
#834=ORIENTED_EDGE('',*,*,#652,.T.);
#835=ORIENTED_EDGE('',*,*,#626,.T.);
#836=ORIENTED_EDGE('',*,*,#628,.T.);
#837=ORIENTED_EDGE('',*,*,#653,.T.);
#838=ORIENTED_EDGE('',*,*,#654,.T.);
#839=ORIENTED_EDGE('',*,*,#652,.F.);
#840=ORIENTED_EDGE('',*,*,#655,.T.);
#841=ORIENTED_EDGE('',*,*,#656,.T.);
#842=ORIENTED_EDGE('',*,*,#657,.F.);
#843=ORIENTED_EDGE('',*,*,#658,.F.);
#844=ORIENTED_EDGE('',*,*,#659,.F.);
#845=ORIENTED_EDGE('',*,*,#653,.F.);
#846=ORIENTED_EDGE('',*,*,#627,.F.);
#847=ORIENTED_EDGE('',*,*,#660,.T.);
#848=ORIENTED_EDGE('',*,*,#661,.F.);
#849=ORIENTED_EDGE('',*,*,#662,.T.);
#850=ORIENTED_EDGE('',*,*,#663,.T.);
#851=ORIENTED_EDGE('',*,*,#664,.T.);
#852=ORIENTED_EDGE('',*,*,#665,.T.);
#853=ORIENTED_EDGE('',*,*,#666,.T.);
#854=ORIENTED_EDGE('',*,*,#667,.T.);
#855=ORIENTED_EDGE('',*,*,#668,.T.);
#856=ORIENTED_EDGE('',*,*,#669,.T.);
#857=ORIENTED_EDGE('',*,*,#670,.T.);
#858=ORIENTED_EDGE('',*,*,#633,.F.);
#859=ORIENTED_EDGE('',*,*,#671,.T.);
#860=ORIENTED_EDGE('',*,*,#650,.F.);
#861=ORIENTED_EDGE('',*,*,#672,.F.);
#862=ORIENTED_EDGE('',*,*,#673,.F.);
#863=ORIENTED_EDGE('',*,*,#674,.F.);
#864=ORIENTED_EDGE('',*,*,#668,.F.);
#865=ORIENTED_EDGE('',*,*,#675,.T.);
#866=ORIENTED_EDGE('',*,*,#638,.T.);
#867=ORIENTED_EDGE('',*,*,#647,.F.);
#868=ORIENTED_EDGE('',*,*,#667,.F.);
#869=ORIENTED_EDGE('',*,*,#676,.F.);
#870=ORIENTED_EDGE('',*,*,#677,.F.);
#871=ORIENTED_EDGE('',*,*,#639,.F.);
#872=ORIENTED_EDGE('',*,*,#675,.F.);
#873=ORIENTED_EDGE('',*,*,#654,.F.);
#874=ORIENTED_EDGE('',*,*,#659,.T.);
#875=ORIENTED_EDGE('',*,*,#678,.T.);
#876=ORIENTED_EDGE('',*,*,#679,.T.);
#877=ORIENTED_EDGE('',*,*,#672,.T.);
#878=ORIENTED_EDGE('',*,*,#658,.T.);
#879=ORIENTED_EDGE('',*,*,#680,.T.);
#880=ORIENTED_EDGE('',*,*,#681,.T.);
#881=ORIENTED_EDGE('',*,*,#678,.F.);
#882=ORIENTED_EDGE('',*,*,#657,.T.);
#883=ORIENTED_EDGE('',*,*,#682,.T.);
#884=ORIENTED_EDGE('',*,*,#683,.T.);
#885=ORIENTED_EDGE('',*,*,#680,.F.);
#886=ORIENTED_EDGE('',*,*,#679,.F.);
#887=ORIENTED_EDGE('',*,*,#684,.T.);
#888=ORIENTED_EDGE('',*,*,#685,.F.);
#889=ORIENTED_EDGE('',*,*,#673,.T.);
#890=ORIENTED_EDGE('',*,*,#686,.T.);
#891=ORIENTED_EDGE('',*,*,#687,.T.);
#892=ORIENTED_EDGE('',*,*,#688,.T.);
#893=ORIENTED_EDGE('',*,*,#689,.T.);
#894=ORIENTED_EDGE('',*,*,#669,.F.);
#895=ORIENTED_EDGE('',*,*,#674,.T.);
#896=ORIENTED_EDGE('',*,*,#685,.T.);
#897=ORIENTED_EDGE('',*,*,#687,.F.);
#898=ORIENTED_EDGE('',*,*,#690,.T.);
#899=ORIENTED_EDGE('',*,*,#691,.T.);
#900=ORIENTED_EDGE('',*,*,#692,.T.);
#901=ORIENTED_EDGE('',*,*,#693,.T.);
#902=ORIENTED_EDGE('',*,*,#689,.F.);
#903=ORIENTED_EDGE('',*,*,#670,.F.);
#904=ORIENTED_EDGE('',*,*,#690,.F.);
#905=ORIENTED_EDGE('',*,*,#686,.F.);
#906=ORIENTED_EDGE('',*,*,#693,.F.);
#907=ORIENTED_EDGE('',*,*,#694,.F.);
#908=ORIENTED_EDGE('',*,*,#676,.T.);
#909=ORIENTED_EDGE('',*,*,#666,.F.);
#910=ORIENTED_EDGE('',*,*,#695,.F.);
#911=ORIENTED_EDGE('',*,*,#696,.F.);
#912=ORIENTED_EDGE('',*,*,#697,.F.);
#913=ORIENTED_EDGE('',*,*,#698,.T.);
#914=ORIENTED_EDGE('',*,*,#699,.T.);
#915=ORIENTED_EDGE('',*,*,#700,.T.);
#916=ORIENTED_EDGE('',*,*,#701,.T.);
#917=ORIENTED_EDGE('',*,*,#702,.F.);
#918=ORIENTED_EDGE('',*,*,#703,.F.);
#919=ORIENTED_EDGE('',*,*,#704,.F.);
#920=ORIENTED_EDGE('',*,*,#705,.F.);
#921=ORIENTED_EDGE('',*,*,#706,.F.);
#922=ORIENTED_EDGE('',*,*,#707,.F.);
#923=ORIENTED_EDGE('',*,*,#702,.T.);
#924=ORIENTED_EDGE('',*,*,#708,.F.);
#925=ORIENTED_EDGE('',*,*,#622,.T.);
#926=ORIENTED_EDGE('',*,*,#709,.F.);
#927=ORIENTED_EDGE('',*,*,#707,.T.);
#928=ORIENTED_EDGE('',*,*,#710,.T.);
#929=ORIENTED_EDGE('',*,*,#711,.T.);
#930=ORIENTED_EDGE('',*,*,#623,.T.);
#931=ORIENTED_EDGE('',*,*,#708,.T.);
#932=ORIENTED_EDGE('',*,*,#681,.F.);
#933=ORIENTED_EDGE('',*,*,#712,.F.);
#934=ORIENTED_EDGE('',*,*,#713,.T.);
#935=ORIENTED_EDGE('',*,*,#714,.F.);
#936=ORIENTED_EDGE('',*,*,#715,.T.);
#937=ORIENTED_EDGE('',*,*,#716,.T.);
#938=ORIENTED_EDGE('',*,*,#710,.F.);
#939=ORIENTED_EDGE('',*,*,#706,.T.);
#940=ORIENTED_EDGE('',*,*,#717,.F.);
#941=ORIENTED_EDGE('',*,*,#718,.T.);
#942=ORIENTED_EDGE('',*,*,#719,.T.);
#943=ORIENTED_EDGE('',*,*,#720,.F.);
#944=ORIENTED_EDGE('',*,*,#721,.T.);
#945=ORIENTED_EDGE('',*,*,#722,.F.);
#946=ORIENTED_EDGE('',*,*,#688,.F.);
#947=ORIENTED_EDGE('',*,*,#684,.F.);
#948=ORIENTED_EDGE('',*,*,#705,.T.);
#949=ORIENTED_EDGE('',*,*,#723,.T.);
#950=ORIENTED_EDGE('',*,*,#619,.T.);
#951=ORIENTED_EDGE('',*,*,#724,.T.);
#952=ORIENTED_EDGE('',*,*,#717,.T.);
#953=ORIENTED_EDGE('',*,*,#704,.T.);
#954=ORIENTED_EDGE('',*,*,#725,.F.);
#955=ORIENTED_EDGE('',*,*,#620,.F.);
#956=ORIENTED_EDGE('',*,*,#723,.F.);
#957=ORIENTED_EDGE('',*,*,#703,.T.);
#958=ORIENTED_EDGE('',*,*,#709,.T.);
#959=ORIENTED_EDGE('',*,*,#621,.T.);
#960=ORIENTED_EDGE('',*,*,#725,.T.);
#961=ORIENTED_EDGE('',*,*,#711,.F.);
#962=ORIENTED_EDGE('',*,*,#716,.F.);
#963=ORIENTED_EDGE('',*,*,#726,.F.);
#964=ORIENTED_EDGE('',*,*,#727,.F.);
#965=ORIENTED_EDGE('',*,*,#662,.F.);
#966=ORIENTED_EDGE('',*,*,#728,.F.);
#967=ORIENTED_EDGE('',*,*,#624,.T.);
#968=ORIENTED_EDGE('',*,*,#724,.F.);
#969=ORIENTED_EDGE('',*,*,#618,.T.);
#970=ORIENTED_EDGE('',*,*,#729,.T.);
#971=ORIENTED_EDGE('',*,*,#700,.F.);
#972=ORIENTED_EDGE('',*,*,#730,.T.);
#973=ORIENTED_EDGE('',*,*,#731,.T.);
#974=ORIENTED_EDGE('',*,*,#718,.F.);
#975=ORIENTED_EDGE('',*,*,#683,.F.);
#976=ORIENTED_EDGE('',*,*,#732,.T.);
#977=ORIENTED_EDGE('',*,*,#733,.T.);
#978=ORIENTED_EDGE('',*,*,#714,.T.);
#979=ORIENTED_EDGE('',*,*,#734,.T.);
#980=ORIENTED_EDGE('',*,*,#735,.T.);
#981=ORIENTED_EDGE('',*,*,#712,.T.);
#982=ORIENTED_EDGE('',*,*,#733,.F.);
#983=ORIENTED_EDGE('',*,*,#736,.F.);
#984=ORIENTED_EDGE('',*,*,#737,.T.);
#985=ORIENTED_EDGE('',*,*,#738,.T.);
#986=ORIENTED_EDGE('',*,*,#739,.F.);
#987=ORIENTED_EDGE('',*,*,#726,.T.);
#988=ORIENTED_EDGE('',*,*,#715,.F.);
#989=ORIENTED_EDGE('',*,*,#656,.F.);
#990=ORIENTED_EDGE('',*,*,#740,.T.);
#991=ORIENTED_EDGE('',*,*,#631,.F.);
#992=ORIENTED_EDGE('',*,*,#741,.F.);
#993=ORIENTED_EDGE('',*,*,#736,.T.);
#994=ORIENTED_EDGE('',*,*,#732,.F.);
#995=ORIENTED_EDGE('',*,*,#682,.F.);
#996=ORIENTED_EDGE('',*,*,#691,.F.);
#997=ORIENTED_EDGE('',*,*,#722,.T.);
#998=ORIENTED_EDGE('',*,*,#742,.T.);
#999=ORIENTED_EDGE('',*,*,#743,.T.);
#1000=ORIENTED_EDGE('',*,*,#720,.T.);
#1001=ORIENTED_EDGE('',*,*,#744,.T.);
#1002=ORIENTED_EDGE('',*,*,#745,.T.);
#1003=ORIENTED_EDGE('',*,*,#692,.F.);
#1004=ORIENTED_EDGE('',*,*,#745,.F.);
#1005=ORIENTED_EDGE('',*,*,#746,.T.);
#1006=ORIENTED_EDGE('',*,*,#747,.T.);
#1007=ORIENTED_EDGE('',*,*,#640,.F.);
#1008=ORIENTED_EDGE('',*,*,#677,.T.);
#1009=ORIENTED_EDGE('',*,*,#694,.T.);
#1010=ORIENTED_EDGE('',*,*,#744,.F.);
#1011=ORIENTED_EDGE('',*,*,#719,.F.);
#1012=ORIENTED_EDGE('',*,*,#731,.F.);
#1013=ORIENTED_EDGE('',*,*,#748,.T.);
#1014=ORIENTED_EDGE('',*,*,#749,.T.);
#1015=ORIENTED_EDGE('',*,*,#750,.F.);
#1016=ORIENTED_EDGE('',*,*,#746,.F.);
#1017=ORIENTED_EDGE('',*,*,#748,.F.);
#1018=ORIENTED_EDGE('',*,*,#730,.F.);
#1019=ORIENTED_EDGE('',*,*,#699,.F.);
#1020=ORIENTED_EDGE('',*,*,#751,.T.);
#1021=ORIENTED_EDGE('',*,*,#752,.F.);
#1022=ORIENTED_EDGE('',*,*,#753,.F.);
#1023=ORIENTED_EDGE('',*,*,#749,.F.);
#1024=ORIENTED_EDGE('',*,*,#752,.T.);
#1025=ORIENTED_EDGE('',*,*,#754,.T.);
#1026=ORIENTED_EDGE('',*,*,#755,.T.);
#1027=ORIENTED_EDGE('',*,*,#739,.T.);
#1028=ORIENTED_EDGE('',*,*,#756,.F.);
#1029=ORIENTED_EDGE('',*,*,#757,.T.);
#1030=ORIENTED_EDGE('',*,*,#663,.F.);
#1031=ORIENTED_EDGE('',*,*,#727,.T.);
#1032=ORIENTED_EDGE('',*,*,#758,.F.);
#1033=ORIENTED_EDGE('',*,*,#741,.T.);
#1034=ORIENTED_EDGE('',*,*,#630,.T.);
#1035=ORIENTED_EDGE('',*,*,#759,.T.);
#1036=ORIENTED_EDGE('',*,*,#760,.F.);
#1037=ORIENTED_EDGE('',*,*,#737,.F.);
#1038=ORIENTED_EDGE('',*,*,#738,.F.);
#1039=ORIENTED_EDGE('',*,*,#760,.T.);
#1040=ORIENTED_EDGE('',*,*,#761,.T.);
#1041=ORIENTED_EDGE('',*,*,#756,.T.);
#1042=ORIENTED_EDGE('',*,*,#734,.F.);
#1043=ORIENTED_EDGE('',*,*,#713,.F.);
#1044=ORIENTED_EDGE('',*,*,#735,.F.);
#1045=ORIENTED_EDGE('',*,*,#762,.T.);
#1046=ORIENTED_EDGE('',*,*,#763,.F.);
#1047=ORIENTED_EDGE('',*,*,#762,.F.);
#1048=ORIENTED_EDGE('',*,*,#754,.F.);
#1049=ORIENTED_EDGE('',*,*,#751,.F.);
#1050=ORIENTED_EDGE('',*,*,#698,.F.);
#1051=ORIENTED_EDGE('',*,*,#764,.F.);
#1052=ORIENTED_EDGE('',*,*,#765,.F.);
#1053=ORIENTED_EDGE('',*,*,#661,.T.);
#1054=ORIENTED_EDGE('',*,*,#766,.F.);
#1055=ORIENTED_EDGE('',*,*,#629,.F.);
#1056=ORIENTED_EDGE('',*,*,#728,.T.);
#1057=ORIENTED_EDGE('',*,*,#660,.F.);
#1058=ORIENTED_EDGE('',*,*,#767,.T.);
#1059=ORIENTED_EDGE('',*,*,#768,.F.);
#1060=ORIENTED_EDGE('',*,*,#767,.F.);
#1061=ORIENTED_EDGE('',*,*,#648,.T.);
#1062=ORIENTED_EDGE('',*,*,#769,.T.);
#1063=ORIENTED_EDGE('',*,*,#758,.T.);
#1064=ORIENTED_EDGE('',*,*,#769,.F.);
#1065=ORIENTED_EDGE('',*,*,#770,.F.);
#1066=ORIENTED_EDGE('',*,*,#771,.T.);
#1067=ORIENTED_EDGE('',*,*,#636,.F.);
#1068=ORIENTED_EDGE('',*,*,#771,.F.);
#1069=ORIENTED_EDGE('',*,*,#651,.F.);
#1070=ORIENTED_EDGE('',*,*,#671,.F.);
#1071=ORIENTED_EDGE('',*,*,#632,.F.);
#1072=ORIENTED_EDGE('',*,*,#740,.F.);
#1073=ORIENTED_EDGE('',*,*,#655,.F.);
#1074=ORIENTED_EDGE('',*,*,#768,.T.);
#1075=ORIENTED_EDGE('',*,*,#770,.T.);
#1076=ORIENTED_EDGE('',*,*,#761,.F.);
#1077=ORIENTED_EDGE('',*,*,#759,.F.);
#1078=ORIENTED_EDGE('',*,*,#766,.T.);
#1079=ORIENTED_EDGE('',*,*,#664,.F.);
#1080=ORIENTED_EDGE('',*,*,#757,.F.);
#1081=ORIENTED_EDGE('',*,*,#763,.T.);
#1082=ORIENTED_EDGE('',*,*,#742,.F.);
#1083=ORIENTED_EDGE('',*,*,#721,.F.);
#1084=ORIENTED_EDGE('',*,*,#743,.F.);
#1085=ORIENTED_EDGE('',*,*,#772,.T.);
#1086=ORIENTED_EDGE('',*,*,#773,.F.);
#1087=ORIENTED_EDGE('',*,*,#772,.F.);
#1088=ORIENTED_EDGE('',*,*,#750,.T.);
#1089=ORIENTED_EDGE('',*,*,#755,.F.);
#1090=ORIENTED_EDGE('',*,*,#765,.T.);
#1091=ORIENTED_EDGE('',*,*,#641,.T.);
#1092=ORIENTED_EDGE('',*,*,#747,.F.);
#1093=ORIENTED_EDGE('',*,*,#774,.T.);
#1094=ORIENTED_EDGE('',*,*,#775,.T.);
#1095=ORIENTED_EDGE('',*,*,#695,.T.);
#1096=ORIENTED_EDGE('',*,*,#665,.F.);
#1097=ORIENTED_EDGE('',*,*,#696,.T.);
#1098=ORIENTED_EDGE('',*,*,#775,.F.);
#1099=ORIENTED_EDGE('',*,*,#644,.F.);
#1100=ORIENTED_EDGE('',*,*,#776,.T.);
#1101=ORIENTED_EDGE('',*,*,#774,.F.);
#1102=ORIENTED_EDGE('',*,*,#776,.F.);
#1103=ORIENTED_EDGE('',*,*,#697,.T.);
#1104=ORIENTED_EDGE('',*,*,#729,.F.);
#1105=ORIENTED_EDGE('',*,*,#642,.F.);
#1106=ORIENTED_EDGE('',*,*,#764,.T.);
#1107=ORIENTED_EDGE('',*,*,#701,.F.);
#1108=ORIENTED_EDGE('',*,*,#777,.T.);
#1109=ORIENTED_EDGE('',*,*,#778,.F.);
#1110=ORIENTED_EDGE('',*,*,#777,.F.);
#1111=ORIENTED_EDGE('',*,*,#649,.T.);
#1112=ORIENTED_EDGE('',*,*,#779,.T.);
#1113=ORIENTED_EDGE('',*,*,#753,.T.);
#1114=ORIENTED_EDGE('',*,*,#779,.F.);
#1115=ORIENTED_EDGE('',*,*,#778,.T.);
#1116=ORIENTED_EDGE('',*,*,#780,.T.);
#1117=ORIENTED_EDGE('',*,*,#780,.F.);
#1118=ORIENTED_EDGE('',*,*,#781,.T.);
#1119=ORIENTED_EDGE('',*,*,#645,.F.);
#1120=ORIENTED_EDGE('',*,*,#781,.F.);
#1121=ORIENTED_EDGE('',*,*,#773,.T.);
#1122=CYLINDRICAL_SURFACE('',#1215,2.);
#1123=CYLINDRICAL_SURFACE('',#1232,2.6);
#1124=CYLINDRICAL_SURFACE('',#1261,5.);
#1125=CYLINDRICAL_SURFACE('',#1267,5.);
#1126=CYLINDRICAL_SURFACE('',#1285,2.);
#1127=CYLINDRICAL_SURFACE('',#1292,2.);
#1128=CYLINDRICAL_SURFACE('',#1293,3.);
#1129=CYLINDRICAL_SURFACE('',#1296,1.49999999999999);
#1130=CYLINDRICAL_SURFACE('',#1297,2.75);
#1131=CYLINDRICAL_SURFACE('',#1299,1.25);
#1132=CYLINDRICAL_SURFACE('',#1300,1.7);
#1133=CYLINDRICAL_SURFACE('',#1306,3.);
#1134=CYLINDRICAL_SURFACE('',#1311,2.);
#1135=CYLINDRICAL_SURFACE('',#1312,1.5);
#1136=CYLINDRICAL_SURFACE('',#1313,2.75);
#1137=CYLINDRICAL_SURFACE('',#1315,1.25);
#1138=CYLINDRICAL_SURFACE('',#1318,1.7);
#1139=ADVANCED_FACE('',(#81),#1122,.F.);
#1140=ADVANCED_FACE('',(#82),#38,.F.);
#1141=ADVANCED_FACE('',(#83),#36,.F.);
#1142=ADVANCED_FACE('',(#84,#21,#22),#39,.T.);
#1143=ADVANCED_FACE('',(#85,#23,#24),#40,.T.);
#1144=ADVANCED_FACE('',(#86),#1123,.F.);
#1145=ADVANCED_FACE('',(#87),#41,.F.);
#1146=ADVANCED_FACE('',(#88),#42,.F.);
#1147=ADVANCED_FACE('',(#89),#43,.F.);
#1148=ADVANCED_FACE('',(#90),#44,.T.);
#1149=ADVANCED_FACE('',(#91,#25,#26),#45,.T.);
#1150=ADVANCED_FACE('',(#92),#46,.T.);
#1151=ADVANCED_FACE('',(#93),#47,.T.);
#1152=ADVANCED_FACE('',(#94),#48,.F.);
#1153=ADVANCED_FACE('',(#95),#49,.T.);
#1154=ADVANCED_FACE('',(#96),#50,.T.);
#1155=ADVANCED_FACE('',(#97),#51,.T.);
#1156=ADVANCED_FACE('',(#98),#52,.T.);
#1157=ADVANCED_FACE('',(#99),#53,.T.);
#1158=ADVANCED_FACE('',(#100),#54,.T.);
#1159=ADVANCED_FACE('',(#101),#55,.T.);
#1160=ADVANCED_FACE('',(#102,#27,#28),#56,.T.);
#1161=ADVANCED_FACE('',(#103),#57,.F.);
#1162=ADVANCED_FACE('',(#104),#58,.T.);
#1163=ADVANCED_FACE('',(#105),#1124,.F.);
#1164=ADVANCED_FACE('',(#106),#59,.T.);
#1165=ADVANCED_FACE('',(#107),#1125,.F.);
#1166=ADVANCED_FACE('',(#108),#60,.T.);
#1167=ADVANCED_FACE('',(#109),#61,.T.);
#1168=ADVANCED_FACE('',(#110),#62,.F.);
#1169=ADVANCED_FACE('',(#111),#63,.F.);
#1170=ADVANCED_FACE('',(#112),#64,.T.);
#1171=ADVANCED_FACE('',(#113),#65,.T.);
#1172=ADVANCED_FACE('',(#114),#66,.T.);
#1173=ADVANCED_FACE('',(#115),#67,.T.);
#1174=ADVANCED_FACE('',(#116),#68,.T.);
#1175=ADVANCED_FACE('',(#117),#69,.T.);
#1176=ADVANCED_FACE('',(#118,#29),#70,.T.);
#1177=ADVANCED_FACE('',(#119),#1126,.T.);
#1178=ADVANCED_FACE('',(#120,#30),#71,.T.);
#1179=ADVANCED_FACE('',(#121),#72,.F.);
#1180=ADVANCED_FACE('',(#122),#1127,.T.);
#1181=ADVANCED_FACE('',(#123),#1128,.F.);
#1182=ADVANCED_FACE('',(#124),#73,.T.);
#1183=ADVANCED_FACE('',(#125),#1129,.F.);
#1184=ADVANCED_FACE('',(#126),#1130,.F.);
#1185=ADVANCED_FACE('',(#127),#1131,.F.);
#1186=ADVANCED_FACE('',(#128),#1132,.F.);
#1187=ADVANCED_FACE('',(#129),#74,.F.);
#1188=ADVANCED_FACE('',(#130,#31),#75,.F.);
#1189=ADVANCED_FACE('',(#131),#76,.T.);
#1190=ADVANCED_FACE('',(#132),#77,.F.);
#1191=ADVANCED_FACE('',(#133),#1133,.F.);
#1192=ADVANCED_FACE('',(#134),#78,.F.);
#1193=ADVANCED_FACE('',(#135),#37,.F.);
#1194=ADVANCED_FACE('',(#136),#1134,.F.);
#1195=ADVANCED_FACE('',(#137),#1135,.F.);
#1196=ADVANCED_FACE('',(#138),#1136,.F.);
#1197=ADVANCED_FACE('',(#139),#1137,.F.);
#1198=ADVANCED_FACE('',(#140,#32),#79,.F.);
#1199=ADVANCED_FACE('',(#141),#1138,.F.);
#1200=ADVANCED_FACE('',(#142),#80,.F.);
#1201=CLOSED_SHELL('',(#1139,#1140,#1141,#1142,#1143,#1144,#1145,#1146,
#1147,#1148,#1149,#1150,#1151,#1152,#1153,#1154,#1155,#1156,#1157,#1158,
#1159,#1160,#1161,#1162,#1163,#1164,#1165,#1166,#1167,#1168,#1169,#1170,
#1171,#1172,#1173,#1174,#1175,#1176,#1177,#1178,#1179,#1180,#1181,#1182,
#1183,#1184,#1185,#1186,#1187,#1188,#1189,#1190,#1191,#1192,#1193,#1194,
#1195,#1196,#1197,#1198,#1199,#1200));
#1202=DERIVED_UNIT_ELEMENT(#1204,1.);
#1203=DERIVED_UNIT_ELEMENT(#2010,-3.);
#1204=(
MASS_UNIT()
NAMED_UNIT(*)
SI_UNIT(.KILO.,.GRAM.)
);
#1205=DERIVED_UNIT((#1202,#1203));
#1206=MEASURE_REPRESENTATION_ITEM('density measure',
POSITIVE_RATIO_MEASURE(7850.),#1205);
#1207=PROPERTY_DEFINITION_REPRESENTATION(#1212,#1209);
#1208=PROPERTY_DEFINITION_REPRESENTATION(#1213,#1210);
#1209=REPRESENTATION('material name',(#1211),#2007);
#1210=REPRESENTATION('density',(#1206),#2007);
#1211=DESCRIPTIVE_REPRESENTATION_ITEM('Steel','Steel');
#1212=PROPERTY_DEFINITION('material property','material name',#2017);
#1213=PROPERTY_DEFINITION('material property','density of part',#2017);
#1214=AXIS2_PLACEMENT_3D('',#1656,#1320,#1321);
#1215=AXIS2_PLACEMENT_3D('',#1657,#1322,#1323);
#1216=AXIS2_PLACEMENT_3D('',#1659,#1324,#1325);
#1217=AXIS2_PLACEMENT_3D('',#1662,#1327,#1328);
#1218=AXIS2_PLACEMENT_3D('',#1663,#1329,#1330);
#1219=AXIS2_PLACEMENT_3D('',#1674,#1335,#1336);
#1220=AXIS2_PLACEMENT_3D('',#1682,#1340,#1341);
#1221=AXIS2_PLACEMENT_3D('',#1684,#1343,#1344);
#1222=AXIS2_PLACEMENT_3D('',#1692,#1346,#1347);
#1223=AXIS2_PLACEMENT_3D('',#1696,#1348,#1349);
#1224=AXIS2_PLACEMENT_3D('',#1698,#1350,#1351);
#1225=AXIS2_PLACEMENT_3D('',#1709,#1357,#1358);
#1226=AXIS2_PLACEMENT_3D('',#1711,#1359,#1360);
#1227=AXIS2_PLACEMENT_3D('',#1712,#1361,#1362);
#1228=AXIS2_PLACEMENT_3D('',#1724,#1368,#1369);
#1229=AXIS2_PLACEMENT_3D('',#1725,#1370,#1371);
#1230=AXIS2_PLACEMENT_3D('',#1727,#1372,#1373);
#1231=AXIS2_PLACEMENT_3D('',#1729,#1374,#1375);
#1232=AXIS2_PLACEMENT_3D('',#1730,#1376,#1377);
#1233=AXIS2_PLACEMENT_3D('',#1732,#1379,#1380);
#1234=AXIS2_PLACEMENT_3D('',#1734,#1382,#1383);
#1235=AXIS2_PLACEMENT_3D('',#1736,#1384,#1385);
#1236=AXIS2_PLACEMENT_3D('',#1737,#1386,#1387);
#1237=AXIS2_PLACEMENT_3D('',#1739,#1388,#1389);
#1238=AXIS2_PLACEMENT_3D('',#1740,#1390,#1391);
#1239=AXIS2_PLACEMENT_3D('',#1750,#1397,#1398);
#1240=AXIS2_PLACEMENT_3D('',#1761,#1404,#1405);
#1241=AXIS2_PLACEMENT_3D('',#1764,#1406,#1407);
#1242=AXIS2_PLACEMENT_3D('',#1770,#1411,#1412);
#1243=AXIS2_PLACEMENT_3D('',#1785,#1418,#1419);
#1244=AXIS2_PLACEMENT_3D('',#1793,#1425,#1426);
#1245=AXIS2_PLACEMENT_3D('',#1797,#1429,#1430);
#1246=AXIS2_PLACEMENT_3D('',#1801,#1433,#1434);
#1247=AXIS2_PLACEMENT_3D('',#1805,#1437,#1438);
#1248=AXIS2_PLACEMENT_3D('',#1809,#1441,#1442);
#1249=AXIS2_PLACEMENT_3D('',#1813,#1445,#1446);
#1250=AXIS2_PLACEMENT_3D('',#1821,#1451,#1452);
#1251=AXIS2_PLACEMENT_3D('',#1823,#1454,#1455);
#1252=AXIS2_PLACEMENT_3D('',#1829,#1459,#1460);
#1253=AXIS2_PLACEMENT_3D('',#1832,#1462,#1463);
#1254=AXIS2_PLACEMENT_3D('',#1833,#1464,#1465);
#1255=AXIS2_PLACEMENT_3D('',#1836,#1466,#1467);
#1256=AXIS2_PLACEMENT_3D('',#1843,#1471,#1472);
#1257=AXIS2_PLACEMENT_3D('',#1844,#1473,#1474);
#1258=AXIS2_PLACEMENT_3D('',#1853,#1478,#1479);
#1259=AXIS2_PLACEMENT_3D('',#1856,#1481,#1482);
#1260=AXIS2_PLACEMENT_3D('',#1857,#1483,#1484);
#1261=AXIS2_PLACEMENT_3D('',#1860,#1487,#1488);
#1262=AXIS2_PLACEMENT_3D('',#1862,#1489,#1490);
#1263=AXIS2_PLACEMENT_3D('',#1864,#1492,#1493);
#1264=AXIS2_PLACEMENT_3D('',#1868,#1495,#1496);
#1265=AXIS2_PLACEMENT_3D('',#1875,#1500,#1501);
#1266=AXIS2_PLACEMENT_3D('',#1883,#1505,#1506);
#1267=AXIS2_PLACEMENT_3D('',#1885,#1508,#1509);
#1268=AXIS2_PLACEMENT_3D('',#1888,#1512,#1513);
#1269=AXIS2_PLACEMENT_3D('',#1890,#1515,#1516);
#1270=AXIS2_PLACEMENT_3D('',#1891,#1517,#1518);
#1271=AXIS2_PLACEMENT_3D('',#1896,#1522,#1523);
#1272=AXIS2_PLACEMENT_3D('',#1901,#1527,#1528);
#1273=AXIS2_PLACEMENT_3D('',#1906,#1531,#1532);
#1274=AXIS2_PLACEMENT_3D('',#1907,#1533,#1534);
#1275=AXIS2_PLACEMENT_3D('',#1908,#1535,#1536);
#1276=AXIS2_PLACEMENT_3D('',#1916,#1541,#1542);
#1277=AXIS2_PLACEMENT_3D('',#1919,#1545,#1546);
#1278=AXIS2_PLACEMENT_3D('',#1921,#1547,#1548);
#1279=AXIS2_PLACEMENT_3D('',#1922,#1549,#1550);
#1280=AXIS2_PLACEMENT_3D('',#1926,#1553,#1554);
#1281=AXIS2_PLACEMENT_3D('',#1930,#1557,#1558);
#1282=AXIS2_PLACEMENT_3D('',#1936,#1562,#1563);
#1283=AXIS2_PLACEMENT_3D('',#1939,#1565,#1566);
#1284=AXIS2_PLACEMENT_3D('',#1941,#1567,#1568);
#1285=AXIS2_PLACEMENT_3D('',#1942,#1569,#1570);
#1286=AXIS2_PLACEMENT_3D('',#1945,#1572,#1573);
#1287=AXIS2_PLACEMENT_3D('',#1946,#1574,#1575);
#1288=AXIS2_PLACEMENT_3D('',#1948,#1576,#1577);
#1289=AXIS2_PLACEMENT_3D('',#1951,#1579,#1580);
#1290=AXIS2_PLACEMENT_3D('',#1952,#1581,#1582);
#1291=AXIS2_PLACEMENT_3D('',#1955,#1584,#1585);
#1292=AXIS2_PLACEMENT_3D('',#1956,#1586,#1587);
#1293=AXIS2_PLACEMENT_3D('',#1958,#1589,#1590);
#1294=AXIS2_PLACEMENT_3D('',#1961,#1592,#1593);
#1295=AXIS2_PLACEMENT_3D('',#1962,#1594,#1595);
#1296=AXIS2_PLACEMENT_3D('',#1965,#1598,#1599);
#1297=AXIS2_PLACEMENT_3D('',#1967,#1601,#1602);
#1298=AXIS2_PLACEMENT_3D('',#1970,#1604,#1605);
#1299=AXIS2_PLACEMENT_3D('',#1971,#1606,#1607);
#1300=AXIS2_PLACEMENT_3D('',#1973,#1609,#1610);
#1301=AXIS2_PLACEMENT_3D('',#1975,#1611,#1612);
#1302=AXIS2_PLACEMENT_3D('',#1977,#1614,#1615);
#1303=AXIS2_PLACEMENT_3D('',#1978,#1616,#1617);
#1304=AXIS2_PLACEMENT_3D('',#1979,#1618,#1619);
#1305=AXIS2_PLACEMENT_3D('',#1980,#1620,#1621);
#1306=AXIS2_PLACEMENT_3D('',#1981,#1622,#1623);
#1307=AXIS2_PLACEMENT_3D('',#1984,#1625,#1626);
#1308=AXIS2_PLACEMENT_3D('',#1985,#1627,#1628);
#1309=AXIS2_PLACEMENT_3D('',#1986,#1629,#1630);
#1310=AXIS2_PLACEMENT_3D('',#1988,#1631,#1632);
#1311=AXIS2_PLACEMENT_3D('',#1990,#1634,#1635);
#1312=AXIS2_PLACEMENT_3D('',#1992,#1637,#1638);
#1313=AXIS2_PLACEMENT_3D('',#1993,#1639,#1640);
#1314=AXIS2_PLACEMENT_3D('',#1996,#1642,#1643);
#1315=AXIS2_PLACEMENT_3D('',#1997,#1644,#1645);
#1316=AXIS2_PLACEMENT_3D('',#1999,#1647,#1648);
#1317=AXIS2_PLACEMENT_3D('',#2001,#1649,#1650);
#1318=AXIS2_PLACEMENT_3D('',#2002,#1651,#1652);
#1319=AXIS2_PLACEMENT_3D('',#2004,#1654,#1655);
#1320=DIRECTION('axis',(0.,0.,1.));
#1321=DIRECTION('refdir',(1.,0.,0.));
#1322=DIRECTION('center_axis',(5.97812397515941E-17,-2.38192906899196E-15,
1.));
#1323=DIRECTION('ref_axis',(6.42013521155955E-14,1.,2.38192906899196E-15));
#1324=DIRECTION('center_axis',(6.40502608215901E-14,3.24917447554779E-15,
1.));
#1325=DIRECTION('ref_axis',(6.42013521155955E-14,1.,2.38192906899196E-15));
#1326=DIRECTION('',(-5.97812397515941E-17,2.38192906899196E-15,-1.));
#1327=DIRECTION('center_axis',(5.97812397515941E-17,-2.38192906899196E-15,
1.));
#1328=DIRECTION('ref_axis',(6.42013521155955E-14,1.,2.38192906899196E-15));
#1329=DIRECTION('center_axis',(1.,1.36642833800016E-14,-6.37666557735301E-14));
#1330=DIRECTION('ref_axis',(-6.37666557735307E-14,4.78506123613444E-14,
-1.));
#1331=DIRECTION('',(1.36642833800016E-14,-1.,5.55111119401787E-17));
#1332=DIRECTION('',(6.07153216591882E-15,1.2712053631958E-9,1.));
#1333=DIRECTION('',(-1.36642833800013E-14,1.,3.13829882946506E-15));
#1334=DIRECTION('',(6.37666557735301E-14,1.92113783562813E-29,1.));
#1335=DIRECTION('center_axis',(-1.,-1.36642833800016E-14,6.37666557735301E-14));
#1336=DIRECTION('ref_axis',(-4.71027737605132E-16,-0.707106781186547,-0.707106781186547));
#1337=DIRECTION('',(0.,1.,0.));
#1338=DIRECTION('',(2.52873989233467E-14,1.03397576569128E-24,1.));
#1339=DIRECTION('',(0.,1.,0.));
#1340=DIRECTION('center_axis',(-1.,-1.36642833800016E-14,6.37666557735301E-14));
#1341=DIRECTION('ref_axis',(9.42055475210265E-16,-0.707106781186547,0.707106781186547));
#1342=DIRECTION('',(6.37666557735301E-14,1.92113783562813E-29,1.));
#1343=DIRECTION('center_axis',(0.,0.,-1.));
#1344=DIRECTION('ref_axis',(6.42013521155954E-14,1.,9.19464960678332E-16));
#1345=DIRECTION('',(-4.53106158366601E-14,-0.70710678118656,-0.707106781186535));
#1346=DIRECTION('center_axis',(-4.86682239829275E-20,-5.55111115306747E-17,
-1.));
#1347=DIRECTION('ref_axis',(6.42013521155955E-14,1.,-5.55111115306747E-17));
#1348=DIRECTION('center_axis',(6.40502608215901E-14,3.24917447554779E-15,
1.));
#1349=DIRECTION('ref_axis',(-3.2428285271508E-15,1.,-3.2491744755476E-15));
#1350=DIRECTION('center_axis',(-4.86682239829275E-20,-5.55111115306747E-17,
-1.));
#1351=DIRECTION('ref_axis',(6.42013521155955E-14,1.,-5.55111115306745E-17));
#1352=DIRECTION('',(1.36642833800018E-14,-1.,3.24917447554691E-15));
#1353=DIRECTION('',(-1.,1.11597732028527E-14,6.405026082159E-14));
#1354=DIRECTION('',(-1.09106469335879E-14,-1.,3.24917447554849E-15));
#1355=DIRECTION('',(1.,-1.0116143520749E-14,-6.40502608215899E-14));
#1356=DIRECTION('',(1.36642833800018E-14,-1.,3.24917447554691E-15));
#1357=DIRECTION('center_axis',(-4.86682239829275E-20,-5.55111115306747E-17,
-1.));
#1358=DIRECTION('ref_axis',(-5.33358079926717E-14,-1.,3.37893964048713E-17));
#1359=DIRECTION('center_axis',(-6.40502608215901E-14,-3.24917447554779E-15,
-1.));
#1360=DIRECTION('ref_axis',(6.42013521155954E-14,1.,-5.55111115306721E-17));
#1361=DIRECTION('center_axis',(-6.67573181936863E-14,3.13829882946415E-15,
-1.));
#1362=DIRECTION('ref_axis',(3.24282852715034E-15,-1.,-3.13829882946435E-15));
#1363=DIRECTION('',(-1.36642833800013E-14,1.,3.13829882946506E-15));
#1364=DIRECTION('',(1.,-1.01161435210792E-14,-6.67573181936862E-14));
#1365=DIRECTION('',(1.09106469335885E-14,1.,3.13829882946342E-15));
#1366=DIRECTION('',(1.,-1.11597732028529E-14,-6.67573181936862E-14));
#1367=DIRECTION('',(-1.36642833800013E-14,1.,3.13829882946506E-15));
#1368=DIRECTION('center_axis',(2.49507405683742E-15,5.5511111737477E-17,
1.));
#1369=DIRECTION('ref_axis',(-6.42013520971604E-14,-1.,5.5511111737637E-17));
#1370=DIRECTION('center_axis',(-6.67573181936863E-14,3.13829882946415E-15,
-1.));
#1371=DIRECTION('ref_axis',(-5.33358080001763E-14,-1.,-3.13829882947226E-15));
#1372=DIRECTION('center_axis',(-6.67573181936863E-14,3.13829882946415E-15,
-1.));
#1373=DIRECTION('ref_axis',(-6.42013521155956E-14,-1.,-2.38192906878501E-15));
#1374=DIRECTION('center_axis',(6.67573181936863E-14,-3.13829882946415E-15,
1.));
#1375=DIRECTION('ref_axis',(-6.42013521155956E-14,-1.,-2.381929068785E-15));
#1376=DIRECTION('center_axis',(6.07153216591882E-15,1.2712053631958E-9,
1.));
#1377=DIRECTION('ref_axis',(-5.33358079924581E-14,-1.,1.2712053631958E-9));
#1378=DIRECTION('',(6.07153216591882E-15,1.2712053631958E-9,1.));
#1379=DIRECTION('center_axis',(1.,1.36642833800016E-14,-6.37666557735301E-14));
#1380=DIRECTION('ref_axis',(-6.37666557735307E-14,4.78506123613444E-14,
-1.));
#1381=DIRECTION('',(6.55586696042108E-14,-4.9050610376922E-15,1.));
#1382=DIRECTION('center_axis',(1.,-2.55819075594407E-23,5.91645678915759E-30));
#1383=DIRECTION('ref_axis',(-2.5581913497427E-23,-1.,1.2711794068773E-9));
#1384=DIRECTION('center_axis',(1.,-2.55819075594407E-23,5.91645678915759E-30));
#1385=DIRECTION('ref_axis',(6.3766655773342E-14,3.3019463604251E-27,1.));
#1386=DIRECTION('center_axis',(1.,-2.55819075594407E-23,5.91645678915759E-30));
#1387=DIRECTION('ref_axis',(-2.5581913497427E-23,-1.,1.2711794068773E-9));
#1388=DIRECTION('center_axis',(1.,-2.55819075594407E-23,5.91645678915759E-30));
#1389=DIRECTION('ref_axis',(6.62616811619557E-14,2.10181620309956E-25,1.));
#1390=DIRECTION('center_axis',(-6.31724176399019E-15,-0.707106781180628,
-0.707106781192467));
#1391=DIRECTION('ref_axis',(-1.,0.,8.93392897934987E-15));
#1392=DIRECTION('',(-1.,8.93388031127546E-15,4.86682239824316E-20));
#1393=DIRECTION('',(-3.62898681288569E-14,0.707106781192467,-0.707106781180628));
#1394=DIRECTION('',(1.,-8.93388031127546E-15,-4.86682239824316E-20));
#1395=DIRECTION('',(1.,-8.93388031127546E-15,-4.86682239824316E-20));
#1396=DIRECTION('',(0.281084637702179,-0.678598344554147,0.678598344542783));
#1397=DIRECTION('center_axis',(-4.86682239829275E-20,-5.55111115306747E-17,
-1.));
#1398=DIRECTION('ref_axis',(6.42013521155955E-14,1.,-5.55111115306747E-17));
#1399=DIRECTION('',(-3.80135957660208E-14,1.,-4.02502365062257E-15));
#1400=DIRECTION('',(1.,3.85206460324653E-14,3.21811878164167E-9));
#1401=DIRECTION('',(-0.707106781194119,0.707106781178976,-3.92178697629156E-17));
#1402=DIRECTION('',(2.55819075594407E-23,1.,-5.55111115306747E-17));
#1403=DIRECTION('',(0.707106781186556,0.707106781186539,-3.9286697025749E-17));
#1404=DIRECTION('center_axis',(4.86682239829275E-20,5.55111115306747E-17,
1.));
#1405=DIRECTION('ref_axis',(6.42013521155955E-14,1.,-5.55111115306749E-17));
#1406=DIRECTION('center_axis',(-4.86682239829275E-20,-5.55111115306747E-17,
-1.));
#1407=DIRECTION('ref_axis',(6.42013521155955E-14,1.,-5.55111115306745E-17));
#1408=DIRECTION('',(1.,-6.73098378195463E-15,-8.88178906383962E-14));
#1409=DIRECTION('',(-9.31731995747676E-16,1.,-5.97670057619823E-15));
#1410=DIRECTION('',(-1.,-3.71817409688952E-15,8.35933116989747E-14));
#1411=DIRECTION('center_axis',(-4.55292356525958E-15,-0.707106781186562,
0.707106781186533));
#1412=DIRECTION('ref_axis',(1.,0.,6.43880625443829E-15));
#1413=DIRECTION('',(-1.,8.93388031127546E-15,2.49507405683752E-15));
#1414=DIRECTION('',(-5.34841023685567E-14,-0.707106781186533,-0.707106781186562));
#1415=DIRECTION('',(1.,-8.93388031127546E-15,-2.49507405683752E-15));
#1416=DIRECTION('',(-0.281084637714841,0.67859834454583,0.678598344545855));
#1417=DIRECTION('',(-1.,8.93388031127546E-15,2.49507405683752E-15));
#1418=DIRECTION('center_axis',(-8.93388031127546E-15,-1.,-3.4486846799474E-15));
#1419=DIRECTION('ref_axis',(-6.55586696042109E-14,3.44868467994798E-15,
-1.));
#1420=DIRECTION('',(-6.22322706187609E-14,3.44868467994795E-15,-1.));
#1421=DIRECTION('',(-0.816496580927725,9.28558175689171E-15,-0.577350269189627));
#1422=DIRECTION('',(3.54987416171849E-30,3.4486846799474E-15,-1.));
#1423=DIRECTION('',(0.816496580927726,-5.30338370025618E-15,-0.577350269189626));
#1424=DIRECTION('',(-6.47272960073745E-14,3.44868467974116E-15,-1.));
#1425=DIRECTION('center_axis',(1.,-1.09106469335883E-14,-6.47272960073745E-14));
#1426=DIRECTION('ref_axis',(-6.47272960073746E-14,-6.49985512821212E-15,
-1.));
#1427=DIRECTION('',(7.37392086174134E-14,-1.,2.06616693966957E-25));
#1428=DIRECTION('',(6.47272960073746E-14,6.4998551282121E-15,1.));
#1429=DIRECTION('center_axis',(0.499999999999995,-0.500000000000007,-0.707106781186546));
#1430=DIRECTION('ref_axis',(-0.816496580927728,0.,-0.577350269189623));
#1431=DIRECTION('',(0.678598344545847,-0.281084637714821,0.678598344545847));
#1432=DIRECTION('',(-0.707106781186556,-0.707106781186539,3.9286697025749E-17));
#1433=DIRECTION('center_axis',(0.707106781186548,-3.92523014836831E-17,
-0.707106781186547));
#1434=DIRECTION('ref_axis',(-0.707106781186547,0.,-0.707106781186548));
#1435=DIRECTION('',(0.678598344545034,0.281084637718747,0.678598344545034));
#1436=DIRECTION('',(-2.55819075594407E-23,-1.,5.55111115306747E-17));
#1437=DIRECTION('center_axis',(0.499999999994644,0.500000000005351,-0.707106781186551));
#1438=DIRECTION('ref_axis',(-0.816496580930643,0.,-0.5773502691855));
#1439=DIRECTION('',(0.816496580930659,-4.86674913856861E-14,0.577350269185477));
#1440=DIRECTION('',(0.707106781194119,-0.707106781178976,3.92178697629156E-17));
#1441=DIRECTION('center_axis',(0.707106781186539,-0.707106781186556,-2.43858832336499E-15));
#1442=DIRECTION('ref_axis',(-3.44868467994748E-15,0.,-1.));
#1443=DIRECTION('',(-3.54987416171849E-30,-3.4486846799474E-15,1.));
#1444=DIRECTION('',(0.707106781186556,0.707106781186539,-1.80353606869323E-15));
#1445=DIRECTION('center_axis',(0.707106781186704,3.92522654516201E-17,0.707106781186391));
#1446=DIRECTION('ref_axis',(0.707106781186391,0.,-0.707106781186704));
#1447=DIRECTION('',(-2.55819075594407E-23,-1.,5.55111117374699E-17));
#1448=DIRECTION('',(0.678598344545849,-0.281084637714816,-0.678598344545847));
#1449=DIRECTION('',(2.55819075594407E-23,1.,-5.55111117374699E-17));
#1450=DIRECTION('',(-0.67859834454585,-0.281084637714812,0.678598344545848));
#1451=DIRECTION('center_axis',(0.499999999999996,-0.500000000000006,0.707106781186546));
#1452=DIRECTION('ref_axis',(0.816496580927728,0.,-0.577350269189623));
#1453=DIRECTION('',(-0.707106781186556,-0.707106781186539,1.80353606869323E-15));
#1454=DIRECTION('center_axis',(0.500000000000013,0.499999999999985,0.707106781186549));
#1455=DIRECTION('ref_axis',(0.81649658092772,0.,-0.577350269189635));
#1456=DIRECTION('',(-0.707106781186529,0.707106781186566,1.72503150161162E-15));
#1457=DIRECTION('',(-0.816496580927739,5.61728776012905E-14,0.577350269189608));
#1458=DIRECTION('',(0.707106781186529,-0.707106781186566,-1.72503150161162E-15));
#1459=DIRECTION('center_axis',(2.49507405683752E-15,5.55111117374699E-17,
1.));
#1460=DIRECTION('ref_axis',(-6.42013521155956E-14,-1.,5.55111117376301E-17));
#1461=DIRECTION('',(1.,6.85292146041447E-15,-7.3609080204376E-14));
#1462=DIRECTION('center_axis',(2.49507405683752E-15,5.55111117374699E-17,
1.));
#1463=DIRECTION('ref_axis',(-6.42013521155956E-14,-1.,5.551111173763E-17));
#1464=DIRECTION('center_axis',(2.49507405683752E-15,5.55111117374699E-17,
1.));
#1465=DIRECTION('ref_axis',(-6.42013521155956E-14,-1.,5.551111173763E-17));
#1466=DIRECTION('center_axis',(2.49507405683752E-15,5.55111117374699E-17,
1.));
#1467=DIRECTION('ref_axis',(-6.42013521155956E-14,-1.,5.55111117376305E-17));
#1468=DIRECTION('',(1.,-1.19555627213764E-14,-2.49502538861345E-15));
#1469=DIRECTION('',(9.31731995751018E-16,-1.,-5.51571138272316E-20));
#1470=DIRECTION('',(-1.,6.73098378195505E-15,2.54400578114058E-15));
#1471=DIRECTION('center_axis',(-2.49507405683752E-15,-5.55111117374699E-17,
-1.));
#1472=DIRECTION('ref_axis',(-6.42013521155956E-14,-1.,5.55111117376303E-17));
#1473=DIRECTION('center_axis',(-0.707106781179043,-0.707106781194052,-1.11260000088307E-14));
#1474=DIRECTION('ref_axis',(0.707106781194052,-0.707106781179043,1.11669613091343E-14));
#1475=DIRECTION('',(0.707106781194052,-0.707106781179043,-6.70248345992943E-16));
#1476=DIRECTION('',(1.57345401076186E-14,0.,-1.));
#1477=DIRECTION('',(-0.707106781194052,0.707106781179043,6.70248345992943E-16));
#1478=DIRECTION('center_axis',(0.707106781179043,0.707106781194052,1.11260000088307E-14));
#1479=DIRECTION('ref_axis',(0.707106781194052,-0.707106781179043,-1.25999919808036E-14));
#1480=DIRECTION('',(-3.5498744760141E-30,-1.57345401072846E-14,1.));
#1481=DIRECTION('center_axis',(0.707106781179043,0.707106781194052,1.11260000088307E-14));
#1482=DIRECTION('ref_axis',(0.707106781194052,-0.707106781179043,-1.25999919808036E-14));
#1483=DIRECTION('center_axis',(-9.47874301051295E-16,0.,-1.));
#1484=DIRECTION('ref_axis',(-1.,2.90197109587514E-28,9.47874301051295E-16));
#1485=DIRECTION('',(1.,3.053113317718E-16,-9.47874301051295E-16));
#1486=DIRECTION('',(-1.,2.90197109587514E-28,9.47874301051295E-16));
#1487=DIRECTION('center_axis',(1.,3.053113317718E-16,-9.47874301051295E-16));
#1488=DIRECTION('ref_axis',(9.42055475210265E-16,-0.707106781186547,0.707106781186547));
#1489=DIRECTION('center_axis',(1.,-2.55819075594407E-23,3.54987407349455E-30));
#1490=DIRECTION('ref_axis',(9.42055475210265E-16,-0.707106781186547,0.707106781186547));
#1491=DIRECTION('',(-1.,-3.053113317718E-16,9.47874301051295E-16));
#1492=DIRECTION('center_axis',(1.,-2.55819075594407E-23,3.54987407349455E-30));
#1493=DIRECTION('ref_axis',(-2.5581913497427E-23,-1.,1.2711794068773E-9));
#1494=DIRECTION('',(3.54987390721586E-30,-6.4998551280093E-15,-1.));
#1495=DIRECTION('center_axis',(-1.,2.55819075594407E-23,-3.54987407349455E-30));
#1496=DIRECTION('ref_axis',(-2.55819177046852E-23,-1.,1.2711794068773E-9));
#1497=DIRECTION('',(3.54987390721586E-30,-6.4998551280093E-15,-1.));
#1498=DIRECTION('',(-2.55818615962407E-23,-0.999999999999997,7.39043255335662E-8));
#1499=DIRECTION('',(-1.77493703674728E-30,5.92250576417543E-11,1.));
#1500=DIRECTION('center_axis',(1.,-2.55819075594407E-23,3.54987407349455E-30));
#1501=DIRECTION('ref_axis',(-4.71027737605132E-16,-0.707106781186547,-0.707106781186547));
#1502=DIRECTION('',(-1.77493703674728E-30,5.92250576417543E-11,1.));
#1503=DIRECTION('',(2.55819343947707E-23,0.999999999999997,-7.3267550285158E-8));
#1504=DIRECTION('',(3.54987390721586E-30,-6.49985512821625E-15,-1.));
#1505=DIRECTION('center_axis',(-1.,2.55819075594407E-23,-3.54987407349455E-30));
#1506=DIRECTION('ref_axis',(-2.55819177046852E-23,-1.,1.2711794068773E-9));
#1507=DIRECTION('',(3.54987390721586E-30,-6.49985512821625E-15,-1.));
#1508=DIRECTION('center_axis',(-1.,-3.053113317718E-16,9.47874301051295E-16));
#1509=DIRECTION('ref_axis',(-4.71027737605132E-16,-0.707106781186547,-0.707106781186547));
#1510=DIRECTION('',(-1.,-3.053113317718E-16,9.47874301051295E-16));
#1511=DIRECTION('',(1.,3.053113317718E-16,-9.47874301051295E-16));
#1512=DIRECTION('center_axis',(9.47874301051295E-16,0.,1.));
#1513=DIRECTION('ref_axis',(1.,-2.90197109587514E-28,-9.47874301051295E-16));
#1514=DIRECTION('',(1.,-2.90197109587514E-28,-9.47874301051295E-16));
#1515=DIRECTION('center_axis',(0.,1.,0.));
#1516=DIRECTION('ref_axis',(0.,0.,1.));
#1517=DIRECTION('center_axis',(3.053113317718E-16,-1.,-2.57304240569129E-31));
#1518=DIRECTION('ref_axis',(3.7470027081099E-16,3.71704479265688E-31,-1.));
#1519=DIRECTION('',(1.,0.,0.));
#1520=DIRECTION('',(1.09075902266518E-14,-1.51461293802434E-28,1.));
#1521=DIRECTION('',(-1.75154965822817E-15,1.95898696437294E-15,-1.));
#1522=DIRECTION('center_axis',(3.053113317718E-16,-1.,-2.57304240569129E-31));
#1523=DIRECTION('ref_axis',(3.7470027081099E-16,3.71704479265688E-31,-1.));
#1524=DIRECTION('',(2.55480662836557E-15,2.05896302971549E-15,1.));
#1525=DIRECTION('',(-3.87650888904718E-14,-1.1578116674833E-29,-1.));
#1526=DIRECTION('',(1.,0.,0.));
#1527=DIRECTION('center_axis',(0.707106781178976,0.707106781194119,-4.59609163779474E-15));
#1528=DIRECTION('ref_axis',(-6.49985512814849E-15,0.,-1.));
#1529=DIRECTION('',(-3.54987390721586E-30,6.4998551280093E-15,1.));
#1530=DIRECTION('',(0.707106781194118,-0.707106781178975,5.22582497432433E-8));
#1531=DIRECTION('center_axis',(-0.707106781178976,-0.707106781194119,4.59609163779474E-15));
#1532=DIRECTION('ref_axis',(0.707106781194119,-0.707106781178976,8.98859578698011E-10));
#1533=DIRECTION('center_axis',(-0.707106781178976,-0.707106781194119,4.59609163779474E-15));
#1534=DIRECTION('ref_axis',(0.707106781194119,-0.707106781178976,8.98859578698011E-10));
#1535=DIRECTION('center_axis',(0.,7.39043255335662E-8,0.999999999999997));
#1536=DIRECTION('ref_axis',(-2.55818615962407E-23,-0.999999999999997,7.39043255335662E-8));
#1537=DIRECTION('',(1.,0.,0.));
#1538=DIRECTION('',(1.36642880926333E-14,-0.999999999999997,7.39043255335662E-8));
#1539=DIRECTION('',(1.,1.40999642339826E-28,-3.52079466603085E-14));
#1540=DIRECTION('',(-9.31732000165775E-16,0.999999999999997,-7.39043255335662E-8));
#1541=DIRECTION('center_axis',(6.42013521155952E-14,1.,-6.4998551280093E-15));
#1542=DIRECTION('ref_axis',(3.51844621813382E-14,6.49985512800704E-15,1.));
#1543=DIRECTION('',(6.2232270618761E-14,6.4998551280053E-15,1.));
#1544=DIRECTION('',(-6.22322706187611E-14,-6.49985512800533E-15,-1.));
#1545=DIRECTION('center_axis',(0.707106781186566,0.707106781186529,-4.59609163789175E-15));
#1546=DIRECTION('ref_axis',(-6.49985512821592E-15,0.,-1.));
#1547=DIRECTION('center_axis',(-0.707106781186566,-0.707106781186529,4.59609163789175E-15));
#1548=DIRECTION('ref_axis',(0.707106781186529,-0.707106781186566,8.98859578707659E-10));
#1549=DIRECTION('center_axis',(-0.707106781186566,-0.707106781186529,4.59609163789175E-15));
#1550=DIRECTION('ref_axis',(0.707106781186529,-0.707106781186566,8.98859578707659E-10));
#1551=DIRECTION('',(-0.707106781186528,0.707106781186565,-5.18079816475629E-8));
#1552=DIRECTION('',(-3.54987390721586E-30,6.49985512821625E-15,1.));
#1553=DIRECTION('center_axis',(6.42013521155953E-14,1.,-6.49985512821625E-15));
#1554=DIRECTION('ref_axis',(3.76794875699517E-14,6.49985512821383E-15,1.));
#1555=DIRECTION('',(-1.,6.42013521155953E-14,-4.70387579450453E-21));
#1556=DIRECTION('',(6.62616811621435E-14,6.82182959007558E-17,1.));
#1557=DIRECTION('center_axis',(0.,-7.3267550285158E-8,-0.999999999999997));
#1558=DIRECTION('ref_axis',(2.55819343947707E-23,0.999999999999997,-7.3267550285158E-8));
#1559=DIRECTION('',(-9.31732182935067E-16,0.999999999999997,-7.3267550285158E-8));
#1560=DIRECTION('',(-1.,-8.0454917947906E-30,3.87650888904526E-14));
#1561=DIRECTION('',(1.36642882348325E-14,-0.999999999999997,7.3267550285158E-8));
#1562=DIRECTION('center_axis',(-1.,-9.31731995750647E-16,2.55480662836512E-15));
#1563=DIRECTION('ref_axis',(-9.3173199575063E-16,1.,5.86567835293037E-15));
#1564=DIRECTION('',(-1.34026156152655E-14,-2.06725733378597E-25,-1.));
#1565=DIRECTION('center_axis',(1.,9.31731995750647E-16,-2.55480662836512E-15));
#1566=DIRECTION('ref_axis',(-2.74766180266826E-14,-0.707106781193845,-0.70710678117925));
#1567=DIRECTION('center_axis',(-1.,-9.31731995750647E-16,2.55480662836512E-15));
#1568=DIRECTION('ref_axis',(6.62616811619557E-14,2.10181620309956E-25,1.));
#1569=DIRECTION('center_axis',(-1.,-8.0454917947906E-30,3.87650888904526E-14));
#1570=DIRECTION('ref_axis',(-2.74766180266826E-14,-0.707106781193845,-0.70710678117925));
#1571=DIRECTION('',(-1.,-8.0454917947906E-30,3.87650888904526E-14));
#1572=DIRECTION('center_axis',(1.,1.36642833800015E-14,-6.62616811621436E-14));
#1573=DIRECTION('ref_axis',(-2.74766180266826E-14,-0.707106781193845,-0.70710678117925));
#1574=DIRECTION('center_axis',(-1.,-9.31731995747685E-16,5.97812397515878E-17));
#1575=DIRECTION('ref_axis',(9.31731995747676E-16,-1.,5.97670057619823E-15));
#1576=DIRECTION('center_axis',(1.,9.31731995747685E-16,-5.97812397515878E-17));
#1577=DIRECTION('ref_axis',(2.49252177818619E-14,-0.707106781179253,0.707106781193842));
#1578=DIRECTION('',(-6.22322706187611E-14,-6.49985512800533E-15,-1.));
#1579=DIRECTION('center_axis',(-1.,-9.31731995747685E-16,5.97812397515878E-17));
#1580=DIRECTION('ref_axis',(6.3766655773342E-14,3.3019463604251E-27,1.));
#1581=DIRECTION('center_axis',(1.,1.36642833800016E-14,-6.37666557735301E-14));
#1582=DIRECTION('ref_axis',(-6.37666557735307E-14,4.78506123613444E-14,
-1.));
#1583=DIRECTION('',(3.52079466603085E-14,2.06189431016052E-11,1.));
#1584=DIRECTION('center_axis',(1.,1.36642833800016E-14,-6.37666557735301E-14));
#1585=DIRECTION('ref_axis',(2.49252177818619E-14,-0.707106781179253,0.707106781193842));
#1586=DIRECTION('center_axis',(1.,1.40999642339826E-28,-3.52079466603085E-14));
#1587=DIRECTION('ref_axis',(2.49252177818619E-14,-0.707106781179253,0.707106781193842));
#1588=DIRECTION('',(1.,1.40999642339826E-28,-3.52079466603085E-14));
#1589=DIRECTION('center_axis',(1.,0.,0.));
#1590=DIRECTION('ref_axis',(0.,-1.,1.2711794068773E-9));
#1591=DIRECTION('',(-1.,0.,0.));
#1592=DIRECTION('center_axis',(1.,1.36642833984371E-14,-6.37666557733422E-14));
#1593=DIRECTION('ref_axis',(0.,-1.,1.2711794068773E-9));
#1594=DIRECTION('center_axis',(8.04549180280704E-30,-1.,2.06795153138257E-25));
#1595=DIRECTION('ref_axis',(-1.36019170547711E-14,-2.06795153138257E-25,
-1.));
#1596=DIRECTION('',(2.55480662836557E-15,2.05896302971549E-15,1.));
#1597=DIRECTION('',(6.80536949928244E-14,-4.90506103748541E-15,1.));
#1598=DIRECTION('center_axis',(1.75154965822817E-15,-1.95898696437294E-15,
1.));
#1599=DIRECTION('ref_axis',(6.42013521155955E-14,1.,1.95898696437282E-15));
#1600=DIRECTION('',(-1.75154965822817E-15,1.95898696437294E-15,-1.));
#1601=DIRECTION('center_axis',(-3.28952094775232E-15,1.574494141992E-15,
-1.));
#1602=DIRECTION('ref_axis',(6.42013521155955E-14,1.,1.57449414199179E-15));
#1603=DIRECTION('',(3.28952094775232E-15,-1.574494141992E-15,1.));
#1604=DIRECTION('center_axis',(-6.34535159458536E-14,-3.2491744602763E-15,
-1.));
#1605=DIRECTION('ref_axis',(6.42013521155955E-14,1.,1.57449414199179E-15));
#1606=DIRECTION('center_axis',(-1.,-1.36642833793417E-14,6.3766655773342E-14));
#1607=DIRECTION('ref_axis',(6.3766655773342E-14,3.3019463604251E-27,1.));
#1608=DIRECTION('',(-1.,-1.36642833793417E-14,6.3766655773342E-14));
#1609=DIRECTION('center_axis',(4.86682239766166E-20,5.55111115306731E-17,
1.));
#1610=DIRECTION('ref_axis',(6.42013521155954E-14,1.,-5.55111115306721E-17));
#1611=DIRECTION('center_axis',(6.34535159458536E-14,3.2491744602763E-15,
1.));
#1612=DIRECTION('ref_axis',(6.42013521155954E-14,1.,-5.55111115306721E-17));
#1613=DIRECTION('',(4.86682239766166E-20,5.55111115306731E-17,1.));
#1614=DIRECTION('center_axis',(1.,-1.09106469335881E-14,-6.2232270618761E-14));
#1615=DIRECTION('ref_axis',(-6.2232270618761E-14,-6.49985512800533E-15,
-1.));
#1616=DIRECTION('center_axis',(6.34535159458536E-14,3.2491744602763E-15,
1.));
#1617=DIRECTION('ref_axis',(-1.36642833974469E-14,1.,-3.24917446027545E-15));
#1618=DIRECTION('center_axis',(1.40999642339826E-28,-1.,4.36924861176478E-41));
#1619=DIRECTION('ref_axis',(-1.11068916661576E-14,-4.5252242651536E-41,
-1.));
#1620=DIRECTION('center_axis',(-1.,-1.36642833984371E-14,6.37666557733422E-14));
#1621=DIRECTION('ref_axis',(6.37666557733422E-14,7.88860905221012E-30,1.));
#1622=DIRECTION('center_axis',(1.,0.,0.));
#1623=DIRECTION('ref_axis',(0.,-1.,1.2711794068773E-9));
#1624=DIRECTION('',(-1.,0.,0.));
#1625=DIRECTION('center_axis',(1.,1.36642833984371E-14,-6.37666557733422E-14));
#1626=DIRECTION('ref_axis',(0.,-1.,1.2711794068773E-9));
#1627=DIRECTION('center_axis',(1.,1.36642833800015E-14,-6.62616811621436E-14));
#1628=DIRECTION('ref_axis',(-6.62616811621443E-14,4.78506123611376E-14,
-1.));
#1629=DIRECTION('center_axis',(2.49502538861353E-15,2.06795153138257E-25,
1.));
#1630=DIRECTION('ref_axis',(-6.42013521155956E-14,-1.,-9.19464960471428E-16));
#1631=DIRECTION('center_axis',(-2.49507405683752E-15,-5.55111117374699E-17,
-1.));
#1632=DIRECTION('ref_axis',(-6.42013521155956E-14,-1.,-2.38192906878501E-15));
#1633=DIRECTION('',(4.72480564194269E-14,0.707106781186535,0.70710678118656));
#1634=DIRECTION('center_axis',(-2.55480662836513E-15,2.38192906878517E-15,
-1.));
#1635=DIRECTION('ref_axis',(-6.42013521155956E-14,-1.,-2.38192906878501E-15));
#1636=DIRECTION('',(2.55480662836513E-15,-2.38192906878517E-15,1.));
#1637=DIRECTION('center_axis',(-2.55480662836557E-15,-2.05896302971549E-15,
-1.));
#1638=DIRECTION('ref_axis',(-6.42013521155956E-14,-1.,2.05896302971566E-15));
#1639=DIRECTION('center_axis',(5.78454633636585E-15,-1.57449414178521E-15,
1.));
#1640=DIRECTION('ref_axis',(-6.42013521155956E-14,-1.,-1.57449414178484E-15));
#1641=DIRECTION('',(-5.78454633636585E-15,1.57449414178521E-15,-1.));
#1642=DIRECTION('center_axis',(6.61605733179499E-14,-3.13829884473564E-15,
1.));
#1643=DIRECTION('ref_axis',(-6.42013521155956E-14,-1.,-1.57449414178484E-15));
#1644=DIRECTION('center_axis',(-1.,-1.36642833796717E-14,6.62616811619557E-14));
#1645=DIRECTION('ref_axis',(6.62616811619557E-14,2.10181620309956E-25,1.));
#1646=DIRECTION('',(-1.,-1.36642833796717E-14,6.62616811619557E-14));
#1647=DIRECTION('center_axis',(-6.61605733179499E-14,3.13829884473564E-15,
-1.));
#1648=DIRECTION('ref_axis',(1.36642833974465E-14,-1.,-3.13829884473653E-15));
#1649=DIRECTION('center_axis',(-6.61605733179499E-14,3.13829884473564E-15,
-1.));
#1650=DIRECTION('ref_axis',(-6.42013521155956E-14,-1.,-2.381929068785E-15));
#1651=DIRECTION('center_axis',(-2.55480662836513E-15,2.38192906878517E-15,
-1.));
#1652=DIRECTION('ref_axis',(-6.42013521155956E-14,-1.,-2.381929068785E-15));
#1653=DIRECTION('',(-2.55480662836513E-15,2.38192906878517E-15,-1.));
#1654=DIRECTION('center_axis',(-1.,-1.36642833984371E-14,6.37666557733422E-14));
#1655=DIRECTION('ref_axis',(6.37666557733422E-14,7.88860905221012E-30,1.));
#1656=CARTESIAN_POINT('',(0.,0.,0.));
#1657=CARTESIAN_POINT('Origin',(-0.501186082244267,85.1190427595693,-78.4095649209763));
#1658=CARTESIAN_POINT('',(-0.501186082244395,83.1190427595693,-76.4095649209768));
#1659=CARTESIAN_POINT('Origin',(-0.501186082244267,85.1190427595693,-76.4095649209769));
#1660=CARTESIAN_POINT('',(-0.501186082244395,83.1190427595693,-79.6095649209757));
#1661=CARTESIAN_POINT('',(-0.501186082244395,83.1190427595693,-78.4095649209763));
#1662=CARTESIAN_POINT('Origin',(-0.501186082244267,85.1190427595693,-79.6095649209757));
#1663=CARTESIAN_POINT('Origin',(-0.501186082247624,87.7251687025041,-88.3967801623528));
#1664=CARTESIAN_POINT('',(-0.501186082243219,92.3190420922937,-76.4095649209767));
#1665=CARTESIAN_POINT('',(-0.501186082243237,87.7190427595698,-76.4095649209769));
#1666=CARTESIAN_POINT('',(-0.501186082246842,86.4220601621815,-76.4095649209763));
#1667=CARTESIAN_POINT('',(-0.501186082242206,87.7190428124261,-34.8095988505358));
#1668=CARTESIAN_POINT('',(-0.501186082246826,87.7190427593411,-76.4891994101282));
#1669=CARTESIAN_POINT('',(-0.501186082242162,92.3190420922938,-34.8095988505358));
#1670=CARTESIAN_POINT('',(-0.501186082246732,93.397041897399,-34.8095988505358));
#1671=CARTESIAN_POINT('',(-0.501186082245174,92.3190420922934,-49.5095818857585));
#1672=CARTESIAN_POINT('',(-0.501186082248163,92.3190420922934,-96.3852781466247));
#1673=CARTESIAN_POINT('',(-0.50118608224345,97.3190420922934,-54.5095818857585));
#1674=CARTESIAN_POINT('Origin',(-0.50118608224759,97.3190420922934,-49.5095818857585));
#1675=CARTESIAN_POINT('',(-0.50118608224345,98.4190420922933,-54.5095818857585));
#1676=CARTESIAN_POINT('',(-0.50118608224345,92.3190420922933,-54.5095818857585));
#1677=CARTESIAN_POINT('',(-0.501186082243503,98.4190420922933,-56.7095818857585));
#1678=CARTESIAN_POINT('',(-0.501186082244001,98.4190420922933,-76.4095649209778));
#1679=CARTESIAN_POINT('',(-0.501186082243503,97.3190420922934,-56.7095818857585));
#1680=CARTESIAN_POINT('',(-0.501186082243503,92.3190420922933,-56.7095818857585));
#1681=CARTESIAN_POINT('',(-0.501186082245952,92.3190420922934,-61.7095818857585));
#1682=CARTESIAN_POINT('Origin',(-0.501186082247601,97.3190420922934,-61.7095818857585));
#1683=CARTESIAN_POINT('',(-0.501186082248163,92.3190420922934,-96.3852781466247));
#1684=CARTESIAN_POINT('Origin',(-0.501186082244267,85.1190427595693,-80.1095649209758));
#1685=CARTESIAN_POINT('',(-0.501186082244447,82.3190425359739,-80.4095651445708));
#1686=CARTESIAN_POINT('',(-0.501186082244427,82.6190427595692,-80.1095649209758));
#1687=CARTESIAN_POINT('',(-1.99784826010191,82.5190423123825,-80.6095649209759));
#1688=CARTESIAN_POINT('Ctrl Pts',(-1.99784826010191,82.5190423123825,-80.6095649209759));
#1689=CARTESIAN_POINT('Ctrl Pts',(-1.24951717117318,82.319042535974,-80.4095651445708));
#1690=CARTESIAN_POINT('Ctrl Pts',(-0.501186082244447,82.3190425359739,-80.4095651445708));
#1691=CARTESIAN_POINT('',(0.995476095613334,82.5190423123824,-80.6095649209759));
#1692=CARTESIAN_POINT('Origin',(-0.501186082244267,85.1190427595693,-80.6095649209759));
#1693=CARTESIAN_POINT('Ctrl Pts',(-0.501186082244447,82.3190425359739,-80.4095651445708));
#1694=CARTESIAN_POINT('Ctrl Pts',(0.247145006684444,82.3190425359739,-80.4095651445707));
#1695=CARTESIAN_POINT('Ctrl Pts',(0.995476095613327,82.5190423123824,-80.6095649209759));
#1696=CARTESIAN_POINT('Origin',(3.62481391775393,83.7880413123487,-76.4095649209769));
#1697=CARTESIAN_POINT('',(-0.501186082243219,95.3190420922937,-76.4095649209767));
#1698=CARTESIAN_POINT('Origin',(-0.501186082244978,93.8190420922926,-76.4095649209752));
#1699=CARTESIAN_POINT('',(-0.501186082244054,98.4190420922938,-76.4095649209767));
#1700=CARTESIAN_POINT('',(-0.501186082248428,86.9910415074264,-76.4095649209767));
#1701=CARTESIAN_POINT('',(-10.9011860822545,98.4190420922939,-76.4095649209759));
#1702=CARTESIAN_POINT('',(1.56181391775359,98.4190420922938,-76.4095649209768));
#1703=CARTESIAN_POINT('',(-10.9011860822538,80.5190423124051,-76.4095649209759));
#1704=CARTESIAN_POINT('',(-10.9011860822547,82.153541812377,-76.409564920976));
#1705=CARTESIAN_POINT('',(-0.501186082243965,80.5190423123486,-76.4095649209766));
#1706=CARTESIAN_POINT('',(-1.38818608224812,80.5190423123486,-76.4095649209765));
#1707=CARTESIAN_POINT('',(-0.501186082243219,82.5190427595698,-76.4095649209769));
#1708=CARTESIAN_POINT('',(-0.501186082248445,85.7566050074263,-76.4095649209767));
#1709=CARTESIAN_POINT('Origin',(-0.501186082242602,85.1190427595699,-76.4095649209757));
#1710=CARTESIAN_POINT('',(-6.63818608225285,87.7690422023205,-76.4095649209768));
#1711=CARTESIAN_POINT('Origin',(-6.63818608225274,89.4690422023205,-76.4095649209769));
#1712=CARTESIAN_POINT('Origin',(3.62481391775776,96.6000420922941,-34.8095988505361));
#1713=CARTESIAN_POINT('',(-0.501186082242926,80.5190423123487,-34.8095988505357));
#1714=CARTESIAN_POINT('',(-0.501186082244136,82.5190428124261,-34.8095988505359));
#1715=CARTESIAN_POINT('',(-0.501186082246749,92.162605397399,-34.8095988505358));
#1716=CARTESIAN_POINT('',(-10.9011860822531,80.5190423123488,-34.809598850535));
#1717=CARTESIAN_POINT('',(-1.38818608224558,80.5190423123488,-34.8095988505357));
#1718=CARTESIAN_POINT('',(-10.9011860822544,98.4190420922939,-34.8095988037871));
#1719=CARTESIAN_POINT('',(-10.9011860822544,97.5095420922941,-34.8095988505351));
#1720=CARTESIAN_POINT('',(-0.501186082244311,98.4190420922938,-34.8095988037868));
#1721=CARTESIAN_POINT('',(1.56181391775632,98.4190420922938,-34.8095988505359));
#1722=CARTESIAN_POINT('',(-0.501186082242162,95.3190420922936,-34.8095988505358));
#1723=CARTESIAN_POINT('',(-0.501186082246732,93.397041897399,-34.8095988505358));
#1724=CARTESIAN_POINT('Origin',(-0.501186082246141,93.8190420922926,-34.8095988505346));
#1725=CARTESIAN_POINT('Origin',(-0.501186082242345,85.1190428124261,-34.8095988505359));
#1726=CARTESIAN_POINT('',(-0.501186082244538,87.1190427595695,-34.8095988505362));
#1727=CARTESIAN_POINT('Origin',(-0.501186082244667,85.1190427595695,-34.8095988505361));
#1728=CARTESIAN_POINT('',(-6.63818608225186,91.169042202321,-34.8095988505362));
#1729=CARTESIAN_POINT('Origin',(-6.63818608225196,89.469042202321,-34.8095988505361));
#1730=CARTESIAN_POINT('Origin',(-0.501186082242598,85.1190427594428,-76.489199406823));
#1731=CARTESIAN_POINT('',(-0.501186082251769,82.5190427593408,-76.4891994035179));
#1732=CARTESIAN_POINT('Origin',(-0.501186082247624,87.7251687025041,-88.3967801623528));
#1733=CARTESIAN_POINT('',(-0.501186082248211,80.5190423123488,-75.1035954037297));
#1734=CARTESIAN_POINT('Origin',(4.49881391774091,93.8190413095863,-68.9080019209806));
#1735=CARTESIAN_POINT('',(4.49881391774085,93.8190413095865,-70.1580019209783));
#1736=CARTESIAN_POINT('Origin',(4.49881391774091,93.8190413095865,-68.9080019209783));
#1737=CARTESIAN_POINT('Origin',(4.49881391774091,93.8190413123476,-42.72479185054));
#1738=CARTESIAN_POINT('',(4.49881391774085,93.8190413123479,-43.9747918505375));
#1739=CARTESIAN_POINT('Origin',(4.49881391774091,93.8190413123479,-42.7247918505375));
#1740=CARTESIAN_POINT('Origin',(-5.01968608225393,81.5190423123656,-79.6095649209757));
#1741=CARTESIAN_POINT('',(3.38460035536821,80.5190423123487,-78.6095649209756));
#1742=CARTESIAN_POINT('',(-10.9011860822548,80.5190423123489,-78.6095649209756));
#1743=CARTESIAN_POINT('',(-5.01968608225394,80.5190423123487,-78.6095649209756));
#1744=CARTESIAN_POINT('',(-10.9011860822547,82.5190423123826,-80.6095649209752));
#1745=CARTESIAN_POINT('',(-10.9011860822548,80.4690423123713,-78.559564920999));
#1746=CARTESIAN_POINT('',(-5.01968608225392,82.5190423123825,-80.6095649209759));
#1747=CARTESIAN_POINT('',(2.55617323065542,82.5190423123824,-80.6095649209759));
#1748=CARTESIAN_POINT('',(-5.01968608225392,82.5190423123825,-80.6095649209759));
#1749=CARTESIAN_POINT('',(2.68908324319906,82.198169157506,-80.2886917661049));
#1750=CARTESIAN_POINT('Origin',(-3.63818608225454,89.4690422023216,-80.6095649209759));
#1751=CARTESIAN_POINT('',(-10.9011860822553,98.4190420922933,-80.6095649209752));
#1752=CARTESIAN_POINT('',(-10.9011860822546,80.5190423124047,-80.6095649209752));
#1753=CARTESIAN_POINT('',(0.556173230576886,98.4190420922937,-80.6095648841041));
#1754=CARTESIAN_POINT('',(-10.9011860822553,98.4190420922933,-80.6095649209752));
#1755=CARTESIAN_POINT('',(3.99881391774089,94.9764014052034,-80.6095649209759));
#1756=CARTESIAN_POINT('',(3.35574354665308,95.6194717762775,-80.6095649209759));
#1757=CARTESIAN_POINT('',(3.99881391774089,83.9616829994679,-80.6095649209759));
#1758=CARTESIAN_POINT('',(3.99881391774089,91.6440417573347,-80.6095649209759));
#1759=CARTESIAN_POINT('',(3.35574354667561,83.3186126284026,-80.6095649209759));
#1760=CARTESIAN_POINT('',(-6.63818608225364,86.71904220232,-80.6095649209759));
#1761=CARTESIAN_POINT('Origin',(-6.63818608225347,89.46904220232,-80.6095649209759));
#1762=CARTESIAN_POINT('',(-0.501186082245066,92.3190420922926,-80.6095649209752));
#1763=CARTESIAN_POINT('',(-0.501186082244871,95.3190420922926,-80.6095649209752));
#1764=CARTESIAN_POINT('Origin',(-0.501186082244978,93.8190420922926,-80.6095649209752));
#1765=CARTESIAN_POINT('',(1.29881391767057,92.3190420922932,-80.6095649209761));
#1766=CARTESIAN_POINT('',(-3.10118608232331,92.3190420922933,-80.6095649209759));
#1767=CARTESIAN_POINT('',(1.29881391767057,95.3190420922932,-80.6095649209762));
#1768=CARTESIAN_POINT('',(1.29881391767057,92.3190420922932,-80.6095649209761));
#1769=CARTESIAN_POINT('',(0.298813917670575,95.3190420922932,-80.6095649209762));
#1770=CARTESIAN_POINT('Origin',(-5.01968608225273,81.5190423123485,-31.6095988505352));
#1771=CARTESIAN_POINT('',(0.995476095552976,82.5190423123484,-30.6095988505352));
#1772=CARTESIAN_POINT('',(-1.99784826004234,82.5190423123485,-30.6095988505352));
#1773=CARTESIAN_POINT('Ctrl Pts',(0.995476095552947,82.5190423123484,-30.6095988505352));
#1774=CARTESIAN_POINT('Ctrl Pts',(-0.501186082244671,82.1190427595695,-31.0095984033141));
#1775=CARTESIAN_POINT('Ctrl Pts',(-1.99784826004231,82.5190423123484,-30.6095988505352));
#1776=CARTESIAN_POINT('',(-10.9011860822538,82.5190423123485,-30.6095988505352));
#1777=CARTESIAN_POINT('',(-5.01968608225272,82.5190423123485,-30.6095988505352));
#1778=CARTESIAN_POINT('',(-10.9011860822545,80.5190423123488,-32.6095988505352));
#1779=CARTESIAN_POINT('',(-10.9011860822541,84.9440422690218,-28.1845988938618));
#1780=CARTESIAN_POINT('',(3.3846003553678,80.5190423123485,-32.6095988505352));
#1781=CARTESIAN_POINT('',(-5.01968608225274,80.5190423123486,-32.6095988505352));
#1782=CARTESIAN_POINT('',(2.55617323062156,82.5190423123484,-30.6095988505352));
#1783=CARTESIAN_POINT('',(2.68908324315845,82.1981691575067,-30.9304720053769));
#1784=CARTESIAN_POINT('',(-5.01968608225272,82.5190423123485,-30.6095988505352));
#1785=CARTESIAN_POINT('Origin',(-6.40118608225325,80.5190423123488,-94.1983611616145));
#1786=CARTESIAN_POINT('',(-10.9011860822545,80.5190423123489,-72.6637630412951));
#1787=CARTESIAN_POINT('',(4.7988139177409,80.5190423123486,-77.6095649209759));
#1788=CARTESIAN_POINT('',(-3.32555964377141,80.5190423123487,-83.354364559214));
#1789=CARTESIAN_POINT('',(4.7988139177409,80.5190423123485,-33.6095988505352));
#1790=CARTESIAN_POINT('',(4.7988139177409,80.5190423123486,-68.4615765060766));
#1791=CARTESIAN_POINT('',(14.8653653586759,80.5190423123484,-40.7277256375836));
#1792=CARTESIAN_POINT('',(-10.9011860822553,80.5190423123488,-44.5637967061038));
#1793=CARTESIAN_POINT('Origin',(-10.9011860822544,98.4190420922939,-34.8095988037871));
#1794=CARTESIAN_POINT('',(-10.901186082255,98.4190420922933,-30.6095988505352));
#1795=CARTESIAN_POINT('',(-10.901186082255,98.4190420922933,-30.6095988505352));
#1796=CARTESIAN_POINT('',(-10.9011860822544,98.419041669784,-34.8095987712784));
#1797=CARTESIAN_POINT('Origin',(4.41640371845542,82.2579524566228,-79.1095649209759));
#1798=CARTESIAN_POINT('',(6.99881391774089,82.7190423123486,-77.6095649209759));
#1799=CARTESIAN_POINT('',(3.99881391774089,83.9616829994679,-80.6095649209759));
#1800=CARTESIAN_POINT('',(5.47706389023522,81.1972922848429,-77.6095649209759));
#1801=CARTESIAN_POINT('Origin',(5.49881391774089,91.6440417573347,-79.1095649209759));
#1802=CARTESIAN_POINT('',(6.99881391774089,96.2190420923416,-77.6095649209759));
#1803=CARTESIAN_POINT('',(3.99881391774089,94.9764014052034,-80.6095649209759));
#1804=CARTESIAN_POINT('',(6.99881391774089,91.6440417573347,-77.6095649209759));
#1805=CARTESIAN_POINT('Origin',(4.41640371842155,96.6801319480687,-79.1095649209759));
#1806=CARTESIAN_POINT('',(4.79881391774088,98.4190420922945,-77.6095649209759));
#1807=CARTESIAN_POINT('',(10.573260783062,98.4190420922941,-73.5264143849499));
#1808=CARTESIAN_POINT('',(5.47706389019003,97.7407921198599,-77.6095649209759));
#1809=CARTESIAN_POINT('Origin',(5.8988139177409,81.6190423123486,-68.4615765060766));
#1810=CARTESIAN_POINT('',(6.99881391774089,82.7190423123484,-33.6095988505366));
#1811=CARTESIAN_POINT('',(6.99881391774089,82.7190423123485,-68.4615765060766));
#1812=CARTESIAN_POINT('',(5.47706389023572,81.1972922848433,-33.6095988505352));
#1813=CARTESIAN_POINT('Origin',(5.49881391774088,91.6440417573344,-32.1095988505359));
#1814=CARTESIAN_POINT('',(3.99881391774088,94.9764009826636,-30.6095988505352));
#1815=CARTESIAN_POINT('',(3.99881391774087,83.9616829994677,-30.6095988505352));
#1816=CARTESIAN_POINT('',(3.99881391774088,91.6440417573344,-30.6095988505352));
#1817=CARTESIAN_POINT('',(3.99881391774087,83.9616829994677,-30.6095988505352));
#1818=CARTESIAN_POINT('',(6.99881391774089,96.2190416697829,-33.6095988505352));
#1819=CARTESIAN_POINT('',(6.99881391774089,91.6440417573344,-33.6095988505366));
#1820=CARTESIAN_POINT('',(6.99881391774089,96.2190416697829,-33.6095988505352));
#1821=CARTESIAN_POINT('Origin',(4.41640371845592,82.2579524566231,-32.1095988505352));
#1822=CARTESIAN_POINT('',(3.35574354667612,83.3186126284029,-30.6095988505352));
#1823=CARTESIAN_POINT('Origin',(4.41640361282836,96.6801316311358,-32.1095988505352));
#1824=CARTESIAN_POINT('',(4.79881391774089,98.419041669783,-33.6095988505352));
#1825=CARTESIAN_POINT('',(5.47706378460821,97.7407918029156,-33.6095988505352));
#1826=CARTESIAN_POINT('',(0.556172808111093,98.4190420922936,-30.6095988505349));
#1827=CARTESIAN_POINT('',(4.20929977831139,98.419041669783,-33.1927494049393));
#1828=CARTESIAN_POINT('',(3.3557434410485,95.619471459356,-30.6095988505352));
#1829=CARTESIAN_POINT('Origin',(-3.6381860822523,89.469042202321,-30.6095988505352));
#1830=CARTESIAN_POINT('',(3.79881391774808,98.4190420922936,-30.6095988505351));
#1831=CARTESIAN_POINT('',(-0.501186082244463,88.1190427595695,-30.6095988505352));
#1832=CARTESIAN_POINT('Origin',(-0.501186082244656,85.1190427595695,-30.6095988505352));
#1833=CARTESIAN_POINT('Origin',(-0.501186082244656,85.1190427595695,-30.6095988505352));
#1834=CARTESIAN_POINT('',(-0.501186082245225,95.3190420922927,-30.6095988505347));
#1835=CARTESIAN_POINT('',(-0.501185757537959,92.3190420922927,-30.6095988505347));
#1836=CARTESIAN_POINT('Origin',(-0.501186082245331,93.8190420922927,-30.6095988505347));
#1837=CARTESIAN_POINT('',(2.29881391767149,95.3190420922932,-30.6095988505352));
#1838=CARTESIAN_POINT('',(-3.10118608232237,95.3190420922932,-30.6095988505352));
#1839=CARTESIAN_POINT('',(2.29881391767149,92.3190420922933,-30.6095988505352));
#1840=CARTESIAN_POINT('',(2.29881391767149,95.3190420922932,-30.6095988505352));
#1841=CARTESIAN_POINT('',(0.298813917671501,92.3190420922933,-30.6095988505352));
#1842=CARTESIAN_POINT('',(-6.63818608225249,92.2190422023205,-30.6095988505352));
#1843=CARTESIAN_POINT('Origin',(-6.63818608225266,89.4690422023205,-30.6095988505352));
#1844=CARTESIAN_POINT('Origin',(4.79881391774055,98.4190420922942,-80.609564920977));
#1845=CARTESIAN_POINT('',(4.79881391773967,98.4190420922937,-56.7095818857585));
#1846=CARTESIAN_POINT('',(5.89881391776429,97.3190420922934,-56.7095818857585));
#1847=CARTESIAN_POINT('',(6.87381391775213,96.3440420923263,-56.7095818857585));
#1848=CARTESIAN_POINT('',(4.79881391773963,98.4190420922937,-54.5095818857585));
#1849=CARTESIAN_POINT('',(4.79881391774124,98.4190420922933,-68.1095734033677));
#1850=CARTESIAN_POINT('',(5.89881391776426,97.3190420922934,-54.5095818857585));
#1851=CARTESIAN_POINT('',(4.99881391771645,98.2190420923222,-54.5095818857585));
#1852=CARTESIAN_POINT('',(6.99881391773963,96.2190420923414,-54.3870812450722));
#1853=CARTESIAN_POINT('Origin',(5.89881391776418,97.3190420922934,-49.5095818857585));
#1854=CARTESIAN_POINT('',(6.99881391773967,96.2190420923414,-56.8320825264448));
#1855=CARTESIAN_POINT('',(6.99881391774089,96.2190420923403,-61.6671783857579));
#1856=CARTESIAN_POINT('Origin',(5.89881391776437,97.3190420922934,-61.7095818857585));
#1857=CARTESIAN_POINT('Origin',(6.99881391774003,92.3190420922933,-56.7095818857585));
#1858=CARTESIAN_POINT('',(3.04898514023916,97.3190420922934,-56.7095818857585));
#1859=CARTESIAN_POINT('',(-3.30118608226293,98.4190420922933,-56.7095818857585));
#1860=CARTESIAN_POINT('Origin',(3.04898514023915,97.3190420922934,-61.7095818857585));
#1861=CARTESIAN_POINT('',(6.99881391774088,92.3190420923407,-61.7095818857585));
#1862=CARTESIAN_POINT('Origin',(6.99881391774087,97.3190420922934,-61.7095818857585));
#1863=CARTESIAN_POINT('',(3.04898514023916,92.3190420922934,-61.7095818857585));
#1864=CARTESIAN_POINT('Origin',(6.99881391774089,93.8190413123477,-42.7247918505387));
#1865=CARTESIAN_POINT('',(6.99881391774091,96.2190420923416,-70.7080008773053));
#1866=CARTESIAN_POINT('',(6.99881391774089,96.2190420923418,-46.0671785712515));
#1867=CARTESIAN_POINT('',(6.99881391774091,96.2190420923417,-67.1080029646536));
#1868=CARTESIAN_POINT('Origin',(6.99881391774091,93.8190413095864,-68.9080019209794));
#1869=CARTESIAN_POINT('',(6.99881391774088,96.2190420923417,-62.5095646532031));
#1870=CARTESIAN_POINT('',(6.99881391774089,96.2190420923418,-46.0671785712515));
#1871=CARTESIAN_POINT('',(6.99881391774088,92.3190420922933,-62.5095643649763));
#1872=CARTESIAN_POINT('',(6.99881391774088,98.4190420923896,-62.5095648157927));
#1873=CARTESIAN_POINT('',(6.99881391774088,92.3190420922933,-62.5095643649763));
#1874=CARTESIAN_POINT('',(6.99881391774088,92.3190420930633,-49.5095818857585));
#1875=CARTESIAN_POINT('Origin',(6.99881391774089,97.3190420922934,-49.5095818857585));
#1876=CARTESIAN_POINT('',(6.99881391774088,92.3190420931107,-48.7095989457652));
#1877=CARTESIAN_POINT('',(6.99881391774088,92.3190420922933,-62.5095643649763));
#1878=CARTESIAN_POINT('',(6.99881391774088,96.2190416697828,-48.7095992315086));
#1879=CARTESIAN_POINT('',(6.99881391774088,92.3190420931107,-48.7095989457652));
#1880=CARTESIAN_POINT('',(6.99881391774089,96.2190416697828,-44.5247913739585));
#1881=CARTESIAN_POINT('',(6.99881391774089,96.2190416697828,-38.7671952946547));
#1882=CARTESIAN_POINT('',(6.99881391774089,96.2190416697828,-40.9247923271189));
#1883=CARTESIAN_POINT('Origin',(6.99881391774089,93.8190413123477,-42.7247918505387));
#1884=CARTESIAN_POINT('',(6.99881391774089,96.2190416697828,-38.7671952946547));
#1885=CARTESIAN_POINT('Origin',(-0.701014859752575,97.3190420922934,-49.5095818857585));
#1886=CARTESIAN_POINT('',(-0.70101485975258,97.3190420922934,-54.5095818857585));
#1887=CARTESIAN_POINT('',(-0.701014859752574,92.3190420922934,-49.5095818857585));
#1888=CARTESIAN_POINT('Origin',(-0.50118608224345,92.3190420922933,-54.5095818857585));
#1889=CARTESIAN_POINT('',(-3.30118608226307,98.4190420922933,-54.5095818857585));
#1890=CARTESIAN_POINT('Origin',(3.24881391774827,98.4190420922933,-55.6095818857585));
#1891=CARTESIAN_POINT('Origin',(-0.900843637261755,92.3190420922934,-104.373776130897));
#1892=CARTESIAN_POINT('',(1.29881391766995,92.3190420923874,-62.5095649209761));
#1893=CARTESIAN_POINT('',(4.79881391774088,92.3190420922933,-62.5095643649763));
#1894=CARTESIAN_POINT('',(1.29881391767231,92.3190420922938,-71.6262025182703));
#1895=CARTESIAN_POINT('',(-0.501186082244977,92.3190420922934,-80.6095649209752));
#1896=CARTESIAN_POINT('Origin',(-0.900843637261755,92.3190420922934,-104.373776130897));
#1897=CARTESIAN_POINT('',(-0.501186082245331,92.3190420922935,-30.6095988505347));
#1898=CARTESIAN_POINT('',(2.29881391767246,92.3190420922126,-48.7095993776532));
#1899=CARTESIAN_POINT('',(2.29881391766931,92.3190420922934,-76.4199689907161));
#1900=CARTESIAN_POINT('',(4.79881391774088,92.3190420931107,-48.7095989457652));
#1901=CARTESIAN_POINT('Origin',(5.89881391774089,97.3190420923183,-46.0671785712515));
#1902=CARTESIAN_POINT('',(4.79881391774088,98.4190420923896,-62.5095648157927));
#1903=CARTESIAN_POINT('',(4.79881391774088,98.4190420922947,-46.0671785712516));
#1904=CARTESIAN_POINT('',(5.34881422150797,97.8690417885393,-62.5095647751453));
#1905=CARTESIAN_POINT('',(6.39881470048333,96.8190413095864,-68.908001924793));
#1906=CARTESIAN_POINT('Origin',(9.39881470054758,93.8190413095864,-68.9080019209794));
#1907=CARTESIAN_POINT('Origin',(9.39881470054758,93.8190413095864,-68.9080019209794));
#1908=CARTESIAN_POINT('Origin',(4.79881391774088,98.4190420923896,-62.5095648157927));
#1909=CARTESIAN_POINT('',(-0.501186082250019,98.4190420923888,-62.5095649458895));
#1910=CARTESIAN_POINT('',(4.79881391774088,98.4190420923896,-62.5095648157927));
#1911=CARTESIAN_POINT('',(-0.501186082250086,97.3190420923345,-62.5095649458668));
#1912=CARTESIAN_POINT('',(-0.501186082247641,94.30654191987,-62.5095645118611));
#1913=CARTESIAN_POINT('',(1.29881391767057,97.3190420923345,-62.5095643650781));
#1914=CARTESIAN_POINT('',(0.611813917710877,97.3190422401019,-62.5095647344979));
#1915=CARTESIAN_POINT('',(1.29881391767057,96.8690426798808,-62.509564701241));
#1916=CARTESIAN_POINT('Origin',(3.62481391775024,98.4190420922947,-49.4095652919644));
#1917=CARTESIAN_POINT('',(-10.9011860822537,98.4190420922956,-62.9095651064698));
#1918=CARTESIAN_POINT('',(-0.501186082250751,98.4190420922941,-76.4095648742293));
#1919=CARTESIAN_POINT('Origin',(5.89881391774089,97.3190416697829,-38.7671952946547));
#1920=CARTESIAN_POINT('',(6.398814275176,96.8190413123477,-42.7247918543522));
#1921=CARTESIAN_POINT('Origin',(9.39881427517585,93.8190413123477,-42.7247918505387));
#1922=CARTESIAN_POINT('Origin',(9.39881427517585,93.8190413123477,-42.7247918505387));
#1923=CARTESIAN_POINT('',(4.79881391774089,98.4190416697829,-48.7095993926972));
#1924=CARTESIAN_POINT('',(6.87381399402283,96.3440415935008,-48.709599240667));
#1925=CARTESIAN_POINT('',(4.79881391774089,98.4190416697829,-38.7671952946547));
#1926=CARTESIAN_POINT('Origin',(3.6248139177503,98.419041669783,-34.8095987387706));
#1927=CARTESIAN_POINT('',(-0.501186082247715,98.4190416697782,-48.7095993926958));
#1928=CARTESIAN_POINT('',(4.21181391774578,98.4190416697829,-48.7095993926972));
#1929=CARTESIAN_POINT('',(-0.501186082247934,98.4190420922945,-41.6630061739647));
#1930=CARTESIAN_POINT('Origin',(4.79881391774088,92.3190420931107,-48.7095989457652));
#1931=CARTESIAN_POINT('',(2.29881391767142,97.3190420922519,-48.7095989458671));
#1932=CARTESIAN_POINT('',(2.29881391767143,92.319041510225,-48.7095989457651));
#1933=CARTESIAN_POINT('',(-0.5011860822477,97.3190420922519,-48.7095993926731));
#1934=CARTESIAN_POINT('',(-2.7241341679984,97.3190419457581,-48.7095993121029));
#1935=CARTESIAN_POINT('',(-0.501186082247624,91.2565418907302,-48.7095988679184));
#1936=CARTESIAN_POINT('Origin',(2.29881391767147,92.3190420922933,-32.8095988505354));
#1937=CARTESIAN_POINT('',(2.29881391767346,95.3190420922936,-46.7095989458671));
#1938=CARTESIAN_POINT('',(2.29881391767333,95.3190420922936,-56.1417446014938));
#1939=CARTESIAN_POINT('Origin',(2.29881391767093,97.3190420922933,-46.7095989458671));
#1940=CARTESIAN_POINT('',(2.2988139176709,93.8190413123479,-43.9747918505372));
#1941=CARTESIAN_POINT('Origin',(2.29881391767098,93.8190413123479,-42.7247918505372));
#1942=CARTESIAN_POINT('Origin',(-2.72413416799832,97.3190420922933,-46.7095989458669));
#1943=CARTESIAN_POINT('',(-0.501186082248327,95.3190420922938,-46.7095989458669));
#1944=CARTESIAN_POINT('',(-2.72413416799832,95.3190420922933,-46.7095989458669));
#1945=CARTESIAN_POINT('Origin',(-0.501186082247526,97.3190420922933,-46.7095989458669));
#1946=CARTESIAN_POINT('Origin',(1.29881391767057,95.3190420922932,-78.4095649209762));
#1947=CARTESIAN_POINT('',(1.29881391767222,95.3190420922938,-64.5095643650781));
#1948=CARTESIAN_POINT('Origin',(1.29881391767106,97.3190420922932,-64.5095643650781));
#1949=CARTESIAN_POINT('',(1.29881391767148,95.3190420922938,-76.4095649209768));
#1950=CARTESIAN_POINT('',(1.29881391767094,93.8190413095865,-70.1580019209781));
#1951=CARTESIAN_POINT('Origin',(1.29881391767102,93.8190413095865,-68.9080019209781));
#1952=CARTESIAN_POINT('Origin',(-0.501186082247624,90.1940417025041,-63.1163801623528));
#1953=CARTESIAN_POINT('',(-0.501186082248632,95.3190420923469,-64.509564365078));
#1954=CARTESIAN_POINT('',(-0.501186082248722,95.3190420922942,-67.0661279458256));
#1955=CARTESIAN_POINT('Origin',(-0.501186082247673,97.3190420922932,-64.509564365078));
#1956=CARTESIAN_POINT('Origin',(0.611813917710806,97.3190420922932,-64.509564365078));
#1957=CARTESIAN_POINT('',(0.611813917710806,95.3190420922932,-64.509564365078));
#1958=CARTESIAN_POINT('Origin',(4.79881391774091,93.8190413095864,-68.9080019209794));
#1959=CARTESIAN_POINT('',(4.79881391774091,96.8190413095864,-68.9080019247929));
#1960=CARTESIAN_POINT('',(4.79881391774091,96.8190413095864,-68.908001924793));
#1961=CARTESIAN_POINT('Origin',(4.7988139177518,93.8190413095864,-68.9080019209794));
#1962=CARTESIAN_POINT('Origin',(-2.40118608232581,95.3190420922933,-23.5181028505371));
#1963=CARTESIAN_POINT('',(-0.501186082245331,95.3190420922933,-30.6095988505347));
#1964=CARTESIAN_POINT('',(-0.501186082247545,95.3190420922938,-35.2232288505359));
#1965=CARTESIAN_POINT('Origin',(-0.501186082244978,93.8190420922926,-80.6095649209752));
#1966=CARTESIAN_POINT('',(-0.501186082244978,95.3190420922932,-80.6095649209752));
#1967=CARTESIAN_POINT('Origin',(-6.63818608225347,89.46904220232,-78.4095649209759));
#1968=CARTESIAN_POINT('',(-6.63818608225364,86.71904220232,-78.4095649209759));
#1969=CARTESIAN_POINT('',(-6.63818608225364,86.71904220232,-78.4095649209759));
#1970=CARTESIAN_POINT('Origin',(-6.63818608225347,89.46904220232,-78.409564920977));
#1971=CARTESIAN_POINT('Origin',(1.84881391774995,93.8190413095865,-68.9080019209782));
#1972=CARTESIAN_POINT('',(1.84881391774987,93.8190413095865,-70.1580019209782));
#1973=CARTESIAN_POINT('Origin',(-6.63818608225274,89.4690422023205,-77.4095649209759));
#1974=CARTESIAN_POINT('',(-6.63818608225285,87.7690422023205,-78.4095649209771));
#1975=CARTESIAN_POINT('Origin',(-6.63818608225274,89.4690422023205,-78.409564920977));
#1976=CARTESIAN_POINT('',(-6.63818608225285,87.7690422023205,-77.4095649209759));
#1977=CARTESIAN_POINT('Origin',(-10.9011860822547,80.5190423124051,-76.409564920976));
#1978=CARTESIAN_POINT('Origin',(3.62481391774782,83.7880413123488,-78.409564920977));
#1979=CARTESIAN_POINT('Origin',(-2.4011860823259,95.3190420922932,-38.1180694037309));
#1980=CARTESIAN_POINT('Origin',(4.7988139177518,93.8280413123224,-96.1017993561502));
#1981=CARTESIAN_POINT('Origin',(4.79881391774089,93.8190413123477,-42.7247918505387));
#1982=CARTESIAN_POINT('',(4.79881391774089,96.8190413123477,-42.7247918543522));
#1983=CARTESIAN_POINT('',(4.79881391774089,96.8190413123477,-42.7247918543522));
#1984=CARTESIAN_POINT('Origin',(4.7988139177518,93.8190413123477,-42.7247918505387));
#1985=CARTESIAN_POINT('Origin',(-0.501186082247596,90.1940417025041,-48.516413609159));
#1986=CARTESIAN_POINT('Origin',(-0.501186082244657,85.1190427595695,-31.1095988505352));
#1987=CARTESIAN_POINT('',(-0.50118608224453,87.1190427595695,-31.6095988505352));
#1988=CARTESIAN_POINT('Origin',(-0.501186082244659,85.1190427595695,-31.6095988505352));
#1989=CARTESIAN_POINT('',(-0.501186082244496,87.6190427595695,-31.1095988505352));
#1990=CARTESIAN_POINT('Origin',(-0.501186082244662,85.1190427595695,-32.8095988505357));
#1991=CARTESIAN_POINT('',(-0.501186082244533,87.1190427595695,-32.8095988505356));
#1992=CARTESIAN_POINT('Origin',(-0.501186082245331,93.8190420922927,-30.6095988505347));
#1993=CARTESIAN_POINT('Origin',(-6.63818608225269,89.4690422023205,-32.8095988505352));
#1994=CARTESIAN_POINT('',(-6.63818608225251,92.2190422023205,-32.8095988505352));
#1995=CARTESIAN_POINT('',(-6.63818608225251,92.2190422023205,-32.8095988505352));
#1996=CARTESIAN_POINT('Origin',(-6.63818608225269,89.4690422023205,-32.8095988505361));
#1997=CARTESIAN_POINT('Origin',(1.84881391775393,93.8190413123479,-42.7247918505373));
#1998=CARTESIAN_POINT('',(1.84881391775385,93.8190413123479,-43.9747918505373));
#1999=CARTESIAN_POINT('Origin',(3.62481391775176,96.6000420922942,-32.8095988505362));
#2000=CARTESIAN_POINT('',(-6.63818608225185,91.169042202321,-32.8095988505361));
#2001=CARTESIAN_POINT('Origin',(-6.63818608225196,89.469042202321,-32.8095988505362));
#2002=CARTESIAN_POINT('Origin',(-6.63818608225196,89.469042202321,-32.809598850535));
#2003=CARTESIAN_POINT('',(-6.63818608225185,91.169042202321,-32.809598850535));
#2004=CARTESIAN_POINT('Origin',(4.7988139177518,93.8280413123224,-96.1017993561502));
#2005=UNCERTAINTY_MEASURE_WITH_UNIT(LENGTH_MEASURE(0.01),#2009,
'DISTANCE_ACCURACY_VALUE',
'Maximum model space distance between geometric entities at asserted c
onnectivities');
#2006=UNCERTAINTY_MEASURE_WITH_UNIT(LENGTH_MEASURE(0.01),#2009,
'DISTANCE_ACCURACY_VALUE',
'Maximum model space distance between geometric entities at asserted c
onnectivities');
#2007=(
GEOMETRIC_REPRESENTATION_CONTEXT(3)
GLOBAL_UNCERTAINTY_ASSIGNED_CONTEXT((#2005))
GLOBAL_UNIT_ASSIGNED_CONTEXT((#2009,#2011,#2012))
REPRESENTATION_CONTEXT('','3D')
);
#2008=(
GEOMETRIC_REPRESENTATION_CONTEXT(3)
GLOBAL_UNCERTAINTY_ASSIGNED_CONTEXT((#2006))
GLOBAL_UNIT_ASSIGNED_CONTEXT((#2009,#2011,#2012))
REPRESENTATION_CONTEXT('','3D')
);
#2009=(
LENGTH_UNIT()
NAMED_UNIT(*)
SI_UNIT(.MILLI.,.METRE.)
);
#2010=(
LENGTH_UNIT()
NAMED_UNIT(*)
SI_UNIT($,.METRE.)
);
#2011=(
NAMED_UNIT(*)
PLANE_ANGLE_UNIT()
SI_UNIT($,.RADIAN.)
);
#2012=(
NAMED_UNIT(*)
SI_UNIT($,.STERADIAN.)
SOLID_ANGLE_UNIT()
);
#2013=SHAPE_DEFINITION_REPRESENTATION(#2014,#2015);
#2014=PRODUCT_DEFINITION_SHAPE('',$,#2017);
#2015=SHAPE_REPRESENTATION('',(#1214),#2007);
#2016=PRODUCT_DEFINITION_CONTEXT('part definition',#2021,'design');
#2017=PRODUCT_DEFINITION('carriage-top-right','carriage-top-right',#2018,
#2016);
#2018=PRODUCT_DEFINITION_FORMATION('',$,#2023);
#2019=PRODUCT_RELATED_PRODUCT_CATEGORY('carriage-top-right',
'carriage-top-right',(#2023));
#2020=APPLICATION_PROTOCOL_DEFINITION('international standard',
'automotive_design',2009,#2021);
#2021=APPLICATION_CONTEXT(
'Core Data for Automotive Mechanical Design Process');
#2022=PRODUCT_CONTEXT('part definition',#2021,'mechanical');
#2023=PRODUCT('carriage-top-right','carriage-top-right',$,(#2022));
#2024=PRESENTATION_STYLE_ASSIGNMENT((#2026));
#2025=PRESENTATION_STYLE_ASSIGNMENT((#2027));
#2026=SURFACE_STYLE_USAGE(.BOTH.,#2028);
#2027=SURFACE_STYLE_USAGE(.BOTH.,#2029);
#2028=SURFACE_SIDE_STYLE('',(#2030));
#2029=SURFACE_SIDE_STYLE('',(#2031));
#2030=SURFACE_STYLE_FILL_AREA(#2032);
#2031=SURFACE_STYLE_FILL_AREA(#2033);
#2032=FILL_AREA_STYLE('Steel - Satin',(#2034));
#2033=FILL_AREA_STYLE('ABS (White)',(#2035));
#2034=FILL_AREA_STYLE_COLOUR('Steel - Satin',#2036);
#2035=FILL_AREA_STYLE_COLOUR('ABS (White)',#2037);
#2036=COLOUR_RGB('Steel - Satin',0.627450980392157,0.627450980392157,0.627450980392157);
#2037=COLOUR_RGB('ABS (White)',0.964705882352941,0.964705882352941,0.952941176470588);
ENDSEC;
END-ISO-10303-21;
