ISO-10303-21;
HEADER;
/* Generated by software containing ST-Developer
 * from STEP Tools, Inc. (www.steptools.com) 
 */

FILE_DESCRIPTION(
/* description */ (''),
/* implementation_level */ '2;1');

FILE_NAME(
/* name */ 'mount-bottom-right.step',
/* time_stamp */ '2026-02-09T10:27:09-08:00',
/* author */ (''),
/* organization */ (''),
/* preprocessor_version */ 'ST-DEVELOPER v20.1',
/* originating_system */ 'Autodesk Translation Framework v14.24.0.0',
/* authorisation */ '');

FILE_SCHEMA (('AUTOMOTIVE_DESIGN { 1 0 10303 214 3 1 1 }'));
ENDSEC;

DATA;
#10=MECHANICAL_DESIGN_GEOMETRIC_PRESENTATION_REPRESENTATION('',(#13),#1902);
#11=SHAPE_REPRESENTATION_RELATIONSHIP('SRR','None',#1909,#12);
#12=ADVANCED_BREP_SHAPE_REPRESENTATION('',(#14),#1901);
#13=STYLED_ITEM('',(#1919),#14);
#14=MANIFOLD_SOLID_BREP('Body2',#1108);
#15=B_SPLINE_CURVE_WITH_KNOTS('',3,(#1762,#1763,#1764,#1765,#1766,#1767,
#1768,#1769,#1770,#1771,#1772,#1773,#1774,#1775,#1776,#1777,#1778,#1779,
#1780,#1781,#1782,#1783,#1784),.UNSPECIFIED.,.F.,.F.,(4,2,2,2,2,2,2,2,2,
3,4),(0.522708924988273,0.535132593805455,0.587455623599882,0.63977865339431,
0.691028802718294,0.742278952042279,0.793529102576258,0.844779253110238,
0.897102279835166,0.949425306560093,0.961848999454857),.UNSPECIFIED.);
#16=B_SPLINE_CURVE_WITH_KNOTS('',3,(#1844,#1845,#1846,#1847,#1848,#1849,
#1850,#1851,#1852,#1853,#1854,#1855,#1856,#1857,#1858,#1859,#1860,#1861,
#1862,#1863,#1864,#1865,#1866),.UNSPECIFIED.,.F.,.F.,(4,2,2,2,2,2,2,2,2,
3,4),(0.522708924988273,0.535132593805455,0.587455623599882,0.63977865339431,
0.691028802718294,0.742278952042279,0.793529102576258,0.844779253110238,
0.897102279835166,0.949425306560093,0.961848999454857),.UNSPECIFIED.);
#17=CONICAL_SURFACE('',#1167,2.4,0.380506377112366);
#18=CONICAL_SURFACE('',#1179,2.4,0.380506377112366);
#19=CONICAL_SURFACE('',#1198,2.4,0.380506377112366);
#20=CONICAL_SURFACE('',#1209,2.4,0.380506377112366);
#21=(
BOUNDED_CURVE()
B_SPLINE_CURVE(2,(#1600,#1601,#1602),.UNSPECIFIED.,.F.,.F.)
B_SPLINE_CURVE_WITH_KNOTS((3,3),(0.,0.295167051826242),.UNSPECIFIED.)
CURVE()
GEOMETRIC_REPRESENTATION_ITEM()
RATIONAL_B_SPLINE_CURVE((1.,1.01416457488106,1.))
REPRESENTATION_ITEM('')
);
#22=(
BOUNDED_CURVE()
B_SPLINE_CURVE(2,(#1615,#1616,#1617),.UNSPECIFIED.,.F.,.F.)
B_SPLINE_CURVE_WITH_KNOTS((3,3),(5.94434219041023E-9,0.295167051047262),
 .UNSPECIFIED.)
CURVE()
GEOMETRIC_REPRESENTATION_ITEM()
RATIONAL_B_SPLINE_CURVE((1.00000000057052,1.01416457471483,1.))
REPRESENTATION_ITEM('')
);
#23=(
BOUNDED_CURVE()
B_SPLINE_CURVE(2,(#1732,#1733,#1734,#1735),.UNSPECIFIED.,.F.,.F.)
B_SPLINE_CURVE_WITH_KNOTS((3,1,3),(11647.7498846104,15179.4785493817,18125.7912644067),
 .UNSPECIFIED.)
CURVE()
GEOMETRIC_REPRESENTATION_ITEM()
RATIONAL_B_SPLINE_CURVE((13246.9774695922,12891.1565827104,9608.97529202857,
7118.48160415135))
REPRESENTATION_ITEM('')
);
#24=(
BOUNDED_CURVE()
B_SPLINE_CURVE(2,(#1738,#1739,#1740,#1741),.UNSPECIFIED.,.F.,.F.)
B_SPLINE_CURVE_WITH_KNOTS((3,1,3),(11647.7153449851,15179.4732475945,17044.6695262657),
 .UNSPECIFIED.)
CURVE()
GEOMETRIC_REPRESENTATION_ITEM()
RATIONAL_B_SPLINE_CURVE((13246.9706006377,12891.1611595274,10156.7324629591,
8811.86218383432))
REPRESENTATION_ITEM('')
);
#25=(
BOUNDED_CURVE()
B_SPLINE_CURVE(2,(#1745,#1746,#1747,#1748,#1749),.UNSPECIFIED.,.F.,.F.)
B_SPLINE_CURVE_WITH_KNOTS((3,1,1,3),(3416.52301594106,4868.65191558486,
8018.16655628104,9894.59571273007),.UNSPECIFIED.)
CURVE()
GEOMETRIC_REPRESENTATION_ITEM()
RATIONAL_B_SPLINE_CURVE((7118.47962077928,8345.95030992369,11467.6722711601,
13057.9284216865,13246.970600638))
REPRESENTATION_ITEM('')
);
#26=(
BOUNDED_CURVE()
B_SPLINE_CURVE(2,(#1789,#1790,#1791,#1792,#1793),.UNSPECIFIED.,.F.,.F.)
B_SPLINE_CURVE_WITH_KNOTS((3,1,1,3),(3416.51979404113,4868.65566856266,
8018.17438458511,9894.56117382883),.UNSPECIFIED.)
CURVE()
GEOMETRIC_REPRESENTATION_ITEM()
RATIONAL_B_SPLINE_CURVE((7118.48160416334,8345.96000826813,11467.6907399861,
13057.9319129094,13246.9774695919))
REPRESENTATION_ITEM('')
);
#27=(
BOUNDED_CURVE()
B_SPLINE_CURVE(2,(#1838,#1839,#1840,#1841),.UNSPECIFIED.,.F.,.F.)
B_SPLINE_CURVE_WITH_KNOTS((3,1,3),(11647.715348425,15179.4732884959,18125.788058472),
 .UNSPECIFIED.)
CURVE()
GEOMETRIC_REPRESENTATION_ITEM()
RATIONAL_B_SPLINE_CURVE((13246.9707066747,12891.1612575267,9608.97140953119,
7118.47964989568))
REPRESENTATION_ITEM('')
);
#28=(
BOUNDED_CURVE()
B_SPLINE_CURVE(2,(#1867,#1868,#1869,#1870,#1871),.UNSPECIFIED.,.F.,.F.)
B_SPLINE_CURVE_WITH_KNOTS((3,1,1,3),(3416.5197767575,4868.65569884636,8018.17444775893,
9894.56117653084),.UNSPECIFIED.)
CURVE()
GEOMETRIC_REPRESENTATION_ITEM()
RATIONAL_B_SPLINE_CURVE((7118.48163488633,8345.96009242162,11467.6908889955,
13057.9320300923,13246.9775816915))
REPRESENTATION_ITEM('')
);
#29=(
BOUNDED_CURVE()
B_SPLINE_CURVE(2,(#1874,#1875,#1876,#1877,#1878),.UNSPECIFIED.,.F.,.F.)
B_SPLINE_CURVE_WITH_KNOTS((3,1,1,3),(4497.64151475033,4868.65194453825,
8018.16661667777,9894.59570928467),.UNSPECIFIED.)
CURVE()
GEOMETRIC_REPRESENTATION_ITEM()
RATIONAL_B_SPLINE_CURVE((8811.86223074929,9079.37343657855,11467.6724136877,
13057.9285318883,13246.9707066741))
REPRESENTATION_ITEM('')
);
#30=(
BOUNDED_CURVE()
B_SPLINE_CURVE(2,(#1884,#1885,#1886,#1887),.UNSPECIFIED.,.F.,.F.)
B_SPLINE_CURVE_WITH_KNOTS((3,1,3),(11647.7498819021,15179.4785921641,18125.791281685),
 .UNSPECIFIED.)
CURVE()
GEOMETRIC_REPRESENTATION_ITEM()
RATIONAL_B_SPLINE_CURVE((13246.9775816928,12891.1566883301,9608.97532802574,
7118.48163488091))
REPRESENTATION_ITEM('')
);
#31=CYLINDRICAL_SURFACE('',#1128,5.);
#32=CYLINDRICAL_SURFACE('',#1135,5.);
#33=CYLINDRICAL_SURFACE('',#1149,1.25);
#34=CYLINDRICAL_SURFACE('',#1153,1.25);
#35=CYLINDRICAL_SURFACE('',#1154,2.);
#36=CYLINDRICAL_SURFACE('',#1160,2.);
#37=CYLINDRICAL_SURFACE('',#1171,1.25);
#38=CYLINDRICAL_SURFACE('',#1177,1.49999999999998);
#39=CYLINDRICAL_SURFACE('',#1181,2.59999999999998);
#40=CYLINDRICAL_SURFACE('',#1203,1.49999999999998);
#41=CYLINDRICAL_SURFACE('',#1207,1.25);
#42=CIRCLE('',#1124,1.25);
#43=CIRCLE('',#1125,1.25);
#44=CIRCLE('',#1129,5.);
#45=CIRCLE('',#1130,5.);
#46=CIRCLE('',#1132,2.);
#47=CIRCLE('',#1133,3.04000000002309);
#48=CIRCLE('',#1136,5.);
#49=CIRCLE('',#1137,5.);
#50=CIRCLE('',#1146,1.49999999999999);
#51=CIRCLE('',#1147,2.59999999999998);
#52=CIRCLE('',#1148,1.25);
#53=CIRCLE('',#1150,1.25);
#54=CIRCLE('',#1152,1.25);
#55=CIRCLE('',#1155,2.);
#56=CIRCLE('',#1156,2.);
#57=CIRCLE('',#1158,4.1200000000308);
#58=CIRCLE('',#1161,2.);
#59=CIRCLE('',#1166,3.0400000000213);
#60=CIRCLE('',#1168,4.1200000000308);
#61=CIRCLE('',#1169,1.52000000002157);
#62=CIRCLE('',#1172,1.25);
#63=CIRCLE('',#1176,1.52000000002157);
#64=CIRCLE('',#1180,4.12000000002861);
#65=CIRCLE('',#1182,2.59999999999998);
#66=CIRCLE('',#1184,4.1200000000308);
#67=CIRCLE('',#1185,4.1200000000308);
#68=CIRCLE('',#1194,1.5200000000236);
#69=CIRCLE('',#1195,1.5200000000236);
#70=CIRCLE('',#1199,4.1200000000308);
#71=CIRCLE('',#1204,1.49999999999998);
#72=CIRCLE('',#1206,1.25);
#73=CIRCLE('',#1208,1.25);
#74=FACE_BOUND('',#143,.T.);
#75=FACE_BOUND('',#144,.T.);
#76=FACE_BOUND('',#145,.T.);
#77=FACE_BOUND('',#146,.T.);
#78=FACE_BOUND('',#161,.T.);
#79=FACE_BOUND('',#164,.T.);
#80=FACE_BOUND('',#165,.T.);
#81=FACE_BOUND('',#166,.T.);
#82=FACE_BOUND('',#167,.T.);
#83=FACE_BOUND('',#207,.T.);
#84=FACE_OUTER_BOUND('',#141,.T.);
#85=FACE_OUTER_BOUND('',#142,.T.);
#86=FACE_OUTER_BOUND('',#147,.T.);
#87=FACE_OUTER_BOUND('',#148,.T.);
#88=FACE_OUTER_BOUND('',#149,.T.);
#89=FACE_OUTER_BOUND('',#150,.T.);
#90=FACE_OUTER_BOUND('',#151,.T.);
#91=FACE_OUTER_BOUND('',#152,.T.);
#92=FACE_OUTER_BOUND('',#153,.T.);
#93=FACE_OUTER_BOUND('',#154,.T.);
#94=FACE_OUTER_BOUND('',#155,.T.);
#95=FACE_OUTER_BOUND('',#156,.T.);
#96=FACE_OUTER_BOUND('',#157,.T.);
#97=FACE_OUTER_BOUND('',#158,.T.);
#98=FACE_OUTER_BOUND('',#159,.T.);
#99=FACE_OUTER_BOUND('',#160,.T.);
#100=FACE_OUTER_BOUND('',#162,.T.);
#101=FACE_OUTER_BOUND('',#163,.T.);
#102=FACE_OUTER_BOUND('',#168,.T.);
#103=FACE_OUTER_BOUND('',#169,.T.);
#104=FACE_OUTER_BOUND('',#170,.T.);
#105=FACE_OUTER_BOUND('',#171,.T.);
#106=FACE_OUTER_BOUND('',#172,.T.);
#107=FACE_OUTER_BOUND('',#173,.T.);
#108=FACE_OUTER_BOUND('',#174,.T.);
#109=FACE_OUTER_BOUND('',#175,.T.);
#110=FACE_OUTER_BOUND('',#176,.T.);
#111=FACE_OUTER_BOUND('',#177,.T.);
#112=FACE_OUTER_BOUND('',#178,.T.);
#113=FACE_OUTER_BOUND('',#179,.T.);
#114=FACE_OUTER_BOUND('',#180,.T.);
#115=FACE_OUTER_BOUND('',#181,.T.);
#116=FACE_OUTER_BOUND('',#182,.T.);
#117=FACE_OUTER_BOUND('',#183,.T.);
#118=FACE_OUTER_BOUND('',#184,.T.);
#119=FACE_OUTER_BOUND('',#185,.T.);
#120=FACE_OUTER_BOUND('',#186,.T.);
#121=FACE_OUTER_BOUND('',#187,.T.);
#122=FACE_OUTER_BOUND('',#188,.T.);
#123=FACE_OUTER_BOUND('',#189,.T.);
#124=FACE_OUTER_BOUND('',#190,.T.);
#125=FACE_OUTER_BOUND('',#191,.T.);
#126=FACE_OUTER_BOUND('',#192,.T.);
#127=FACE_OUTER_BOUND('',#193,.T.);
#128=FACE_OUTER_BOUND('',#194,.T.);
#129=FACE_OUTER_BOUND('',#195,.T.);
#130=FACE_OUTER_BOUND('',#196,.T.);
#131=FACE_OUTER_BOUND('',#197,.T.);
#132=FACE_OUTER_BOUND('',#198,.T.);
#133=FACE_OUTER_BOUND('',#199,.T.);
#134=FACE_OUTER_BOUND('',#200,.T.);
#135=FACE_OUTER_BOUND('',#201,.T.);
#136=FACE_OUTER_BOUND('',#202,.T.);
#137=FACE_OUTER_BOUND('',#203,.T.);
#138=FACE_OUTER_BOUND('',#204,.T.);
#139=FACE_OUTER_BOUND('',#205,.T.);
#140=FACE_OUTER_BOUND('',#206,.T.);
#141=EDGE_LOOP('',(#695,#696,#697,#698));
#142=EDGE_LOOP('',(#699,#700,#701,#702,#703,#704,#705,#706));
#143=EDGE_LOOP('',(#707,#708,#709,#710));
#144=EDGE_LOOP('',(#711,#712,#713,#714));
#145=EDGE_LOOP('',(#715));
#146=EDGE_LOOP('',(#716));
#147=EDGE_LOOP('',(#717,#718,#719,#720,#721,#722));
#148=EDGE_LOOP('',(#723,#724,#725,#726));
#149=EDGE_LOOP('',(#727,#728,#729,#730));
#150=EDGE_LOOP('',(#731,#732,#733,#734,#735,#736,#737,#738));
#151=EDGE_LOOP('',(#739,#740,#741,#742));
#152=EDGE_LOOP('',(#743,#744,#745,#746));
#153=EDGE_LOOP('',(#747,#748,#749,#750));
#154=EDGE_LOOP('',(#751,#752,#753,#754));
#155=EDGE_LOOP('',(#755,#756,#757,#758));
#156=EDGE_LOOP('',(#759,#760,#761,#762));
#157=EDGE_LOOP('',(#763,#764,#765,#766));
#158=EDGE_LOOP('',(#767,#768,#769,#770));
#159=EDGE_LOOP('',(#771,#772,#773,#774));
#160=EDGE_LOOP('',(#775,#776,#777,#778,#779,#780,#781,#782));
#161=EDGE_LOOP('',(#783));
#162=EDGE_LOOP('',(#784,#785,#786,#787));
#163=EDGE_LOOP('',(#788,#789,#790,#791,#792,#793,#794,#795,#796,#797,#798,
#799,#800,#801));
#164=EDGE_LOOP('',(#802));
#165=EDGE_LOOP('',(#803));
#166=EDGE_LOOP('',(#804,#805,#806,#807));
#167=EDGE_LOOP('',(#808,#809,#810,#811));
#168=EDGE_LOOP('',(#812,#813,#814,#815));
#169=EDGE_LOOP('',(#816,#817,#818,#819));
#170=EDGE_LOOP('',(#820,#821,#822,#823,#824,#825,#826,#827));
#171=EDGE_LOOP('',(#828,#829,#830,#831,#832));
#172=EDGE_LOOP('',(#833,#834,#835,#836));
#173=EDGE_LOOP('',(#837,#838,#839,#840));
#174=EDGE_LOOP('',(#841,#842,#843,#844));
#175=EDGE_LOOP('',(#845,#846,#847,#848,#849));
#176=EDGE_LOOP('',(#850,#851,#852,#853,#854,#855,#856,#857));
#177=EDGE_LOOP('',(#858,#859,#860,#861,#862,#863));
#178=EDGE_LOOP('',(#864,#865,#866,#867,#868,#869));
#179=EDGE_LOOP('',(#870,#871,#872,#873));
#180=EDGE_LOOP('',(#874));
#181=EDGE_LOOP('',(#875,#876,#877,#878,#879));
#182=EDGE_LOOP('',(#880,#881,#882,#883));
#183=EDGE_LOOP('',(#884,#885,#886,#887));
#184=EDGE_LOOP('',(#888,#889,#890,#891));
#185=EDGE_LOOP('',(#892,#893,#894,#895,#896,#897));
#186=EDGE_LOOP('',(#898,#899,#900,#901));
#187=EDGE_LOOP('',(#902,#903,#904,#905,#906,#907,#908,#909,#910,#911,#912,
#913,#914,#915,#916,#917,#918,#919));
#188=EDGE_LOOP('',(#920,#921,#922,#923));
#189=EDGE_LOOP('',(#924,#925,#926,#927));
#190=EDGE_LOOP('',(#928,#929,#930,#931));
#191=EDGE_LOOP('',(#932,#933,#934,#935));
#192=EDGE_LOOP('',(#936,#937,#938,#939));
#193=EDGE_LOOP('',(#940,#941,#942,#943));
#194=EDGE_LOOP('',(#944,#945,#946,#947));
#195=EDGE_LOOP('',(#948,#949,#950,#951));
#196=EDGE_LOOP('',(#952,#953,#954,#955));
#197=EDGE_LOOP('',(#956,#957,#958,#959,#960));
#198=EDGE_LOOP('',(#961,#962,#963,#964,#965,#966));
#199=EDGE_LOOP('',(#967,#968,#969,#970,#971,#972));
#200=EDGE_LOOP('',(#973,#974,#975,#976,#977,#978,#979,#980));
#201=EDGE_LOOP('',(#981,#982,#983,#984));
#202=EDGE_LOOP('',(#985,#986,#987,#988));
#203=EDGE_LOOP('',(#989));
#204=EDGE_LOOP('',(#990,#991,#992,#993));
#205=EDGE_LOOP('',(#994,#995,#996,#997,#998,#999));
#206=EDGE_LOOP('',(#1000,#1001,#1002,#1003,#1004,#1005,#1006,#1007));
#207=EDGE_LOOP('',(#1008));
#208=LINE('',#1508,#321);
#209=LINE('',#1510,#322);
#210=LINE('',#1512,#323);
#211=LINE('',#1513,#324);
#212=LINE('',#1516,#325);
#213=LINE('',#1518,#326);
#214=LINE('',#1520,#327);
#215=LINE('',#1522,#328);
#216=LINE('',#1524,#329);
#217=LINE('',#1526,#330);
#218=LINE('',#1527,#331);
#219=LINE('',#1530,#332);
#220=LINE('',#1532,#333);
#221=LINE('',#1534,#334);
#222=LINE('',#1535,#335);
#223=LINE('',#1538,#336);
#224=LINE('',#1540,#337);
#225=LINE('',#1542,#338);
#226=LINE('',#1543,#339);
#227=LINE('',#1550,#340);
#228=LINE('',#1552,#341);
#229=LINE('',#1554,#342);
#230=LINE('',#1555,#343);
#231=LINE('',#1558,#344);
#232=LINE('',#1559,#345);
#233=LINE('',#1565,#346);
#234=LINE('',#1568,#347);
#235=LINE('',#1571,#348);
#236=LINE('',#1573,#349);
#237=LINE('',#1575,#350);
#238=LINE('',#1579,#351);
#239=LINE('',#1582,#352);
#240=LINE('',#1585,#353);
#241=LINE('',#1586,#354);
#242=LINE('',#1592,#355);
#243=LINE('',#1595,#356);
#244=LINE('',#1598,#357);
#245=LINE('',#1603,#358);
#246=LINE('',#1606,#359);
#247=LINE('',#1608,#360);
#248=LINE('',#1609,#361);
#249=LINE('',#1611,#362);
#250=LINE('',#1612,#363);
#251=LINE('',#1618,#364);
#252=LINE('',#1621,#365);
#253=LINE('',#1622,#366);
#254=LINE('',#1625,#367);
#255=LINE('',#1627,#368);
#256=LINE('',#1628,#369);
#257=LINE('',#1632,#370);
#258=LINE('',#1633,#371);
#259=LINE('',#1634,#372);
#260=LINE('',#1637,#373);
#261=LINE('',#1639,#374);
#262=LINE('',#1641,#375);
#263=LINE('',#1645,#376);
#264=LINE('',#1652,#377);
#265=LINE('',#1654,#378);
#266=LINE('',#1656,#379);
#267=LINE('',#1658,#380);
#268=LINE('',#1660,#381);
#269=LINE('',#1662,#382);
#270=LINE('',#1663,#383);
#271=LINE('',#1665,#384);
#272=LINE('',#1667,#385);
#273=LINE('',#1668,#386);
#274=LINE('',#1673,#387);
#275=LINE('',#1675,#388);
#276=LINE('',#1677,#389);
#277=LINE('',#1678,#390);
#278=LINE('',#1680,#391);
#279=LINE('',#1682,#392);
#280=LINE('',#1683,#393);
#281=LINE('',#1685,#394);
#282=LINE('',#1691,#395);
#283=LINE('',#1694,#396);
#284=LINE('',#1697,#397);
#285=LINE('',#1699,#398);
#286=LINE('',#1702,#399);
#287=LINE('',#1703,#400);
#288=LINE('',#1706,#401);
#289=LINE('',#1708,#402);
#290=LINE('',#1709,#403);
#291=LINE('',#1714,#404);
#292=LINE('',#1715,#405);
#293=LINE('',#1717,#406);
#294=LINE('',#1719,#407);
#295=LINE('',#1722,#408);
#296=LINE('',#1724,#409);
#297=LINE('',#1725,#410);
#298=LINE('',#1744,#411);
#299=LINE('',#1752,#412);
#300=LINE('',#1758,#413);
#301=LINE('',#1785,#414);
#302=LINE('',#1788,#415);
#303=LINE('',#1798,#416);
#304=LINE('',#1804,#417);
#305=LINE('',#1808,#418);
#306=LINE('',#1809,#419);
#307=LINE('',#1811,#420);
#308=LINE('',#1812,#421);
#309=LINE('',#1814,#422);
#310=LINE('',#1816,#423);
#311=LINE('',#1819,#424);
#312=LINE('',#1821,#425);
#313=LINE('',#1826,#426);
#314=LINE('',#1830,#427);
#315=LINE('',#1833,#428);
#316=LINE('',#1835,#429);
#317=LINE('',#1873,#430);
#318=LINE('',#1881,#431);
#319=LINE('',#1882,#432);
#320=LINE('',#1896,#433);
#321=VECTOR('',#1215,10.);
#322=VECTOR('',#1216,10.);
#323=VECTOR('',#1217,10.);
#324=VECTOR('',#1218,10.);
#325=VECTOR('',#1221,10.);
#326=VECTOR('',#1222,10.);
#327=VECTOR('',#1223,10.);
#328=VECTOR('',#1224,10.);
#329=VECTOR('',#1225,10.);
#330=VECTOR('',#1226,10.);
#331=VECTOR('',#1227,10.);
#332=VECTOR('',#1228,10.);
#333=VECTOR('',#1229,10.);
#334=VECTOR('',#1230,10.);
#335=VECTOR('',#1231,10.);
#336=VECTOR('',#1232,10.);
#337=VECTOR('',#1233,10.);
#338=VECTOR('',#1234,10.);
#339=VECTOR('',#1235,10.);
#340=VECTOR('',#1242,10.);
#341=VECTOR('',#1243,10.);
#342=VECTOR('',#1244,10.);
#343=VECTOR('',#1245,10.);
#344=VECTOR('',#1248,10.);
#345=VECTOR('',#1249,10.);
#346=VECTOR('',#1254,10.);
#347=VECTOR('',#1257,10.);
#348=VECTOR('',#1260,10.);
#349=VECTOR('',#1261,10.);
#350=VECTOR('',#1262,10.);
#351=VECTOR('',#1265,10.);
#352=VECTOR('',#1268,10.);
#353=VECTOR('',#1271,10.);
#354=VECTOR('',#1272,10.);
#355=VECTOR('',#1277,10.);
#356=VECTOR('',#1280,10.);
#357=VECTOR('',#1283,10.);
#358=VECTOR('',#1284,10.);
#359=VECTOR('',#1287,10.);
#360=VECTOR('',#1288,10.);
#361=VECTOR('',#1289,10.);
#362=VECTOR('',#1292,10.);
#363=VECTOR('',#1293,10.);
#364=VECTOR('',#1296,10.);
#365=VECTOR('',#1299,10.);
#366=VECTOR('',#1300,10.);
#367=VECTOR('',#1303,10.);
#368=VECTOR('',#1304,10.);
#369=VECTOR('',#1305,10.);
#370=VECTOR('',#1308,10.);
#371=VECTOR('',#1309,10.);
#372=VECTOR('',#1310,10.);
#373=VECTOR('',#1313,10.);
#374=VECTOR('',#1314,10.);
#375=VECTOR('',#1315,10.);
#376=VECTOR('',#1318,10.);
#377=VECTOR('',#1327,1.25);
#378=VECTOR('',#1330,10.);
#379=VECTOR('',#1331,10.);
#380=VECTOR('',#1332,10.);
#381=VECTOR('',#1333,10.);
#382=VECTOR('',#1334,10.);
#383=VECTOR('',#1335,10.);
#384=VECTOR('',#1336,10.);
#385=VECTOR('',#1337,10.);
#386=VECTOR('',#1338,10.);
#387=VECTOR('',#1341,10.);
#388=VECTOR('',#1342,10.);
#389=VECTOR('',#1343,10.);
#390=VECTOR('',#1344,10.);
#391=VECTOR('',#1345,10.);
#392=VECTOR('',#1346,10.);
#393=VECTOR('',#1347,10.);
#394=VECTOR('',#1350,1.25);
#395=VECTOR('',#1355,10.);
#396=VECTOR('',#1358,10.);
#397=VECTOR('',#1361,10.);
#398=VECTOR('',#1362,10.);
#399=VECTOR('',#1365,10.);
#400=VECTOR('',#1366,10.);
#401=VECTOR('',#1369,10.);
#402=VECTOR('',#1370,10.);
#403=VECTOR('',#1371,10.);
#404=VECTOR('',#1376,10.);
#405=VECTOR('',#1377,10.);
#406=VECTOR('',#1380,10.);
#407=VECTOR('',#1383,10.);
#408=VECTOR('',#1386,10.);
#409=VECTOR('',#1387,10.);
#410=VECTOR('',#1388,10.);
#411=VECTOR('',#1401,10.);
#412=VECTOR('',#1404,1.25);
#413=VECTOR('',#1413,10.);
#414=VECTOR('',#1418,10.);
#415=VECTOR('',#1421,10.);
#416=VECTOR('',#1428,10.);
#417=VECTOR('',#1435,10.);
#418=VECTOR('',#1438,10.);
#419=VECTOR('',#1439,10.);
#420=VECTOR('',#1442,10.);
#421=VECTOR('',#1443,10.);
#422=VECTOR('',#1446,10.);
#423=VECTOR('',#1449,10.);
#424=VECTOR('',#1454,10.);
#425=VECTOR('',#1457,10.);
#426=VECTOR('',#1462,10.);
#427=VECTOR('',#1465,10.);
#428=VECTOR('',#1470,10.);
#429=VECTOR('',#1473,10.);
#430=VECTOR('',#1480,10.);
#431=VECTOR('',#1483,10.);
#432=VECTOR('',#1484,10.);
#433=VECTOR('',#1499,1.25);
#434=VERTEX_POINT('',#1506);
#435=VERTEX_POINT('',#1507);
#436=VERTEX_POINT('',#1509);
#437=VERTEX_POINT('',#1511);
#438=VERTEX_POINT('',#1515);
#439=VERTEX_POINT('',#1517);
#440=VERTEX_POINT('',#1519);
#441=VERTEX_POINT('',#1521);
#442=VERTEX_POINT('',#1523);
#443=VERTEX_POINT('',#1525);
#444=VERTEX_POINT('',#1528);
#445=VERTEX_POINT('',#1529);
#446=VERTEX_POINT('',#1531);
#447=VERTEX_POINT('',#1533);
#448=VERTEX_POINT('',#1536);
#449=VERTEX_POINT('',#1537);
#450=VERTEX_POINT('',#1539);
#451=VERTEX_POINT('',#1541);
#452=VERTEX_POINT('',#1544);
#453=VERTEX_POINT('',#1546);
#454=VERTEX_POINT('',#1549);
#455=VERTEX_POINT('',#1551);
#456=VERTEX_POINT('',#1553);
#457=VERTEX_POINT('',#1557);
#458=VERTEX_POINT('',#1561);
#459=VERTEX_POINT('',#1562);
#460=VERTEX_POINT('',#1564);
#461=VERTEX_POINT('',#1566);
#462=VERTEX_POINT('',#1570);
#463=VERTEX_POINT('',#1572);
#464=VERTEX_POINT('',#1574);
#465=VERTEX_POINT('',#1576);
#466=VERTEX_POINT('',#1578);
#467=VERTEX_POINT('',#1580);
#468=VERTEX_POINT('',#1584);
#469=VERTEX_POINT('',#1588);
#470=VERTEX_POINT('',#1589);
#471=VERTEX_POINT('',#1591);
#472=VERTEX_POINT('',#1593);
#473=VERTEX_POINT('',#1597);
#474=VERTEX_POINT('',#1599);
#475=VERTEX_POINT('',#1605);
#476=VERTEX_POINT('',#1607);
#477=VERTEX_POINT('',#1614);
#478=VERTEX_POINT('',#1620);
#479=VERTEX_POINT('',#1624);
#480=VERTEX_POINT('',#1626);
#481=VERTEX_POINT('',#1630);
#482=VERTEX_POINT('',#1631);
#483=VERTEX_POINT('',#1636);
#484=VERTEX_POINT('',#1638);
#485=VERTEX_POINT('',#1640);
#486=VERTEX_POINT('',#1642);
#487=VERTEX_POINT('',#1644);
#488=VERTEX_POINT('',#1647);
#489=VERTEX_POINT('',#1650);
#490=VERTEX_POINT('',#1655);
#491=VERTEX_POINT('',#1657);
#492=VERTEX_POINT('',#1659);
#493=VERTEX_POINT('',#1661);
#494=VERTEX_POINT('',#1664);
#495=VERTEX_POINT('',#1666);
#496=VERTEX_POINT('',#1669);
#497=VERTEX_POINT('',#1671);
#498=VERTEX_POINT('',#1672);
#499=VERTEX_POINT('',#1674);
#500=VERTEX_POINT('',#1676);
#501=VERTEX_POINT('',#1679);
#502=VERTEX_POINT('',#1681);
#503=VERTEX_POINT('',#1687);
#504=VERTEX_POINT('',#1688);
#505=VERTEX_POINT('',#1690);
#506=VERTEX_POINT('',#1692);
#507=VERTEX_POINT('',#1696);
#508=VERTEX_POINT('',#1698);
#509=VERTEX_POINT('',#1700);
#510=VERTEX_POINT('',#1705);
#511=VERTEX_POINT('',#1707);
#512=VERTEX_POINT('',#1711);
#513=VERTEX_POINT('',#1712);
#514=VERTEX_POINT('',#1721);
#515=VERTEX_POINT('',#1723);
#516=VERTEX_POINT('',#1729);
#517=VERTEX_POINT('',#1731);
#518=VERTEX_POINT('',#1736);
#519=VERTEX_POINT('',#1743);
#520=VERTEX_POINT('',#1751);
#521=VERTEX_POINT('',#1757);
#522=VERTEX_POINT('',#1761);
#523=VERTEX_POINT('',#1787);
#524=VERTEX_POINT('',#1797);
#525=VERTEX_POINT('',#1801);
#526=VERTEX_POINT('',#1803);
#527=VERTEX_POINT('',#1805);
#528=VERTEX_POINT('',#1807);
#529=VERTEX_POINT('',#1824);
#530=VERTEX_POINT('',#1825);
#531=VERTEX_POINT('',#1827);
#532=VERTEX_POINT('',#1829);
#533=VERTEX_POINT('',#1837);
#534=VERTEX_POINT('',#1842);
#535=VERTEX_POINT('',#1880);
#536=VERTEX_POINT('',#1891);
#537=VERTEX_POINT('',#1894);
#538=EDGE_CURVE('',#434,#435,#208,.T.);
#539=EDGE_CURVE('',#435,#436,#209,.T.);
#540=EDGE_CURVE('',#436,#437,#210,.T.);
#541=EDGE_CURVE('',#437,#434,#211,.T.);
#542=EDGE_CURVE('',#438,#437,#212,.T.);
#543=EDGE_CURVE('',#439,#438,#213,.T.);
#544=EDGE_CURVE('',#439,#440,#214,.T.);
#545=EDGE_CURVE('',#441,#440,#215,.T.);
#546=EDGE_CURVE('',#442,#441,#216,.T.);
#547=EDGE_CURVE('',#443,#442,#217,.T.);
#548=EDGE_CURVE('',#434,#443,#218,.T.);
#549=EDGE_CURVE('',#444,#445,#219,.T.);
#550=EDGE_CURVE('',#446,#444,#220,.T.);
#551=EDGE_CURVE('',#447,#446,#221,.T.);
#552=EDGE_CURVE('',#445,#447,#222,.T.);
#553=EDGE_CURVE('',#448,#449,#223,.T.);
#554=EDGE_CURVE('',#450,#448,#224,.T.);
#555=EDGE_CURVE('',#451,#450,#225,.T.);
#556=EDGE_CURVE('',#449,#451,#226,.T.);
#557=EDGE_CURVE('',#452,#452,#42,.T.);
#558=EDGE_CURVE('',#453,#453,#43,.T.);
#559=EDGE_CURVE('',#454,#436,#227,.T.);
#560=EDGE_CURVE('',#455,#454,#228,.T.);
#561=EDGE_CURVE('',#455,#456,#229,.T.);
#562=EDGE_CURVE('',#438,#456,#230,.T.);
#563=EDGE_CURVE('',#457,#439,#231,.T.);
#564=EDGE_CURVE('',#456,#457,#232,.T.);
#565=EDGE_CURVE('',#458,#459,#44,.T.);
#566=EDGE_CURVE('',#458,#460,#233,.T.);
#567=EDGE_CURVE('',#460,#461,#45,.T.);
#568=EDGE_CURVE('',#461,#459,#234,.T.);
#569=EDGE_CURVE('',#459,#462,#235,.T.);
#570=EDGE_CURVE('',#463,#462,#236,.T.);
#571=EDGE_CURVE('',#463,#464,#237,.T.);
#572=EDGE_CURVE('',#465,#464,#46,.F.);
#573=EDGE_CURVE('',#465,#466,#238,.T.);
#574=EDGE_CURVE('',#467,#466,#47,.T.);
#575=EDGE_CURVE('',#458,#467,#239,.T.);
#576=EDGE_CURVE('',#468,#461,#240,.T.);
#577=EDGE_CURVE('',#462,#468,#241,.T.);
#578=EDGE_CURVE('',#469,#470,#48,.T.);
#579=EDGE_CURVE('',#469,#471,#242,.T.);
#580=EDGE_CURVE('',#471,#472,#49,.T.);
#581=EDGE_CURVE('',#472,#470,#243,.T.);
#582=EDGE_CURVE('',#473,#472,#244,.F.);
#583=EDGE_CURVE('',#474,#473,#21,.T.);
#584=EDGE_CURVE('',#474,#470,#245,.T.);
#585=EDGE_CURVE('',#462,#475,#246,.T.);
#586=EDGE_CURVE('',#476,#468,#247,.T.);
#587=EDGE_CURVE('',#475,#476,#248,.T.);
#588=EDGE_CURVE('',#475,#469,#249,.T.);
#589=EDGE_CURVE('',#471,#476,#250,.T.);
#590=EDGE_CURVE('',#477,#467,#22,.T.);
#591=EDGE_CURVE('',#460,#477,#251,.F.);
#592=EDGE_CURVE('',#478,#455,#252,.T.);
#593=EDGE_CURVE('',#478,#457,#253,.T.);
#594=EDGE_CURVE('',#441,#479,#254,.T.);
#595=EDGE_CURVE('',#479,#480,#255,.T.);
#596=EDGE_CURVE('',#442,#480,#256,.T.);
#597=EDGE_CURVE('',#481,#482,#257,.T.);
#598=EDGE_CURVE('',#451,#481,#258,.T.);
#599=EDGE_CURVE('',#450,#482,#259,.T.);
#600=EDGE_CURVE('',#483,#440,#260,.T.);
#601=EDGE_CURVE('',#484,#483,#261,.T.);
#602=EDGE_CURVE('',#485,#484,#262,.T.);
#603=EDGE_CURVE('',#486,#485,#50,.F.);
#604=EDGE_CURVE('',#487,#486,#263,.T.);
#605=EDGE_CURVE('',#487,#479,#51,.T.);
#606=EDGE_CURVE('',#488,#488,#52,.T.);
#607=EDGE_CURVE('',#489,#489,#53,.T.);
#608=EDGE_CURVE('',#489,#452,#264,.T.);
#609=EDGE_CURVE('',#483,#478,#265,.T.);
#610=EDGE_CURVE('',#490,#454,#266,.T.);
#611=EDGE_CURVE('',#491,#490,#267,.T.);
#612=EDGE_CURVE('',#491,#492,#268,.T.);
#613=EDGE_CURVE('',#492,#493,#269,.T.);
#614=EDGE_CURVE('',#463,#493,#270,.T.);
#615=EDGE_CURVE('',#475,#494,#271,.T.);
#616=EDGE_CURVE('',#495,#494,#272,.T.);
#617=EDGE_CURVE('',#484,#495,#273,.T.);
#618=EDGE_CURVE('',#496,#496,#54,.T.);
#619=EDGE_CURVE('',#497,#498,#274,.T.);
#620=EDGE_CURVE('',#498,#499,#275,.T.);
#621=EDGE_CURVE('',#499,#500,#276,.T.);
#622=EDGE_CURVE('',#500,#497,#277,.T.);
#623=EDGE_CURVE('',#482,#501,#278,.T.);
#624=EDGE_CURVE('',#501,#502,#279,.T.);
#625=EDGE_CURVE('',#502,#481,#280,.T.);
#626=EDGE_CURVE('',#453,#496,#281,.T.);
#627=EDGE_CURVE('',#503,#504,#55,.T.);
#628=EDGE_CURVE('',#504,#505,#282,.T.);
#629=EDGE_CURVE('',#505,#506,#56,.F.);
#630=EDGE_CURVE('',#506,#503,#283,.T.);
#631=EDGE_CURVE('',#507,#503,#284,.T.);
#632=EDGE_CURVE('',#507,#508,#285,.T.);
#633=EDGE_CURVE('',#509,#508,#57,.T.);
#634=EDGE_CURVE('',#485,#509,#286,.F.);
#635=EDGE_CURVE('',#504,#495,#287,.T.);
#636=EDGE_CURVE('',#510,#506,#288,.T.);
#637=EDGE_CURVE('',#511,#510,#289,.T.);
#638=EDGE_CURVE('',#507,#511,#290,.T.);
#639=EDGE_CURVE('',#512,#513,#58,.T.);
#640=EDGE_CURVE('',#513,#465,#291,.T.);
#641=EDGE_CURVE('',#464,#512,#292,.T.);
#642=EDGE_CURVE('',#493,#512,#293,.T.);
#643=EDGE_CURVE('',#505,#494,#294,.T.);
#644=EDGE_CURVE('',#514,#513,#295,.T.);
#645=EDGE_CURVE('',#515,#514,#296,.T.);
#646=EDGE_CURVE('',#466,#515,#297,.T.);
#647=EDGE_CURVE('',#510,#474,#59,.T.);
#648=EDGE_CURVE('',#473,#516,#60,.T.);
#649=EDGE_CURVE('',#517,#516,#23,.T.);
#650=EDGE_CURVE('',#518,#517,#61,.T.);
#651=EDGE_CURVE('',#510,#518,#24,.F.);
#652=EDGE_CURVE('',#519,#518,#298,.T.);
#653=EDGE_CURVE('',#519,#508,#25,.F.);
#654=EDGE_CURVE('',#488,#520,#299,.T.);
#655=EDGE_CURVE('',#520,#520,#62,.T.);
#656=EDGE_CURVE('',#517,#521,#300,.T.);
#657=EDGE_CURVE('',#521,#519,#63,.T.);
#658=EDGE_CURVE('',#522,#509,#15,.T.);
#659=EDGE_CURVE('',#486,#522,#301,.T.);
#660=EDGE_CURVE('',#516,#523,#302,.T.);
#661=EDGE_CURVE('',#523,#521,#26,.T.);
#662=EDGE_CURVE('',#522,#523,#64,.T.);
#663=EDGE_CURVE('',#524,#487,#303,.T.);
#664=EDGE_CURVE('',#480,#524,#65,.T.);
#665=EDGE_CURVE('',#477,#525,#66,.T.);
#666=EDGE_CURVE('',#525,#526,#304,.T.);
#667=EDGE_CURVE('',#526,#527,#67,.T.);
#668=EDGE_CURVE('',#528,#527,#305,.T.);
#669=EDGE_CURVE('',#524,#528,#306,.T.);
#670=EDGE_CURVE('',#447,#499,#307,.T.);
#671=EDGE_CURVE('',#446,#500,#308,.T.);
#672=EDGE_CURVE('',#444,#497,#309,.T.);
#673=EDGE_CURVE('',#445,#498,#310,.T.);
#674=EDGE_CURVE('',#449,#502,#311,.T.);
#675=EDGE_CURVE('',#448,#501,#312,.T.);
#676=EDGE_CURVE('',#529,#530,#313,.T.);
#677=EDGE_CURVE('',#530,#531,#68,.F.);
#678=EDGE_CURVE('',#531,#532,#314,.T.);
#679=EDGE_CURVE('',#532,#529,#69,.F.);
#680=EDGE_CURVE('',#490,#435,#315,.T.);
#681=EDGE_CURVE('',#491,#443,#316,.T.);
#682=EDGE_CURVE('',#530,#533,#27,.T.);
#683=EDGE_CURVE('',#534,#533,#70,.T.);
#684=EDGE_CURVE('',#527,#534,#16,.T.);
#685=EDGE_CURVE('',#526,#531,#28,.T.);
#686=EDGE_CURVE('',#514,#533,#317,.T.);
#687=EDGE_CURVE('',#466,#529,#29,.T.);
#688=EDGE_CURVE('',#535,#492,#318,.T.);
#689=EDGE_CURVE('',#535,#534,#319,.F.);
#690=EDGE_CURVE('',#532,#525,#30,.T.);
#691=EDGE_CURVE('',#528,#535,#71,.T.);
#692=EDGE_CURVE('',#536,#536,#72,.T.);
#693=EDGE_CURVE('',#537,#537,#73,.T.);
#694=EDGE_CURVE('',#537,#536,#320,.T.);
#695=ORIENTED_EDGE('',*,*,#538,.T.);
#696=ORIENTED_EDGE('',*,*,#539,.T.);
#697=ORIENTED_EDGE('',*,*,#540,.T.);
#698=ORIENTED_EDGE('',*,*,#541,.T.);
#699=ORIENTED_EDGE('',*,*,#541,.F.);
#700=ORIENTED_EDGE('',*,*,#542,.F.);
#701=ORIENTED_EDGE('',*,*,#543,.F.);
#702=ORIENTED_EDGE('',*,*,#544,.T.);
#703=ORIENTED_EDGE('',*,*,#545,.F.);
#704=ORIENTED_EDGE('',*,*,#546,.F.);
#705=ORIENTED_EDGE('',*,*,#547,.F.);
#706=ORIENTED_EDGE('',*,*,#548,.F.);
#707=ORIENTED_EDGE('',*,*,#549,.F.);
#708=ORIENTED_EDGE('',*,*,#550,.F.);
#709=ORIENTED_EDGE('',*,*,#551,.F.);
#710=ORIENTED_EDGE('',*,*,#552,.F.);
#711=ORIENTED_EDGE('',*,*,#553,.F.);
#712=ORIENTED_EDGE('',*,*,#554,.F.);
#713=ORIENTED_EDGE('',*,*,#555,.F.);
#714=ORIENTED_EDGE('',*,*,#556,.F.);
#715=ORIENTED_EDGE('',*,*,#557,.F.);
#716=ORIENTED_EDGE('',*,*,#558,.F.);
#717=ORIENTED_EDGE('',*,*,#540,.F.);
#718=ORIENTED_EDGE('',*,*,#559,.F.);
#719=ORIENTED_EDGE('',*,*,#560,.F.);
#720=ORIENTED_EDGE('',*,*,#561,.T.);
#721=ORIENTED_EDGE('',*,*,#562,.F.);
#722=ORIENTED_EDGE('',*,*,#542,.T.);
#723=ORIENTED_EDGE('',*,*,#563,.T.);
#724=ORIENTED_EDGE('',*,*,#543,.T.);
#725=ORIENTED_EDGE('',*,*,#562,.T.);
#726=ORIENTED_EDGE('',*,*,#564,.T.);
#727=ORIENTED_EDGE('',*,*,#565,.F.);
#728=ORIENTED_EDGE('',*,*,#566,.T.);
#729=ORIENTED_EDGE('',*,*,#567,.T.);
#730=ORIENTED_EDGE('',*,*,#568,.T.);
#731=ORIENTED_EDGE('',*,*,#565,.T.);
#732=ORIENTED_EDGE('',*,*,#569,.T.);
#733=ORIENTED_EDGE('',*,*,#570,.F.);
#734=ORIENTED_EDGE('',*,*,#571,.T.);
#735=ORIENTED_EDGE('',*,*,#572,.F.);
#736=ORIENTED_EDGE('',*,*,#573,.T.);
#737=ORIENTED_EDGE('',*,*,#574,.F.);
#738=ORIENTED_EDGE('',*,*,#575,.F.);
#739=ORIENTED_EDGE('',*,*,#568,.F.);
#740=ORIENTED_EDGE('',*,*,#576,.F.);
#741=ORIENTED_EDGE('',*,*,#577,.F.);
#742=ORIENTED_EDGE('',*,*,#569,.F.);
#743=ORIENTED_EDGE('',*,*,#578,.F.);
#744=ORIENTED_EDGE('',*,*,#579,.T.);
#745=ORIENTED_EDGE('',*,*,#580,.T.);
#746=ORIENTED_EDGE('',*,*,#581,.T.);
#747=ORIENTED_EDGE('',*,*,#581,.F.);
#748=ORIENTED_EDGE('',*,*,#582,.F.);
#749=ORIENTED_EDGE('',*,*,#583,.F.);
#750=ORIENTED_EDGE('',*,*,#584,.T.);
#751=ORIENTED_EDGE('',*,*,#585,.F.);
#752=ORIENTED_EDGE('',*,*,#577,.T.);
#753=ORIENTED_EDGE('',*,*,#586,.F.);
#754=ORIENTED_EDGE('',*,*,#587,.F.);
#755=ORIENTED_EDGE('',*,*,#579,.F.);
#756=ORIENTED_EDGE('',*,*,#588,.F.);
#757=ORIENTED_EDGE('',*,*,#587,.T.);
#758=ORIENTED_EDGE('',*,*,#589,.F.);
#759=ORIENTED_EDGE('',*,*,#566,.F.);
#760=ORIENTED_EDGE('',*,*,#575,.T.);
#761=ORIENTED_EDGE('',*,*,#590,.F.);
#762=ORIENTED_EDGE('',*,*,#591,.F.);
#763=ORIENTED_EDGE('',*,*,#564,.F.);
#764=ORIENTED_EDGE('',*,*,#561,.F.);
#765=ORIENTED_EDGE('',*,*,#592,.F.);
#766=ORIENTED_EDGE('',*,*,#593,.T.);
#767=ORIENTED_EDGE('',*,*,#546,.T.);
#768=ORIENTED_EDGE('',*,*,#594,.T.);
#769=ORIENTED_EDGE('',*,*,#595,.T.);
#770=ORIENTED_EDGE('',*,*,#596,.F.);
#771=ORIENTED_EDGE('',*,*,#597,.F.);
#772=ORIENTED_EDGE('',*,*,#598,.F.);
#773=ORIENTED_EDGE('',*,*,#555,.T.);
#774=ORIENTED_EDGE('',*,*,#599,.T.);
#775=ORIENTED_EDGE('',*,*,#545,.T.);
#776=ORIENTED_EDGE('',*,*,#600,.F.);
#777=ORIENTED_EDGE('',*,*,#601,.F.);
#778=ORIENTED_EDGE('',*,*,#602,.F.);
#779=ORIENTED_EDGE('',*,*,#603,.F.);
#780=ORIENTED_EDGE('',*,*,#604,.F.);
#781=ORIENTED_EDGE('',*,*,#605,.T.);
#782=ORIENTED_EDGE('',*,*,#594,.F.);
#783=ORIENTED_EDGE('',*,*,#606,.T.);
#784=ORIENTED_EDGE('',*,*,#607,.F.);
#785=ORIENTED_EDGE('',*,*,#608,.T.);
#786=ORIENTED_EDGE('',*,*,#557,.T.);
#787=ORIENTED_EDGE('',*,*,#608,.F.);
#788=ORIENTED_EDGE('',*,*,#601,.T.);
#789=ORIENTED_EDGE('',*,*,#609,.T.);
#790=ORIENTED_EDGE('',*,*,#592,.T.);
#791=ORIENTED_EDGE('',*,*,#560,.T.);
#792=ORIENTED_EDGE('',*,*,#610,.F.);
#793=ORIENTED_EDGE('',*,*,#611,.F.);
#794=ORIENTED_EDGE('',*,*,#612,.T.);
#795=ORIENTED_EDGE('',*,*,#613,.T.);
#796=ORIENTED_EDGE('',*,*,#614,.F.);
#797=ORIENTED_EDGE('',*,*,#570,.T.);
#798=ORIENTED_EDGE('',*,*,#585,.T.);
#799=ORIENTED_EDGE('',*,*,#615,.T.);
#800=ORIENTED_EDGE('',*,*,#616,.F.);
#801=ORIENTED_EDGE('',*,*,#617,.F.);
#802=ORIENTED_EDGE('',*,*,#607,.T.);
#803=ORIENTED_EDGE('',*,*,#618,.T.);
#804=ORIENTED_EDGE('',*,*,#619,.T.);
#805=ORIENTED_EDGE('',*,*,#620,.T.);
#806=ORIENTED_EDGE('',*,*,#621,.T.);
#807=ORIENTED_EDGE('',*,*,#622,.T.);
#808=ORIENTED_EDGE('',*,*,#623,.T.);
#809=ORIENTED_EDGE('',*,*,#624,.T.);
#810=ORIENTED_EDGE('',*,*,#625,.T.);
#811=ORIENTED_EDGE('',*,*,#597,.T.);
#812=ORIENTED_EDGE('',*,*,#558,.T.);
#813=ORIENTED_EDGE('',*,*,#626,.T.);
#814=ORIENTED_EDGE('',*,*,#618,.F.);
#815=ORIENTED_EDGE('',*,*,#626,.F.);
#816=ORIENTED_EDGE('',*,*,#627,.T.);
#817=ORIENTED_EDGE('',*,*,#628,.T.);
#818=ORIENTED_EDGE('',*,*,#629,.T.);
#819=ORIENTED_EDGE('',*,*,#630,.T.);
#820=ORIENTED_EDGE('',*,*,#627,.F.);
#821=ORIENTED_EDGE('',*,*,#631,.F.);
#822=ORIENTED_EDGE('',*,*,#632,.T.);
#823=ORIENTED_EDGE('',*,*,#633,.F.);
#824=ORIENTED_EDGE('',*,*,#634,.F.);
#825=ORIENTED_EDGE('',*,*,#602,.T.);
#826=ORIENTED_EDGE('',*,*,#617,.T.);
#827=ORIENTED_EDGE('',*,*,#635,.F.);
#828=ORIENTED_EDGE('',*,*,#630,.F.);
#829=ORIENTED_EDGE('',*,*,#636,.F.);
#830=ORIENTED_EDGE('',*,*,#637,.F.);
#831=ORIENTED_EDGE('',*,*,#638,.F.);
#832=ORIENTED_EDGE('',*,*,#631,.T.);
#833=ORIENTED_EDGE('',*,*,#639,.T.);
#834=ORIENTED_EDGE('',*,*,#640,.T.);
#835=ORIENTED_EDGE('',*,*,#572,.T.);
#836=ORIENTED_EDGE('',*,*,#641,.T.);
#837=ORIENTED_EDGE('',*,*,#641,.F.);
#838=ORIENTED_EDGE('',*,*,#571,.F.);
#839=ORIENTED_EDGE('',*,*,#614,.T.);
#840=ORIENTED_EDGE('',*,*,#642,.T.);
#841=ORIENTED_EDGE('',*,*,#628,.F.);
#842=ORIENTED_EDGE('',*,*,#635,.T.);
#843=ORIENTED_EDGE('',*,*,#616,.T.);
#844=ORIENTED_EDGE('',*,*,#643,.F.);
#845=ORIENTED_EDGE('',*,*,#640,.F.);
#846=ORIENTED_EDGE('',*,*,#644,.F.);
#847=ORIENTED_EDGE('',*,*,#645,.F.);
#848=ORIENTED_EDGE('',*,*,#646,.F.);
#849=ORIENTED_EDGE('',*,*,#573,.F.);
#850=ORIENTED_EDGE('',*,*,#578,.T.);
#851=ORIENTED_EDGE('',*,*,#584,.F.);
#852=ORIENTED_EDGE('',*,*,#647,.F.);
#853=ORIENTED_EDGE('',*,*,#636,.T.);
#854=ORIENTED_EDGE('',*,*,#629,.F.);
#855=ORIENTED_EDGE('',*,*,#643,.T.);
#856=ORIENTED_EDGE('',*,*,#615,.F.);
#857=ORIENTED_EDGE('',*,*,#588,.T.);
#858=ORIENTED_EDGE('',*,*,#583,.T.);
#859=ORIENTED_EDGE('',*,*,#648,.T.);
#860=ORIENTED_EDGE('',*,*,#649,.F.);
#861=ORIENTED_EDGE('',*,*,#650,.F.);
#862=ORIENTED_EDGE('',*,*,#651,.F.);
#863=ORIENTED_EDGE('',*,*,#647,.T.);
#864=ORIENTED_EDGE('',*,*,#638,.T.);
#865=ORIENTED_EDGE('',*,*,#637,.T.);
#866=ORIENTED_EDGE('',*,*,#651,.T.);
#867=ORIENTED_EDGE('',*,*,#652,.F.);
#868=ORIENTED_EDGE('',*,*,#653,.T.);
#869=ORIENTED_EDGE('',*,*,#632,.F.);
#870=ORIENTED_EDGE('',*,*,#606,.F.);
#871=ORIENTED_EDGE('',*,*,#654,.T.);
#872=ORIENTED_EDGE('',*,*,#655,.T.);
#873=ORIENTED_EDGE('',*,*,#654,.F.);
#874=ORIENTED_EDGE('',*,*,#655,.F.);
#875=ORIENTED_EDGE('',*,*,#563,.F.);
#876=ORIENTED_EDGE('',*,*,#593,.F.);
#877=ORIENTED_EDGE('',*,*,#609,.F.);
#878=ORIENTED_EDGE('',*,*,#600,.T.);
#879=ORIENTED_EDGE('',*,*,#544,.F.);
#880=ORIENTED_EDGE('',*,*,#652,.T.);
#881=ORIENTED_EDGE('',*,*,#650,.T.);
#882=ORIENTED_EDGE('',*,*,#656,.T.);
#883=ORIENTED_EDGE('',*,*,#657,.T.);
#884=ORIENTED_EDGE('',*,*,#658,.F.);
#885=ORIENTED_EDGE('',*,*,#659,.F.);
#886=ORIENTED_EDGE('',*,*,#603,.T.);
#887=ORIENTED_EDGE('',*,*,#634,.T.);
#888=ORIENTED_EDGE('',*,*,#656,.F.);
#889=ORIENTED_EDGE('',*,*,#649,.T.);
#890=ORIENTED_EDGE('',*,*,#660,.T.);
#891=ORIENTED_EDGE('',*,*,#661,.T.);
#892=ORIENTED_EDGE('',*,*,#657,.F.);
#893=ORIENTED_EDGE('',*,*,#661,.F.);
#894=ORIENTED_EDGE('',*,*,#662,.F.);
#895=ORIENTED_EDGE('',*,*,#658,.T.);
#896=ORIENTED_EDGE('',*,*,#633,.T.);
#897=ORIENTED_EDGE('',*,*,#653,.F.);
#898=ORIENTED_EDGE('',*,*,#663,.F.);
#899=ORIENTED_EDGE('',*,*,#664,.F.);
#900=ORIENTED_EDGE('',*,*,#595,.F.);
#901=ORIENTED_EDGE('',*,*,#605,.F.);
#902=ORIENTED_EDGE('',*,*,#582,.T.);
#903=ORIENTED_EDGE('',*,*,#580,.F.);
#904=ORIENTED_EDGE('',*,*,#589,.T.);
#905=ORIENTED_EDGE('',*,*,#586,.T.);
#906=ORIENTED_EDGE('',*,*,#576,.T.);
#907=ORIENTED_EDGE('',*,*,#567,.F.);
#908=ORIENTED_EDGE('',*,*,#591,.T.);
#909=ORIENTED_EDGE('',*,*,#665,.T.);
#910=ORIENTED_EDGE('',*,*,#666,.T.);
#911=ORIENTED_EDGE('',*,*,#667,.T.);
#912=ORIENTED_EDGE('',*,*,#668,.F.);
#913=ORIENTED_EDGE('',*,*,#669,.F.);
#914=ORIENTED_EDGE('',*,*,#663,.T.);
#915=ORIENTED_EDGE('',*,*,#604,.T.);
#916=ORIENTED_EDGE('',*,*,#659,.T.);
#917=ORIENTED_EDGE('',*,*,#662,.T.);
#918=ORIENTED_EDGE('',*,*,#660,.F.);
#919=ORIENTED_EDGE('',*,*,#648,.F.);
#920=ORIENTED_EDGE('',*,*,#621,.F.);
#921=ORIENTED_EDGE('',*,*,#670,.F.);
#922=ORIENTED_EDGE('',*,*,#551,.T.);
#923=ORIENTED_EDGE('',*,*,#671,.T.);
#924=ORIENTED_EDGE('',*,*,#622,.F.);
#925=ORIENTED_EDGE('',*,*,#671,.F.);
#926=ORIENTED_EDGE('',*,*,#550,.T.);
#927=ORIENTED_EDGE('',*,*,#672,.T.);
#928=ORIENTED_EDGE('',*,*,#549,.T.);
#929=ORIENTED_EDGE('',*,*,#673,.T.);
#930=ORIENTED_EDGE('',*,*,#619,.F.);
#931=ORIENTED_EDGE('',*,*,#672,.F.);
#932=ORIENTED_EDGE('',*,*,#620,.F.);
#933=ORIENTED_EDGE('',*,*,#673,.F.);
#934=ORIENTED_EDGE('',*,*,#552,.T.);
#935=ORIENTED_EDGE('',*,*,#670,.T.);
#936=ORIENTED_EDGE('',*,*,#625,.F.);
#937=ORIENTED_EDGE('',*,*,#674,.F.);
#938=ORIENTED_EDGE('',*,*,#556,.T.);
#939=ORIENTED_EDGE('',*,*,#598,.T.);
#940=ORIENTED_EDGE('',*,*,#623,.F.);
#941=ORIENTED_EDGE('',*,*,#599,.F.);
#942=ORIENTED_EDGE('',*,*,#554,.T.);
#943=ORIENTED_EDGE('',*,*,#675,.T.);
#944=ORIENTED_EDGE('',*,*,#553,.T.);
#945=ORIENTED_EDGE('',*,*,#674,.T.);
#946=ORIENTED_EDGE('',*,*,#624,.F.);
#947=ORIENTED_EDGE('',*,*,#675,.F.);
#948=ORIENTED_EDGE('',*,*,#676,.T.);
#949=ORIENTED_EDGE('',*,*,#677,.T.);
#950=ORIENTED_EDGE('',*,*,#678,.T.);
#951=ORIENTED_EDGE('',*,*,#679,.T.);
#952=ORIENTED_EDGE('',*,*,#539,.F.);
#953=ORIENTED_EDGE('',*,*,#680,.F.);
#954=ORIENTED_EDGE('',*,*,#610,.T.);
#955=ORIENTED_EDGE('',*,*,#559,.T.);
#956=ORIENTED_EDGE('',*,*,#538,.F.);
#957=ORIENTED_EDGE('',*,*,#548,.T.);
#958=ORIENTED_EDGE('',*,*,#681,.F.);
#959=ORIENTED_EDGE('',*,*,#611,.T.);
#960=ORIENTED_EDGE('',*,*,#680,.T.);
#961=ORIENTED_EDGE('',*,*,#677,.F.);
#962=ORIENTED_EDGE('',*,*,#682,.T.);
#963=ORIENTED_EDGE('',*,*,#683,.F.);
#964=ORIENTED_EDGE('',*,*,#684,.F.);
#965=ORIENTED_EDGE('',*,*,#667,.F.);
#966=ORIENTED_EDGE('',*,*,#685,.T.);
#967=ORIENTED_EDGE('',*,*,#645,.T.);
#968=ORIENTED_EDGE('',*,*,#686,.T.);
#969=ORIENTED_EDGE('',*,*,#682,.F.);
#970=ORIENTED_EDGE('',*,*,#676,.F.);
#971=ORIENTED_EDGE('',*,*,#687,.F.);
#972=ORIENTED_EDGE('',*,*,#646,.T.);
#973=ORIENTED_EDGE('',*,*,#639,.F.);
#974=ORIENTED_EDGE('',*,*,#642,.F.);
#975=ORIENTED_EDGE('',*,*,#613,.F.);
#976=ORIENTED_EDGE('',*,*,#688,.F.);
#977=ORIENTED_EDGE('',*,*,#689,.T.);
#978=ORIENTED_EDGE('',*,*,#683,.T.);
#979=ORIENTED_EDGE('',*,*,#686,.F.);
#980=ORIENTED_EDGE('',*,*,#644,.T.);
#981=ORIENTED_EDGE('',*,*,#678,.F.);
#982=ORIENTED_EDGE('',*,*,#685,.F.);
#983=ORIENTED_EDGE('',*,*,#666,.F.);
#984=ORIENTED_EDGE('',*,*,#690,.F.);
#985=ORIENTED_EDGE('',*,*,#691,.F.);
#986=ORIENTED_EDGE('',*,*,#668,.T.);
#987=ORIENTED_EDGE('',*,*,#684,.T.);
#988=ORIENTED_EDGE('',*,*,#689,.F.);
#989=ORIENTED_EDGE('',*,*,#692,.F.);
#990=ORIENTED_EDGE('',*,*,#693,.F.);
#991=ORIENTED_EDGE('',*,*,#694,.T.);
#992=ORIENTED_EDGE('',*,*,#692,.T.);
#993=ORIENTED_EDGE('',*,*,#694,.F.);
#994=ORIENTED_EDGE('',*,*,#590,.T.);
#995=ORIENTED_EDGE('',*,*,#574,.T.);
#996=ORIENTED_EDGE('',*,*,#687,.T.);
#997=ORIENTED_EDGE('',*,*,#679,.F.);
#998=ORIENTED_EDGE('',*,*,#690,.T.);
#999=ORIENTED_EDGE('',*,*,#665,.F.);
#1000=ORIENTED_EDGE('',*,*,#547,.T.);
#1001=ORIENTED_EDGE('',*,*,#596,.T.);
#1002=ORIENTED_EDGE('',*,*,#664,.T.);
#1003=ORIENTED_EDGE('',*,*,#669,.T.);
#1004=ORIENTED_EDGE('',*,*,#691,.T.);
#1005=ORIENTED_EDGE('',*,*,#688,.T.);
#1006=ORIENTED_EDGE('',*,*,#612,.F.);
#1007=ORIENTED_EDGE('',*,*,#681,.T.);
#1008=ORIENTED_EDGE('',*,*,#693,.T.);
#1009=PLANE('',#1122);
#1010=PLANE('',#1123);
#1011=PLANE('',#1126);
#1012=PLANE('',#1127);
#1013=PLANE('',#1131);
#1014=PLANE('',#1134);
#1015=PLANE('',#1138);
#1016=PLANE('',#1139);
#1017=PLANE('',#1140);
#1018=PLANE('',#1141);
#1019=PLANE('',#1142);
#1020=PLANE('',#1143);
#1021=PLANE('',#1144);
#1022=PLANE('',#1145);
#1023=PLANE('',#1151);
#1024=PLANE('',#1157);
#1025=PLANE('',#1159);
#1026=PLANE('',#1162);
#1027=PLANE('',#1163);
#1028=PLANE('',#1164);
#1029=PLANE('',#1165);
#1030=PLANE('',#1170);
#1031=PLANE('',#1173);
#1032=PLANE('',#1174);
#1033=PLANE('',#1175);
#1034=PLANE('',#1178);
#1035=PLANE('',#1183);
#1036=PLANE('',#1186);
#1037=PLANE('',#1187);
#1038=PLANE('',#1188);
#1039=PLANE('',#1189);
#1040=PLANE('',#1190);
#1041=PLANE('',#1191);
#1042=PLANE('',#1192);
#1043=PLANE('',#1193);
#1044=PLANE('',#1196);
#1045=PLANE('',#1197);
#1046=PLANE('',#1200);
#1047=PLANE('',#1201);
#1048=PLANE('',#1202);
#1049=PLANE('',#1205);
#1050=PLANE('',#1210);
#1051=ADVANCED_FACE('',(#84),#1009,.T.);
#1052=ADVANCED_FACE('',(#85,#74,#75,#76,#77),#1010,.F.);
#1053=ADVANCED_FACE('',(#86),#1011,.T.);
#1054=ADVANCED_FACE('',(#87),#1012,.T.);
#1055=ADVANCED_FACE('',(#88),#31,.F.);
#1056=ADVANCED_FACE('',(#89),#1013,.T.);
#1057=ADVANCED_FACE('',(#90),#1014,.T.);
#1058=ADVANCED_FACE('',(#91),#32,.F.);
#1059=ADVANCED_FACE('',(#92),#1015,.F.);
#1060=ADVANCED_FACE('',(#93),#1016,.T.);
#1061=ADVANCED_FACE('',(#94),#1017,.T.);
#1062=ADVANCED_FACE('',(#95),#1018,.F.);
#1063=ADVANCED_FACE('',(#96),#1019,.T.);
#1064=ADVANCED_FACE('',(#97),#1020,.F.);
#1065=ADVANCED_FACE('',(#98),#1021,.F.);
#1066=ADVANCED_FACE('',(#99,#78),#1022,.F.);
#1067=ADVANCED_FACE('',(#100),#33,.F.);
#1068=ADVANCED_FACE('',(#101,#79,#80,#81,#82),#1023,.T.);
#1069=ADVANCED_FACE('',(#102),#34,.F.);
#1070=ADVANCED_FACE('',(#103),#35,.T.);
#1071=ADVANCED_FACE('',(#104),#1024,.T.);
#1072=ADVANCED_FACE('',(#105),#1025,.T.);
#1073=ADVANCED_FACE('',(#106),#36,.T.);
#1074=ADVANCED_FACE('',(#107),#1026,.T.);
#1075=ADVANCED_FACE('',(#108),#1027,.T.);
#1076=ADVANCED_FACE('',(#109),#1028,.T.);
#1077=ADVANCED_FACE('',(#110),#1029,.T.);
#1078=ADVANCED_FACE('',(#111),#17,.F.);
#1079=ADVANCED_FACE('',(#112),#1030,.T.);
#1080=ADVANCED_FACE('',(#113),#37,.F.);
#1081=ADVANCED_FACE('',(#114),#1031,.F.);
#1082=ADVANCED_FACE('',(#115),#1032,.F.);
#1083=ADVANCED_FACE('',(#116),#1033,.F.);
#1084=ADVANCED_FACE('',(#117),#38,.F.);
#1085=ADVANCED_FACE('',(#118),#1034,.F.);
#1086=ADVANCED_FACE('',(#119),#18,.F.);
#1087=ADVANCED_FACE('',(#120),#39,.F.);
#1088=ADVANCED_FACE('',(#121),#1035,.F.);
#1089=ADVANCED_FACE('',(#122),#1036,.F.);
#1090=ADVANCED_FACE('',(#123),#1037,.F.);
#1091=ADVANCED_FACE('',(#124),#1038,.F.);
#1092=ADVANCED_FACE('',(#125),#1039,.F.);
#1093=ADVANCED_FACE('',(#126),#1040,.F.);
#1094=ADVANCED_FACE('',(#127),#1041,.F.);
#1095=ADVANCED_FACE('',(#128),#1042,.F.);
#1096=ADVANCED_FACE('',(#129),#1043,.F.);
#1097=ADVANCED_FACE('',(#130),#1044,.F.);
#1098=ADVANCED_FACE('',(#131),#1045,.F.);
#1099=ADVANCED_FACE('',(#132),#19,.F.);
#1100=ADVANCED_FACE('',(#133),#1046,.F.);
#1101=ADVANCED_FACE('',(#134),#1047,.F.);
#1102=ADVANCED_FACE('',(#135),#1048,.T.);
#1103=ADVANCED_FACE('',(#136),#40,.F.);
#1104=ADVANCED_FACE('',(#137),#1049,.F.);
#1105=ADVANCED_FACE('',(#138),#41,.F.);
#1106=ADVANCED_FACE('',(#139),#20,.F.);
#1107=ADVANCED_FACE('',(#140,#83),#1050,.F.);
#1108=CLOSED_SHELL('',(#1051,#1052,#1053,#1054,#1055,#1056,#1057,#1058,
#1059,#1060,#1061,#1062,#1063,#1064,#1065,#1066,#1067,#1068,#1069,#1070,
#1071,#1072,#1073,#1074,#1075,#1076,#1077,#1078,#1079,#1080,#1081,#1082,
#1083,#1084,#1085,#1086,#1087,#1088,#1089,#1090,#1091,#1092,#1093,#1094,
#1095,#1096,#1097,#1098,#1099,#1100,#1101,#1102,#1103,#1104,#1105,#1106,
#1107));
#1109=DERIVED_UNIT_ELEMENT(#1111,1.);
#1110=DERIVED_UNIT_ELEMENT(#1904,-3.);
#1111=(
MASS_UNIT()
NAMED_UNIT(*)
SI_UNIT(.KILO.,.GRAM.)
);
#1112=DERIVED_UNIT((#1109,#1110));
#1113=MEASURE_REPRESENTATION_ITEM('density measure',
POSITIVE_RATIO_MEASURE(7850.),#1112);
#1114=PROPERTY_DEFINITION_REPRESENTATION(#1119,#1116);
#1115=PROPERTY_DEFINITION_REPRESENTATION(#1120,#1117);
#1116=REPRESENTATION('material name',(#1118),#1901);
#1117=REPRESENTATION('density',(#1113),#1901);
#1118=DESCRIPTIVE_REPRESENTATION_ITEM('Steel','Steel');
#1119=PROPERTY_DEFINITION('material property','material name',#1911);
#1120=PROPERTY_DEFINITION('material property','density of part',#1911);
#1121=AXIS2_PLACEMENT_3D('',#1504,#1211,#1212);
#1122=AXIS2_PLACEMENT_3D('',#1505,#1213,#1214);
#1123=AXIS2_PLACEMENT_3D('',#1514,#1219,#1220);
#1124=AXIS2_PLACEMENT_3D('',#1545,#1236,#1237);
#1125=AXIS2_PLACEMENT_3D('',#1547,#1238,#1239);
#1126=AXIS2_PLACEMENT_3D('',#1548,#1240,#1241);
#1127=AXIS2_PLACEMENT_3D('',#1556,#1246,#1247);
#1128=AXIS2_PLACEMENT_3D('',#1560,#1250,#1251);
#1129=AXIS2_PLACEMENT_3D('',#1563,#1252,#1253);
#1130=AXIS2_PLACEMENT_3D('',#1567,#1255,#1256);
#1131=AXIS2_PLACEMENT_3D('',#1569,#1258,#1259);
#1132=AXIS2_PLACEMENT_3D('',#1577,#1263,#1264);
#1133=AXIS2_PLACEMENT_3D('',#1581,#1266,#1267);
#1134=AXIS2_PLACEMENT_3D('',#1583,#1269,#1270);
#1135=AXIS2_PLACEMENT_3D('',#1587,#1273,#1274);
#1136=AXIS2_PLACEMENT_3D('',#1590,#1275,#1276);
#1137=AXIS2_PLACEMENT_3D('',#1594,#1278,#1279);
#1138=AXIS2_PLACEMENT_3D('',#1596,#1281,#1282);
#1139=AXIS2_PLACEMENT_3D('',#1604,#1285,#1286);
#1140=AXIS2_PLACEMENT_3D('',#1610,#1290,#1291);
#1141=AXIS2_PLACEMENT_3D('',#1613,#1294,#1295);
#1142=AXIS2_PLACEMENT_3D('',#1619,#1297,#1298);
#1143=AXIS2_PLACEMENT_3D('',#1623,#1301,#1302);
#1144=AXIS2_PLACEMENT_3D('',#1629,#1306,#1307);
#1145=AXIS2_PLACEMENT_3D('',#1635,#1311,#1312);
#1146=AXIS2_PLACEMENT_3D('',#1643,#1316,#1317);
#1147=AXIS2_PLACEMENT_3D('',#1646,#1319,#1320);
#1148=AXIS2_PLACEMENT_3D('',#1648,#1321,#1322);
#1149=AXIS2_PLACEMENT_3D('',#1649,#1323,#1324);
#1150=AXIS2_PLACEMENT_3D('',#1651,#1325,#1326);
#1151=AXIS2_PLACEMENT_3D('',#1653,#1328,#1329);
#1152=AXIS2_PLACEMENT_3D('',#1670,#1339,#1340);
#1153=AXIS2_PLACEMENT_3D('',#1684,#1348,#1349);
#1154=AXIS2_PLACEMENT_3D('',#1686,#1351,#1352);
#1155=AXIS2_PLACEMENT_3D('',#1689,#1353,#1354);
#1156=AXIS2_PLACEMENT_3D('',#1693,#1356,#1357);
#1157=AXIS2_PLACEMENT_3D('',#1695,#1359,#1360);
#1158=AXIS2_PLACEMENT_3D('',#1701,#1363,#1364);
#1159=AXIS2_PLACEMENT_3D('',#1704,#1367,#1368);
#1160=AXIS2_PLACEMENT_3D('',#1710,#1372,#1373);
#1161=AXIS2_PLACEMENT_3D('',#1713,#1374,#1375);
#1162=AXIS2_PLACEMENT_3D('',#1716,#1378,#1379);
#1163=AXIS2_PLACEMENT_3D('',#1718,#1381,#1382);
#1164=AXIS2_PLACEMENT_3D('',#1720,#1384,#1385);
#1165=AXIS2_PLACEMENT_3D('',#1726,#1389,#1390);
#1166=AXIS2_PLACEMENT_3D('',#1727,#1391,#1392);
#1167=AXIS2_PLACEMENT_3D('',#1728,#1393,#1394);
#1168=AXIS2_PLACEMENT_3D('',#1730,#1395,#1396);
#1169=AXIS2_PLACEMENT_3D('',#1737,#1397,#1398);
#1170=AXIS2_PLACEMENT_3D('',#1742,#1399,#1400);
#1171=AXIS2_PLACEMENT_3D('',#1750,#1402,#1403);
#1172=AXIS2_PLACEMENT_3D('',#1753,#1405,#1406);
#1173=AXIS2_PLACEMENT_3D('',#1754,#1407,#1408);
#1174=AXIS2_PLACEMENT_3D('',#1755,#1409,#1410);
#1175=AXIS2_PLACEMENT_3D('',#1756,#1411,#1412);
#1176=AXIS2_PLACEMENT_3D('',#1759,#1414,#1415);
#1177=AXIS2_PLACEMENT_3D('',#1760,#1416,#1417);
#1178=AXIS2_PLACEMENT_3D('',#1786,#1419,#1420);
#1179=AXIS2_PLACEMENT_3D('',#1794,#1422,#1423);
#1180=AXIS2_PLACEMENT_3D('',#1795,#1424,#1425);
#1181=AXIS2_PLACEMENT_3D('',#1796,#1426,#1427);
#1182=AXIS2_PLACEMENT_3D('',#1799,#1429,#1430);
#1183=AXIS2_PLACEMENT_3D('',#1800,#1431,#1432);
#1184=AXIS2_PLACEMENT_3D('',#1802,#1433,#1434);
#1185=AXIS2_PLACEMENT_3D('',#1806,#1436,#1437);
#1186=AXIS2_PLACEMENT_3D('',#1810,#1440,#1441);
#1187=AXIS2_PLACEMENT_3D('',#1813,#1444,#1445);
#1188=AXIS2_PLACEMENT_3D('',#1815,#1447,#1448);
#1189=AXIS2_PLACEMENT_3D('',#1817,#1450,#1451);
#1190=AXIS2_PLACEMENT_3D('',#1818,#1452,#1453);
#1191=AXIS2_PLACEMENT_3D('',#1820,#1455,#1456);
#1192=AXIS2_PLACEMENT_3D('',#1822,#1458,#1459);
#1193=AXIS2_PLACEMENT_3D('',#1823,#1460,#1461);
#1194=AXIS2_PLACEMENT_3D('',#1828,#1463,#1464);
#1195=AXIS2_PLACEMENT_3D('',#1831,#1466,#1467);
#1196=AXIS2_PLACEMENT_3D('',#1832,#1468,#1469);
#1197=AXIS2_PLACEMENT_3D('',#1834,#1471,#1472);
#1198=AXIS2_PLACEMENT_3D('',#1836,#1474,#1475);
#1199=AXIS2_PLACEMENT_3D('',#1843,#1476,#1477);
#1200=AXIS2_PLACEMENT_3D('',#1872,#1478,#1479);
#1201=AXIS2_PLACEMENT_3D('',#1879,#1481,#1482);
#1202=AXIS2_PLACEMENT_3D('',#1883,#1485,#1486);
#1203=AXIS2_PLACEMENT_3D('',#1888,#1487,#1488);
#1204=AXIS2_PLACEMENT_3D('',#1889,#1489,#1490);
#1205=AXIS2_PLACEMENT_3D('',#1890,#1491,#1492);
#1206=AXIS2_PLACEMENT_3D('',#1892,#1493,#1494);
#1207=AXIS2_PLACEMENT_3D('',#1893,#1495,#1496);
#1208=AXIS2_PLACEMENT_3D('',#1895,#1497,#1498);
#1209=AXIS2_PLACEMENT_3D('',#1897,#1500,#1501);
#1210=AXIS2_PLACEMENT_3D('',#1898,#1502,#1503);
#1211=DIRECTION('axis',(0.,0.,1.));
#1212=DIRECTION('refdir',(1.,0.,0.));
#1213=DIRECTION('center_axis',(4.76276506344585E-14,-0.707106782085402,
0.707106780287693));
#1214=DIRECTION('ref_axis',(1.,0.,-6.73556695568394E-14));
#1215=DIRECTION('',(3.77705366613697E-14,0.707106780287693,0.707106782085402));
#1216=DIRECTION('',(-1.,-3.05311415708433E-16,6.70503581403548E-14));
#1217=DIRECTION('',(1.96261557086882E-17,-0.707106780287693,-0.707106782085402));
#1218=DIRECTION('',(1.,3.05311415708433E-16,-6.70503581403548E-14));
#1219=DIRECTION('center_axis',(-3.05311330475456E-16,1.,1.27117855672319E-9));
#1220=DIRECTION('ref_axis',(1.,3.05311417761206E-16,-6.86652279943553E-14));
#1221=DIRECTION('',(1.31605690892834E-13,-1.27117855672319E-9,1.));
#1222=DIRECTION('',(-1.,-3.0531141253681E-16,6.45553327517386E-14));
#1223=DIRECTION('',(0.,0.,1.));
#1224=DIRECTION('',(-1.,-3.05311330475456E-16,0.));
#1225=DIRECTION('',(-4.81174716050855E-15,1.27117855672319E-9,-1.));
#1226=DIRECTION('',(1.,3.05311420798124E-16,-7.10542735760089E-14));
#1227=DIRECTION('',(-1.31605690960773E-13,1.27117855672319E-9,-1.));
#1228=DIRECTION('',(-1.,-3.05311470193334E-16,1.09912079437865E-13));
#1229=DIRECTION('',(1.08135722598465E-13,-1.27117855672319E-9,1.));
#1230=DIRECTION('',(1.,3.05311470193334E-16,-1.09912079437864E-13));
#1231=DIRECTION('',(-9.74775815620629E-14,1.27117855672319E-9,-1.));
#1232=DIRECTION('',(-1.,-3.05311458903E-16,1.01030295240863E-13));
#1233=DIRECTION('',(1.08135722598465E-13,-1.27117855672319E-9,1.));
#1234=DIRECTION('',(1.,3.05311458903E-16,-1.01030295240863E-13));
#1235=DIRECTION('',(-9.74775815620629E-14,1.27117855672319E-9,-1.));
#1236=DIRECTION('center_axis',(3.05311330475456E-16,-1.,-1.27117855672319E-9));
#1237=DIRECTION('ref_axis',(1.,3.05311413741666E-16,-6.55031584528549E-14));
#1238=DIRECTION('center_axis',(3.05311330475456E-16,-1.,-1.27117855672319E-9));
#1239=DIRECTION('ref_axis',(1.,3.05311413741666E-16,-6.55031584528549E-14));
#1240=DIRECTION('center_axis',(-1.,-2.77555756157551E-17,4.12674871238234E-47));
#1241=DIRECTION('ref_axis',(-4.12888692415043E-47,7.70371977754893E-34,
-1.));
#1242=DIRECTION('',(2.77556535625478E-17,-1.,-1.27117855672319E-9));
#1243=DIRECTION('',(3.52836427293206E-26,-1.27122720197855E-9,1.));
#1244=DIRECTION('',(2.77555756157149E-17,-1.,-1.27122720197855E-9));
#1245=DIRECTION('',(-1.96261557585854E-17,0.707106782085429,-0.707106780287666));
#1246=DIRECTION('center_axis',(-4.5431625838632E-14,-0.707106780287666,
-0.707106782085429));
#1247=DIRECTION('ref_axis',(-1.,0.,6.4250021339978E-14));
#1248=DIRECTION('',(-3.77705367573969E-14,-0.707106782085429,0.707106780287666));
#1249=DIRECTION('',(1.,3.0531141253681E-16,-6.45553327517386E-14));
#1250=DIRECTION('center_axis',(-1.,-1.39824694071246E-14,-1.777116854895E-23));
#1251=DIRECTION('ref_axis',(9.89158248970671E-15,-0.707106780287765,-0.70710678208533));
#1252=DIRECTION('center_axis',(1.,0.,-5.9211894646675E-14));
#1253=DIRECTION('ref_axis',(9.89158248970671E-15,-0.707106780287765,-0.70710678208533));
#1254=DIRECTION('',(1.,1.39824694071246E-14,1.777116854895E-23));
#1255=DIRECTION('center_axis',(1.,-4.27263045539906E-14,-4.81174721482132E-15));
#1256=DIRECTION('ref_axis',(9.89158248970671E-15,-0.707106780287765,-0.70710678208533));
#1257=DIRECTION('',(-1.,-1.39824694071246E-14,-1.777116854895E-23));
#1258=DIRECTION('center_axis',(1.,0.,-5.9211894646675E-14));
#1259=DIRECTION('ref_axis',(-5.9211894646675E-14,0.,-1.));
#1260=DIRECTION('',(7.52559887120197E-23,1.,1.27096066020319E-9));
#1261=DIRECTION('',(-6.29613320544002E-14,1.27122720197855E-9,-1.));
#1262=DIRECTION('',(-7.52689003180276E-23,-1.,-1.27117871784321E-9));
#1263=DIRECTION('center_axis',(-1.,0.,5.9211894646675E-14));
#1264=DIRECTION('ref_axis',(-8.83177008009623E-14,-0.707106780287685,-0.70710678208541));
#1265=DIRECTION('',(5.9211894646675E-14,-1.27117871784321E-9,1.));
#1266=DIRECTION('center_axis',(1.,1.18783807257657E-23,-6.85562717706034E-14));
#1267=DIRECTION('ref_axis',(5.75270223309243E-14,5.58535473974391E-14,1.));
#1268=DIRECTION('',(5.9211894646675E-14,-1.27117871784321E-9,1.));
#1269=DIRECTION('center_axis',(0.,-1.27096066020319E-9,1.));
#1270=DIRECTION('ref_axis',(-2.35979280686939E-25,-1.,-1.27096066020319E-9));
#1271=DIRECTION('',(-2.35979280686939E-25,-1.,-1.27096066020319E-9));
#1272=DIRECTION('',(1.,0.,0.));
#1273=DIRECTION('center_axis',(1.,1.39824694071246E-14,1.777116854895E-23));
#1274=DIRECTION('ref_axis',(9.89158248970884E-15,-0.707106782085329,0.707106780287766));
#1275=DIRECTION('center_axis',(1.,0.,-5.9211894646675E-14));
#1276=DIRECTION('ref_axis',(9.89158248970884E-15,-0.707106782085329,0.707106780287766));
#1277=DIRECTION('',(1.,1.39824694071246E-14,1.777116854895E-23));
#1278=DIRECTION('center_axis',(1.,-4.27263045539906E-14,-4.81174721482132E-15));
#1279=DIRECTION('ref_axis',(9.89158248970884E-15,-0.707106782085329,0.707106780287766));
#1280=DIRECTION('',(-1.,-1.39824694071246E-14,-1.777116854895E-23));
#1281=DIRECTION('center_axis',(1.39824694071246E-14,-1.,-1.27117871784321E-9));
#1282=DIRECTION('ref_axis',(1.,1.39824694943E-14,-6.85784029902375E-14));
#1283=DIRECTION('',(-6.57046332624093E-14,1.27117909501314E-9,-1.));
#1284=DIRECTION('',(5.9211894646675E-14,-1.27117871784321E-9,1.));
#1285=DIRECTION('center_axis',(0.,1.,3.60001184129416E-9));
#1286=DIRECTION('ref_axis',(-2.01948391736579E-28,-3.60001184129416E-9,
1.));
#1287=DIRECTION('',(-6.29613320544002E-14,1.27122720197855E-9,-1.));
#1288=DIRECTION('',(-2.01948391736579E-28,-3.60001184129416E-9,1.));
#1289=DIRECTION('',(1.,0.,0.));
#1290=DIRECTION('center_axis',(0.,1.27096066020319E-9,-1.));
#1291=DIRECTION('ref_axis',(2.35979280686939E-25,1.,1.27096066020319E-9));
#1292=DIRECTION('',(-7.52559887120197E-23,-1.,-1.27096066020319E-9));
#1293=DIRECTION('',(2.35979280686939E-25,1.,1.27096066020319E-9));
#1294=DIRECTION('center_axis',(1.39824694071246E-14,-1.,-1.27117871784321E-9));
#1295=DIRECTION('ref_axis',(1.,1.39824694943E-14,-6.85784029902375E-14));
#1296=DIRECTION('',(-6.57046332624093E-14,1.27117909501314E-9,-1.));
#1297=DIRECTION('center_axis',(-6.45553327521267E-14,1.27122720197855E-9,
-1.));
#1298=DIRECTION('ref_axis',(-1.29638251029166E-14,1.,1.27122720197855E-9));
#1299=DIRECTION('',(-1.,-8.79257360505838E-16,6.4555332751009E-14));
#1300=DIRECTION('',(-5.34156052725197E-14,-1.,-1.27122720197855E-9));
#1301=DIRECTION('center_axis',(-1.,4.27263045539906E-14,4.81174721482132E-15));
#1302=DIRECTION('ref_axis',(-4.81174726913854E-15,-1.27128217707361E-9,
-1.));
#1303=DIRECTION('',(4.27263046380539E-14,1.,1.27122620547681E-9));
#1304=DIRECTION('',(0.,0.,1.));
#1305=DIRECTION('',(4.27263045601072E-14,1.,1.27117955322494E-9));
#1306=DIRECTION('center_axis',(-1.01030295240863E-13,5.2245789394125E-16,
-1.));
#1307=DIRECTION('ref_axis',(-1.,1.93270921778981E-28,1.01030295240863E-13));
#1308=DIRECTION('',(1.,8.79257406873802E-16,-1.01030295240863E-13));
#1309=DIRECTION('',(0.,1.,5.2245789394125E-16));
#1310=DIRECTION('',(0.,1.,5.2245789394125E-16));
#1311=DIRECTION('center_axis',(0.,0.,1.));
#1312=DIRECTION('ref_axis',(1.,0.,0.));
#1313=DIRECTION('',(-5.34156052725197E-14,-1.,5.55111512348298E-17));
#1314=DIRECTION('',(-1.,-8.79257278441343E-16,0.));
#1315=DIRECTION('',(4.27263046380539E-14,1.,1.27122620547681E-9));
#1316=DIRECTION('center_axis',(6.30272886234833E-14,-1.27122620547681E-9,
1.));
#1317=DIRECTION('ref_axis',(-5.6825753204583E-14,1.,1.2712266636886E-9));
#1318=DIRECTION('',(4.27263046380539E-14,1.,1.27122620547681E-9));
#1319=DIRECTION('center_axis',(0.,0.,1.));
#1320=DIRECTION('ref_axis',(-0.0384615384600541,-0.999260081289794,0.));
#1321=DIRECTION('center_axis',(0.,0.,1.));
#1322=DIRECTION('ref_axis',(5.34156052725197E-14,1.,-5.55111512348361E-17));
#1323=DIRECTION('center_axis',(-5.3332338545676E-14,-1.,-4.7850612361341E-14));
#1324=DIRECTION('ref_axis',(1.,-5.33323385456728E-14,-6.55031584528574E-14));
#1325=DIRECTION('center_axis',(8.79257278441343E-16,-1.,-1.27122720197855E-9));
#1326=DIRECTION('ref_axis',(1.,8.79257361710742E-16,-6.55031584528548E-14));
#1327=DIRECTION('',(-5.3332338545676E-14,-1.,-4.7850612361341E-14));
#1328=DIRECTION('center_axis',(-8.79257278441343E-16,1.,1.27122720197855E-9));
#1329=DIRECTION('ref_axis',(1.,8.79257358452969E-16,-6.29404628970084E-14));
#1330=DIRECTION('',(6.79033704325762E-23,1.27122720197855E-9,-1.));
#1331=DIRECTION('',(-1.,-8.79257441621142E-16,6.70503581396252E-14));
#1332=DIRECTION('',(1.31605690960773E-13,-1.27117855672319E-9,1.));
#1333=DIRECTION('',(1.,8.79257368767468E-16,-7.10542735760089E-14));
#1334=DIRECTION('',(-4.81174716050856E-15,1.27117855672319E-9,-1.));
#1335=DIRECTION('',(1.,8.79257365620074E-16,-6.8578403006894E-14));
#1336=DIRECTION('',(-6.29613320544002E-14,1.27122720197855E-9,-1.));
#1337=DIRECTION('',(-1.,-8.79257358563346E-16,6.30272878837401E-14));
#1338=DIRECTION('',(6.30343730428624E-14,-1.27122639900048E-9,1.));
#1339=DIRECTION('center_axis',(8.79257278441343E-16,-1.,-1.27122720197855E-9));
#1340=DIRECTION('ref_axis',(1.,8.79257361710742E-16,-6.55031584528548E-14));
#1341=DIRECTION('',(-1.,-8.79257418164568E-16,1.09912079437865E-13));
#1342=DIRECTION('',(-1.08135722598464E-13,1.27122720197855E-9,-1.));
#1343=DIRECTION('',(1.,8.79257418164568E-16,-1.09912079437864E-13));
#1344=DIRECTION('',(9.39248678832618E-14,-1.27122720197855E-9,1.));
#1345=DIRECTION('',(1.08135722598465E-13,-1.27122720197855E-9,1.));
#1346=DIRECTION('',(-1.,-8.79257406873802E-16,1.01030295240863E-13));
#1347=DIRECTION('',(-9.74775815620629E-14,1.27122720197855E-9,-1.));
#1348=DIRECTION('center_axis',(-5.3332338545676E-14,-1.,-4.7850612361341E-14));
#1349=DIRECTION('ref_axis',(1.,-5.33323385456728E-14,-6.55031584528574E-14));
#1350=DIRECTION('',(5.3332338545676E-14,1.,4.7850612361341E-14));
#1351=DIRECTION('center_axis',(1.,-5.6362832443442E-14,-6.30343731145123E-14));
#1352=DIRECTION('ref_axis',(4.7102773760513E-15,-0.707106782085438,0.707106780287657));
#1353=DIRECTION('center_axis',(-1.,4.27263044768701E-14,1.26793943786676E-13));
#1354=DIRECTION('ref_axis',(4.7102773760513E-15,-0.707106782085438,0.707106780287657));
#1355=DIRECTION('',(-1.,5.6362832443442E-14,6.30343731145123E-14));
#1356=DIRECTION('center_axis',(-1.,0.,5.9211894646675E-14));
#1357=DIRECTION('ref_axis',(4.7102773760513E-15,-0.707106782085438,0.707106780287657));
#1358=DIRECTION('',(1.,-5.6362832443442E-14,-6.30343731145123E-14));
#1359=DIRECTION('center_axis',(1.,-4.27263044768701E-14,-1.26793943786676E-13));
#1360=DIRECTION('ref_axis',(1.26793943623731E-13,-3.81368793577536E-9,1.));
#1361=DIRECTION('',(6.30343730428624E-14,-1.27122639900048E-9,1.));
#1362=DIRECTION('',(-1.26793943678046E-13,2.54246148978446E-9,-1.));
#1363=DIRECTION('center_axis',(1.,-4.27263044768701E-14,-1.26793943786676E-13));
#1364=DIRECTION('ref_axis',(-7.40786685619452E-14,2.54246161224914E-9,-1.));
#1365=DIRECTION('',(-6.59010576304602E-14,1.2712266636886E-9,-1.));
#1366=DIRECTION('',(4.27263046380539E-14,1.,1.27122624954554E-9));
#1367=DIRECTION('center_axis',(-5.63628325235729E-14,-1.,-1.27122639900048E-9));
#1368=DIRECTION('ref_axis',(1.,-5.6362832443451E-14,-6.30272879565078E-14));
#1369=DIRECTION('',(5.9211894646675E-14,-1.27122639900048E-9,1.));
#1370=DIRECTION('',(6.29613320544002E-14,-2.54246148978446E-9,1.));
#1371=DIRECTION('',(-1.,5.6362832443451E-14,6.30272879565078E-14));
#1372=DIRECTION('center_axis',(-1.,5.63628323584789E-14,6.85562718422506E-14));
#1373=DIRECTION('ref_axis',(-8.83177008009623E-14,-0.707106780287685,-0.70710678208541));
#1374=DIRECTION('center_axis',(-1.,4.27263045539906E-14,4.81174721482132E-15));
#1375=DIRECTION('ref_axis',(-8.83177008009623E-14,-0.707106780287685,-0.70710678208541));
#1376=DIRECTION('',(-1.,5.63628323584789E-14,6.85562718422506E-14));
#1377=DIRECTION('',(1.,-5.63628323584789E-14,-6.85562718422506E-14));
#1378=DIRECTION('center_axis',(-6.85562717706034E-14,1.27117871784321E-9,
-1.));
#1379=DIRECTION('ref_axis',(-1.,0.,6.85562717706034E-14));
#1380=DIRECTION('',(-4.27263045601072E-14,-1.,-1.2711795091562E-9));
#1381=DIRECTION('center_axis',(6.30343730428624E-14,-1.27122639900048E-9,
1.));
#1382=DIRECTION('ref_axis',(1.,0.,-6.30343730428624E-14));
#1383=DIRECTION('',(7.52717236096883E-23,1.,1.27122639900048E-9));
#1384=DIRECTION('center_axis',(-5.63628324456262E-14,-1.,-1.27117871784321E-9));
#1385=DIRECTION('ref_axis',(-1.,5.63628323584508E-14,6.8578403079659E-14));
#1386=DIRECTION('',(-6.85562717706034E-14,1.27117871784321E-9,-1.));
#1387=DIRECTION('',(1.,-5.63628323584508E-14,-6.8578403079659E-14));
#1388=DIRECTION('',(6.85562717706034E-14,5.57310827176945E-14,1.));
#1389=DIRECTION('center_axis',(1.,0.,-5.9211894646675E-14));
#1390=DIRECTION('ref_axis',(-5.9211894646675E-14,0.,-1.));
#1391=DIRECTION('center_axis',(1.,4.76638325372829E-24,-6.29613320544002E-14));
#1392=DIRECTION('ref_axis',(-7.40786685619452E-14,2.54246161224914E-9,-1.));
#1393=DIRECTION('center_axis',(1.,-5.639058799211E-14,-7.36299180755601E-14));
#1394=DIRECTION('ref_axis',(7.31813469282635E-14,3.18285087758213E-6,0.999999999994935));
#1395=DIRECTION('center_axis',(1.,-4.27263044768701E-14,-1.26793943786676E-13));
#1396=DIRECTION('ref_axis',(-7.40786685619452E-14,2.54246161224914E-9,-1.));
#1397=DIRECTION('center_axis',(1.,1.38004351465321E-14,-6.42969470120908E-14));
#1398=DIRECTION('ref_axis',(-7.40786685619452E-14,2.54246161224914E-9,-1.));
#1399=DIRECTION('center_axis',(-5.63628326036954E-14,-1.,-2.54246148978446E-9));
#1400=DIRECTION('ref_axis',(-7.40786685619452E-14,2.54246148978446E-9,-1.));
#1401=DIRECTION('',(6.42969470471779E-14,-2.54246148978446E-9,1.));
#1402=DIRECTION('center_axis',(-5.69115811462647E-26,5.55111512348361E-17,
1.));
#1403=DIRECTION('ref_axis',(5.34156052725197E-14,1.,-5.55111512348361E-17));
#1404=DIRECTION('',(-5.69115811462647E-26,5.55111512348361E-17,1.));
#1405=DIRECTION('center_axis',(-5.69115811462647E-26,5.55111512348361E-17,
1.));
#1406=DIRECTION('ref_axis',(5.34156052725197E-14,1.,-5.55111512348361E-17));
#1407=DIRECTION('center_axis',(-5.69115811462647E-26,5.55111512348361E-17,
1.));
#1408=DIRECTION('ref_axis',(5.34156052725197E-14,1.,-5.55111512348361E-17));
#1409=DIRECTION('center_axis',(-1.,5.34156052725197E-14,0.));
#1410=DIRECTION('ref_axis',(-5.34156052725197E-14,-1.,5.55111512348298E-17));
#1411=DIRECTION('center_axis',(-1.,-1.38004351465321E-14,6.42969470120908E-14));
#1412=DIRECTION('ref_axis',(-6.42969470120908E-14,1.22464679704423E-16,
-1.));
#1413=DIRECTION('',(-6.42969470471779E-14,2.54246148978446E-9,-1.));
#1414=DIRECTION('center_axis',(1.,1.38004351465321E-14,-6.42969470120908E-14));
#1415=DIRECTION('ref_axis',(-7.40786685619452E-14,2.54246161224914E-9,-1.));
#1416=DIRECTION('center_axis',(-6.59010576304602E-14,1.2712266636886E-9,
-1.));
#1417=DIRECTION('ref_axis',(-6.86681351596209E-14,1.,1.2712266636886E-9));
#1418=DIRECTION('',(4.81174716050855E-15,-1.27117871784321E-9,1.));
#1419=DIRECTION('center_axis',(-5.63905881793112E-14,-1.,-2.54246148978446E-9));
#1420=DIRECTION('ref_axis',(-6.29717768957877E-14,2.54246148978446E-9,-1.));
#1421=DIRECTION('',(-1.26793943678046E-13,2.54246148978446E-9,-1.));
#1422=DIRECTION('center_axis',(1.,-5.639058799211E-14,-7.36299180755601E-14));
#1423=DIRECTION('ref_axis',(-7.40786685619452E-14,2.54246161224914E-9,-1.));
#1424=DIRECTION('center_axis',(-1.,4.27263045539906E-14,4.81174721482132E-15));
#1425=DIRECTION('ref_axis',(-7.40786685619452E-14,2.54246161224914E-9,-1.));
#1426=DIRECTION('center_axis',(0.,0.,-1.));
#1427=DIRECTION('ref_axis',(-0.0384615384600541,-0.999260081289794,0.));
#1428=DIRECTION('',(0.,0.,-1.));
#1429=DIRECTION('center_axis',(-7.10542735760089E-14,1.11022302462138E-15,
-1.));
#1430=DIRECTION('ref_axis',(-0.0384615384600541,-0.999260081289794,0.));
#1431=DIRECTION('center_axis',(-1.,4.27263045539906E-14,4.81174721482132E-15));
#1432=DIRECTION('ref_axis',(-4.81174726913854E-15,-1.27128217707361E-9,
-1.));
#1433=DIRECTION('center_axis',(-1.,4.27263045539906E-14,4.81174721482132E-15));
#1434=DIRECTION('ref_axis',(5.75270223309243E-14,5.58535473980506E-14,1.));
#1435=DIRECTION('',(4.81174721482371E-15,5.57310827176979E-14,1.));
#1436=DIRECTION('center_axis',(-1.,4.27263045539906E-14,4.81174721482132E-15));
#1437=DIRECTION('ref_axis',(5.75270223309243E-14,5.58535473980506E-14,1.));
#1438=DIRECTION('',(-6.57046332624093E-14,1.27117909501314E-9,-1.));
#1439=DIRECTION('',(4.27263045601072E-14,1.,1.27117955322494E-9));
#1440=DIRECTION('center_axis',(-1.09912079437864E-13,5.2245789394125E-16,
-1.));
#1441=DIRECTION('ref_axis',(-1.,1.97412441531389E-28,1.09912079437864E-13));
#1442=DIRECTION('',(0.,1.,5.2245789394125E-16));
#1443=DIRECTION('',(0.,1.,5.2245789394125E-16));
#1444=DIRECTION('center_axis',(1.,5.64963618886091E-29,-1.08135722598465E-13));
#1445=DIRECTION('ref_axis',(-1.08135722598465E-13,5.67979851759128E-29,
-1.));
#1446=DIRECTION('',(0.,1.,5.2245789394125E-16));
#1447=DIRECTION('center_axis',(1.09912079437865E-13,-5.2245789394125E-16,
1.));
#1448=DIRECTION('ref_axis',(1.,-1.97412441531371E-28,-1.09912079437865E-13));
#1449=DIRECTION('',(0.,1.,5.2245789394125E-16));
#1450=DIRECTION('center_axis',(-1.,-5.09279319694018E-29,9.74775815620628E-14));
#1451=DIRECTION('ref_axis',(9.74775815620629E-14,-4.44089209850132E-16,
1.));
#1452=DIRECTION('center_axis',(-1.,-5.09279319694018E-29,9.74775815620628E-14));
#1453=DIRECTION('ref_axis',(9.74775815620629E-14,-4.44089209850132E-16,
1.));
#1454=DIRECTION('',(0.,1.,5.2245789394125E-16));
#1455=DIRECTION('center_axis',(1.,5.64963618886091E-29,-1.08135722598465E-13));
#1456=DIRECTION('ref_axis',(-1.08135722598465E-13,5.67979851759128E-29,
-1.));
#1457=DIRECTION('',(0.,1.,5.2245789394125E-16));
#1458=DIRECTION('center_axis',(1.01030295240863E-13,-5.2245789394125E-16,
1.));
#1459=DIRECTION('ref_axis',(1.,2.77555756156102E-16,-1.01030295240863E-13));
#1460=DIRECTION('center_axis',(-1.,-1.38004351465321E-14,6.42969470120908E-14));
#1461=DIRECTION('ref_axis',(-6.42969470120908E-14,1.22464679704442E-16,
-1.));
#1462=DIRECTION('',(6.429694701209E-14,5.57310827176947E-14,1.));
#1463=DIRECTION('center_axis',(-1.,-1.38004351465321E-14,6.42969470120908E-14));
#1464=DIRECTION('ref_axis',(5.75270223309243E-14,5.58535473974391E-14,1.));
#1465=DIRECTION('',(-6.429694701209E-14,-5.57310827176947E-14,-1.));
#1466=DIRECTION('center_axis',(-1.,-1.38004351465321E-14,6.42969470120908E-14));
#1467=DIRECTION('ref_axis',(5.75270223309243E-14,5.58535473974391E-14,1.));
#1468=DIRECTION('center_axis',(-6.70503581407429E-14,1.27117855672319E-9,
-1.));
#1469=DIRECTION('ref_axis',(-1.29638251808634E-14,1.,1.27117855672319E-9));
#1470=DIRECTION('',(-5.34156051945729E-14,-1.,-1.27117855672319E-9));
#1471=DIRECTION('center_axis',(-1.,5.34156052725197E-14,0.));
#1472=DIRECTION('ref_axis',(-5.34156052725197E-14,-1.,5.55111512348298E-17));
#1473=DIRECTION('',(-5.34156050272787E-14,-1.,-1.11022302461759E-15));
#1474=DIRECTION('center_axis',(1.,-5.6390587934066E-14,-5.79757729606773E-14));
#1475=DIRECTION('ref_axis',(5.75270223309243E-14,5.58535473974391E-14,1.));
#1476=DIRECTION('center_axis',(-1.,4.27263045539906E-14,4.81174721482132E-15));
#1477=DIRECTION('ref_axis',(5.75270223309243E-14,5.58535473980506E-14,1.));
#1478=DIRECTION('center_axis',(5.63628323584469E-14,1.,-5.57310827176984E-14));
#1479=DIRECTION('ref_axis',(5.75270223309243E-14,5.57310827176951E-14,1.));
#1480=DIRECTION('',(4.81174721482371E-15,5.57310827176979E-14,1.));
#1481=DIRECTION('center_axis',(-1.,4.27263045539906E-14,4.81174721482132E-15));
#1482=DIRECTION('ref_axis',(-4.81174726913854E-15,-1.27128217707361E-9,
-1.));
#1483=DIRECTION('',(4.27263045601072E-14,1.,1.27117955322494E-9));
#1484=DIRECTION('',(6.57046332624093E-14,-1.27117909501314E-9,1.));
#1485=DIRECTION('center_axis',(5.63905879340628E-14,1.,-5.57310827176984E-14));
#1486=DIRECTION('ref_axis',(6.86339139970819E-14,5.57310827176945E-14,1.));
#1487=DIRECTION('center_axis',(-6.57046332624093E-14,1.27117909501314E-9,
-1.));
#1488=DIRECTION('ref_axis',(-6.86681352375676E-14,1.,1.27117909501314E-9));
#1489=DIRECTION('center_axis',(-7.10542735760089E-14,1.11022302462138E-15,
-1.));
#1490=DIRECTION('ref_axis',(-6.86681353210899E-14,1.,1.11022302462517E-15));
#1491=DIRECTION('center_axis',(5.69115811462647E-26,-5.55111512348361E-17,
-1.));
#1492=DIRECTION('ref_axis',(-5.34156052725197E-14,-1.,5.55111512348361E-17));
#1493=DIRECTION('center_axis',(5.69115811462647E-26,-5.55111512348361E-17,
-1.));
#1494=DIRECTION('ref_axis',(-5.34156052725197E-14,-1.,5.55111512348361E-17));
#1495=DIRECTION('center_axis',(5.69115811462647E-26,-5.55111512348361E-17,
-1.));
#1496=DIRECTION('ref_axis',(-5.34156052725197E-14,-1.,5.55111512348361E-17));
#1497=DIRECTION('center_axis',(-7.10542735760089E-14,1.11022302462138E-15,
-1.));
#1498=DIRECTION('ref_axis',(-5.34156052725197E-14,-1.,5.55111512348361E-17));
#1499=DIRECTION('',(5.69115811462647E-26,-5.55111512348361E-17,-1.));
#1500=DIRECTION('center_axis',(1.,-5.6390587934066E-14,-5.79757729606773E-14));
#1501=DIRECTION('ref_axis',(-5.84243439967718E-14,3.18481104863593E-6,-0.999999999994929));
#1502=DIRECTION('center_axis',(-7.10542735760089E-14,1.11022302462138E-15,
-1.));
#1503=DIRECTION('ref_axis',(-5.35960165135435E-14,1.,1.1102230246252E-15));
#1504=CARTESIAN_POINT('',(0.,0.,0.));
#1505=CARTESIAN_POINT('Origin',(-15.3506860822486,82.3191684352087,-58.4058868520222));
#1506=CARTESIAN_POINT('',(-11.001186082257,81.3191684364799,-59.4058868532937));
#1507=CARTESIAN_POINT('',(-11.0011860822566,83.3191684339375,-57.4058868507513));
#1508=CARTESIAN_POINT('',(-11.001186082257,74.2941993178388,-66.4308559897946));
#1509=CARTESIAN_POINT('',(-16.9011860822555,83.3191684339375,-57.4058868507509));
#1510=CARTESIAN_POINT('',(-15.3506860822485,83.3191684339375,-57.405886850751));
#1511=CARTESIAN_POINT('',(-16.9011860822557,81.3191684364799,-59.4058868532933));
#1512=CARTESIAN_POINT('',(-16.9011860822554,73.0556338373913,-67.6694214733906));
#1513=CARTESIAN_POINT('',(-15.3506860822486,81.3191684364799,-59.4058868532934));
#1514=CARTESIAN_POINT('Origin',(-16.9011860822419,81.3191684596153,-77.6058868973102));
#1515=CARTESIAN_POINT('',(-16.9011860822618,81.319168494954,-105.405852923734));
#1516=CARTESIAN_POINT('',(-16.9011860822587,81.3191684654279,-82.1785005876107));
#1517=CARTESIAN_POINT('',(-11.0011860822566,81.3191684569458,-105.405852923734));
#1518=CARTESIAN_POINT('',(-15.35068608225,81.319168494954,-105.405852923734));
#1519=CARTESIAN_POINT('',(-11.0011860822566,81.3191683123479,-103.105851935621));
#1520=CARTESIAN_POINT('',(-11.0011860822566,81.3191684569458,-78.8156699224093));
#1521=CARTESIAN_POINT('',(-0.601186082228463,81.3191684744805,-103.105852361218));
#1522=CARTESIAN_POINT('',(-12.1011860822477,81.3191684920303,-103.105851935621));
#1523=CARTESIAN_POINT('',(-0.60118608222913,81.3191684394036,-61.7058874158112));
#1524=CARTESIAN_POINT('',(-0.601186082229193,81.319168453895,-73.10588688247));
#1525=CARTESIAN_POINT('',(-11.0011860822573,81.319168277271,-61.7058878414065));
#1526=CARTESIAN_POINT('',(-14.8951860822484,81.3191684394036,-61.7058874037323));
#1527=CARTESIAN_POINT('',(-11.0011860822581,81.3191684467764,-67.5058868579812));
#1528=CARTESIAN_POINT('',(-10.9011860822516,81.3191684569458,-63.5194946235339));
#1529=CARTESIAN_POINT('',(-14.9011860822515,81.3191684569458,-63.5194946235335));
#1530=CARTESIAN_POINT('',(-15.9011860822459,81.319168441709,-63.5194946235334));
#1531=CARTESIAN_POINT('',(-10.9011860822518,81.3191684569458,-66.0194946235339));
#1532=CARTESIAN_POINT('',(-10.9011860822538,81.3191684554271,-74.3111277828764));
#1533=CARTESIAN_POINT('',(-14.9011860822517,81.3191684569458,-66.0194946235335));
#1534=CARTESIAN_POINT('',(-13.9011860822462,81.3191684448869,-66.0194946235336));
#1535=CARTESIAN_POINT('',(-14.9011860822539,81.319168457016,-75.561127782876));
#1536=CARTESIAN_POINT('',(-10.9011860822535,81.3191684569458,-71.016368668442));
#1537=CARTESIAN_POINT('',(-14.9011860822534,81.3191684569458,-71.0163686684416));
#1538=CARTESIAN_POINT('',(-15.9011860822473,81.3191684512389,-71.0163686684415));
#1539=CARTESIAN_POINT('',(-10.9011860822537,81.3191684569458,-73.5163686684419));
#1540=CARTESIAN_POINT('',(-10.9011860822538,81.3191684554271,-74.3111277828764));
#1541=CARTESIAN_POINT('',(-14.9011860822537,81.3191684569458,-73.5163686684415));
#1542=CARTESIAN_POINT('',(-13.9011860822476,81.3191684544168,-73.5163686684416));
#1543=CARTESIAN_POINT('',(-14.9011860822539,81.319168457016,-75.561127782876));
#1544=CARTESIAN_POINT('',(-10.9126005829401,81.319168446474,-68.5178868268542));
#1545=CARTESIAN_POINT('Origin',(-9.66260058294008,81.3191684480628,-68.5178868268542));
#1546=CARTESIAN_POINT('',(-10.9126005829422,81.3191684816403,-96.2938519874726));
#1547=CARTESIAN_POINT('Origin',(-9.66260058294221,81.319168483371,-96.2938519874727));
#1548=CARTESIAN_POINT('Origin',(-16.9011860822554,90.2001686997791,-103.341025487826));
#1549=CARTESIAN_POINT('',(-16.9011860822555,99.2191678962844,-57.4058868240711));
#1550=CARTESIAN_POINT('',(-16.9011860822555,91.7851687856704,-57.4058868399891));
#1551=CARTESIAN_POINT('',(-16.9011860822554,99.2191679422936,-107.405852907447));
#1552=CARTESIAN_POINT('',(-16.9011860822554,99.2191682627244,-91.6332391886696));
#1553=CARTESIAN_POINT('',(-16.9011860822554,83.3191684974964,-107.405852921191));
#1554=CARTESIAN_POINT('',(-16.9011860822554,91.7851688316796,-107.405852910429));
#1555=CARTESIAN_POINT('',(-16.9011860822554,83.5232116934638,-107.60989611664));
#1556=CARTESIAN_POINT('Origin',(-15.35068608225,82.3191684962252,-106.405852922462));
#1557=CARTESIAN_POINT('',(-11.0011860822565,83.3191684974964,-107.405852921191));
#1558=CARTESIAN_POINT('',(-11.0011860822563,86.7941909092735,-110.880875324134));
#1559=CARTESIAN_POINT('',(-15.3506860822501,83.3191684974964,-107.405852921191));
#1560=CARTESIAN_POINT('Origin',(-3.30118608225455,98.1225057690568,-76.3058698671547));
#1561=CARTESIAN_POINT('',(-3.30118608224803,93.1225057690568,-76.3058698735106));
#1562=CARTESIAN_POINT('',(-3.30118608224832,98.1225057754116,-81.3058698671547));
#1563=CARTESIAN_POINT('Origin',(-3.30118608224923,98.1225057690568,-76.3058698671547));
#1564=CARTESIAN_POINT('',(-0.60118608222875,93.1225053071622,-76.3058698735106));
#1565=CARTESIAN_POINT('',(-3.30118608225448,93.1225057690568,-76.3058698735106));
#1566=CARTESIAN_POINT('',(-0.601186082261065,98.1225057754116,-81.3058698671547));
#1567=CARTESIAN_POINT('Origin',(-0.601186082228857,98.1225057690568,-76.3058698671547));
#1568=CARTESIAN_POINT('',(-3.30118608225455,98.1225057754116,-81.3058698671547));
#1569=CARTESIAN_POINT('Origin',(-3.30118608224909,87.7251687016852,-94.1983611616131));
#1570=CARTESIAN_POINT('',(-3.30118608226107,99.2191682335276,-81.3058698657609));
#1571=CARTESIAN_POINT('',(-3.30118608224832,93.4721684594135,-81.3058698730651));
#1572=CARTESIAN_POINT('',(-3.30118608224733,99.2191682100857,-75.5058868745573));
#1573=CARTESIAN_POINT('',(-3.3011860822508,99.219168269872,-122.536252878971));
#1574=CARTESIAN_POINT('',(-3.30118608224798,98.1191682469937,-75.5058868759557));
#1575=CARTESIAN_POINT('',(-3.30118608224798,88.9971685181426,-75.5058868875513));
#1576=CARTESIAN_POINT('',(-3.30118608224786,96.1191682444514,-73.505886878498));
#1577=CARTESIAN_POINT('Origin',(-3.30118608224708,98.1191682444514,-73.5058868759556));
#1578=CARTESIAN_POINT('',(-3.30118608224772,96.119168242065,-71.7516127355616));
#1579=CARTESIAN_POINT('',(-3.30118608224842,96.1191682563321,-82.8521240147204));
#1580=CARTESIAN_POINT('',(-3.30118608224772,93.1225057632699,-71.753504204734));
#1581=CARTESIAN_POINT('Origin',(-3.30118608224787,94.6191674592021,-69.1074498273505));
#1582=CARTESIAN_POINT('',(-3.30118608224853,93.1225057799206,-84.8521240185297));
#1583=CARTESIAN_POINT('Origin',(-3.30118608226107,99.2191682335276,-81.3058698657609));
#1584=CARTESIAN_POINT('',(-0.601186082261065,99.2191682335276,-81.3058698657609));
#1585=CARTESIAN_POINT('',(-0.601186082261065,99.2191682335276,-81.3058698657609));
#1586=CARTESIAN_POINT('',(-3.30118608226107,99.2191682335276,-81.3058698657609));
#1587=CARTESIAN_POINT('Origin',(-3.30118608225459,98.1225057845651,-88.5058698671547));
#1588=CARTESIAN_POINT('',(-3.30118608224845,98.1225057782103,-83.5058698671547));
#1589=CARTESIAN_POINT('',(-3.30118608224875,93.1225057845651,-88.5058698735106));
#1590=CARTESIAN_POINT('Origin',(-3.30118608224923,98.1225057845651,-88.5058698671547));
#1591=CARTESIAN_POINT('',(-0.601186082261065,98.1225057782104,-83.5058698671547));
#1592=CARTESIAN_POINT('',(-3.30118608225459,98.1225057782103,-83.5058698671547));
#1593=CARTESIAN_POINT('',(-0.601186082229552,93.1225053226706,-88.5058698735106));
#1594=CARTESIAN_POINT('Origin',(-0.601186082228857,98.1225057845652,-88.5058698671547));
#1595=CARTESIAN_POINT('',(-3.30118608225452,93.1225057845651,-88.5058698735106));
#1596=CARTESIAN_POINT('Origin',(-3.30118608224798,93.1225057680398,-75.5058868823073));
#1597=CARTESIAN_POINT('',(-0.601186082226372,93.1225053093912,-91.8657482186947));
#1598=CARTESIAN_POINT('',(-0.601186082228704,93.1225053062724,-75.6058868823075));
#1599=CARTESIAN_POINT('',(-3.30118608225,93.1225057728099,-93.0582355422829));
#1600=CARTESIAN_POINT('Ctrl Pts',(-3.301186082251,93.1225058224879,-93.0582355141845));
#1601=CARTESIAN_POINT('Ctrl Pts',(-2.19944496451565,93.1225058218443,-92.551928009042));
#1602=CARTESIAN_POINT('Ctrl Pts',(-0.601186154535364,93.1225058209721,-91.8657480502717));
#1603=CARTESIAN_POINT('',(-3.30118608224853,93.1225057799206,-84.8521240185297));
#1604=CARTESIAN_POINT('Origin',(-3.30118608226107,99.2191682388856,-83.5058698657609));
#1605=CARTESIAN_POINT('',(-3.30118608226107,99.2191682363237,-83.5058698657609));
#1606=CARTESIAN_POINT('',(-3.3011860822508,99.219168269872,-122.536252878971));
#1607=CARTESIAN_POINT('',(-0.601186082261065,99.2191682363237,-83.5058698657609));
#1608=CARTESIAN_POINT('',(-0.601186082261065,99.2191682597657,-89.3058528569633));
#1609=CARTESIAN_POINT('',(-3.30118608226107,99.2191682363237,-83.5058698657609));
#1610=CARTESIAN_POINT('Origin',(-3.30118608226107,93.1225057694379,-83.5058698735095));
#1611=CARTESIAN_POINT('',(-3.30118608224845,90.4238372287667,-83.5058698769394));
#1612=CARTESIAN_POINT('',(-0.601186082261065,99.2191682363237,-83.5058698657609));
#1613=CARTESIAN_POINT('Origin',(-3.30118608224798,93.1225057680398,-75.5058868823073));
#1614=CARTESIAN_POINT('',(-0.601186082228509,93.1225053028912,-72.9459915283254));
#1615=CARTESIAN_POINT('Ctrl Pts',(-0.601186147514641,93.1225057647858,-72.9459916803906));
#1616=CARTESIAN_POINT('Ctrl Pts',(-2.19944491110574,93.1225057639135,-72.2598117381443));
#1617=CARTESIAN_POINT('Ctrl Pts',(-3.301186082248,93.1225057632699,-71.7535042047339));
#1618=CARTESIAN_POINT('',(-0.601186082228704,93.1225053062724,-75.6058868823075));
#1619=CARTESIAN_POINT('Origin',(-13.8001860822564,93.3701689360488,-107.405852908414));
#1620=CARTESIAN_POINT('',(-11.0011860822557,99.2191679422935,-107.405852935621));
#1621=CARTESIAN_POINT('',(-15.3506860821379,99.219168282775,-107.405852900979));
#1622=CARTESIAN_POINT('',(-11.0011860822558,96.2947135141711,-107.405852904697));
#1623=CARTESIAN_POINT('Origin',(-0.601186082228757,90.9941678425007,-68.6058868553311));
#1624=CARTESIAN_POINT('',(-0.601186082228378,83.3210918247623,-103.105852358673));
#1625=CARTESIAN_POINT('',(-0.601186082228065,90.6316681258949,-103.105852349379));
#1626=CARTESIAN_POINT('',(-0.601186082229059,83.3210917896854,-61.7058874132664));
#1627=CARTESIAN_POINT('',(-0.601186082229118,83.3210918072276,-75.5058869091976));
#1628=CARTESIAN_POINT('',(-0.60118608222874,90.631668090818,-61.7058874039734));
#1629=CARTESIAN_POINT('Origin',(-10.9011860822537,81.3191684569458,-73.5163686684419));
#1630=CARTESIAN_POINT('',(-14.9011860822537,99.2191682075566,-73.5163686684415));
#1631=CARTESIAN_POINT('',(-10.9011860822537,99.2191682075566,-73.5163686684419));
#1632=CARTESIAN_POINT('',(-13.9011860821337,99.2191682075566,-73.5163686684416));
#1633=CARTESIAN_POINT('',(-14.9011860822537,81.3191684569458,-73.5163686684415));
#1634=CARTESIAN_POINT('',(-10.9011860822537,81.3191684569458,-73.5163686684419));
#1635=CARTESIAN_POINT('Origin',(-7.30118608225357,90.2692132023207,-103.105851935621));
#1636=CARTESIAN_POINT('',(-11.0011860822557,99.2191679422935,-103.105851935621));
#1637=CARTESIAN_POINT('',(-11.0011860822551,109.857300005372,-103.105851935621));
#1638=CARTESIAN_POINT('',(-0.601186082227698,99.2191682773087,-103.105852338463));
#1639=CARTESIAN_POINT('',(-12.1011860821364,99.2191682773087,-103.105851935621));
#1640=CARTESIAN_POINT('',(-0.601186082227831,96.115831233099,-103.105852342408));
#1641=CARTESIAN_POINT('',(-0.601186082228065,90.6316681258949,-103.105852349379));
#1642=CARTESIAN_POINT('',(-0.601186082227959,93.1225053236798,-103.105852346213));
#1643=CARTESIAN_POINT('Origin',(-0.501186082228643,94.6191682783894,-103.10585234431));
#1644=CARTESIAN_POINT('',(-0.601186082228156,88.5172442474692,-103.105852352067));
#1645=CARTESIAN_POINT('',(-0.601186082228065,90.6316681258949,-103.105852349379));
#1646=CARTESIAN_POINT('Origin',(-0.501186082233751,85.919168018581,-103.105851935621));
#1647=CARTESIAN_POINT('',(-6.63818608225533,89.019258633722,-103.105851935621));
#1648=CARTESIAN_POINT('Origin',(-6.63818608225526,90.269258633722,-103.105851935621));
#1649=CARTESIAN_POINT('Origin',(-9.66260058293953,91.6192584272468,-68.5178868268537));
#1650=CARTESIAN_POINT('',(-10.9126005829391,99.2191681988989,-68.5178868268533));
#1651=CARTESIAN_POINT('Origin',(-9.66260058293912,99.2191681988989,-68.5178868268534));
#1652=CARTESIAN_POINT('',(-10.9126005829395,91.6192584272469,-68.5178868268537));
#1653=CARTESIAN_POINT('Origin',(-16.9011860820193,99.2191682799783,-130.486252900979));
#1654=CARTESIAN_POINT('',(-11.0011860822557,99.2191682813766,-106.3058529183));
#1655=CARTESIAN_POINT('',(-11.0011860822558,99.2191678962843,-57.4058867958975));
#1656=CARTESIAN_POINT('',(-15.350686082138,99.2191682367658,-57.4058868305393));
#1657=CARTESIAN_POINT('',(-11.0011860822563,99.2191679072166,-61.7058877958975));
#1658=CARTESIAN_POINT('',(-11.0011860822559,99.2191682381641,-58.5058868132187));
#1659=CARTESIAN_POINT('',(-0.601186082228349,99.2191682422318,-61.7058873930571));
#1660=CARTESIAN_POINT('',(-14.8951860821353,99.2191681925428,-61.7058874037323));
#1661=CARTESIAN_POINT('',(-0.601186082228455,99.2191682597741,-75.5058868745575));
#1662=CARTESIAN_POINT('',(-0.601186082228384,99.2191682452827,-64.1058868377075));
#1663=CARTESIAN_POINT('',(-11.3511860821259,99.2191682100855,-75.5058868745568));
#1664=CARTESIAN_POINT('',(-3.30118608224984,99.2191682597658,-89.3058528569622));
#1665=CARTESIAN_POINT('',(-3.3011860822508,99.219168269872,-122.536252878971));
#1666=CARTESIAN_POINT('',(-0.601186082225949,99.2191682597658,-89.3058528569624));
#1667=CARTESIAN_POINT('',(-11.3511860821261,99.2191682597658,-89.3058528569617));
#1668=CARTESIAN_POINT('',(-0.601186082226188,99.2191682645964,-93.1058528569624));
#1669=CARTESIAN_POINT('',(-10.9126005829413,99.2191682388154,-96.2938519874717));
#1670=CARTESIAN_POINT('Origin',(-9.66260058294126,99.2191682388154,-96.2938519874719));
#1671=CARTESIAN_POINT('',(-10.9011860822516,99.2191681948483,-63.5194946235339));
#1672=CARTESIAN_POINT('',(-14.9011860822515,99.2191681948483,-63.5194946235335));
#1673=CARTESIAN_POINT('',(-15.9011860821317,99.2191681948483,-63.5194946235334));
#1674=CARTESIAN_POINT('',(-14.9011860822517,99.2191681980264,-66.0194946235334));
#1675=CARTESIAN_POINT('',(-14.9011860822552,99.2191682390023,-98.2528737508786));
#1676=CARTESIAN_POINT('',(-10.9011860822518,99.2191681980264,-66.0194946235339));
#1677=CARTESIAN_POINT('',(-13.901186082132,99.2191681980264,-66.0194946235335));
#1678=CARTESIAN_POINT('',(-10.9011860822547,99.2191682374133,-97.002873750879));
#1679=CARTESIAN_POINT('',(-10.9011860822535,99.2191682043785,-71.016368668442));
#1680=CARTESIAN_POINT('',(-10.9011860822567,99.2191682421784,-100.751310773333));
#1681=CARTESIAN_POINT('',(-14.9011860822534,99.2191682043785,-71.0163686684416));
#1682=CARTESIAN_POINT('',(-15.9011860821334,99.2191682043785,-71.0163686684415));
#1683=CARTESIAN_POINT('',(-14.9011860822564,99.2191682437674,-102.001310773333));
#1684=CARTESIAN_POINT('Origin',(-9.66260058294166,91.6192584272483,-96.2938519874722));
#1685=CARTESIAN_POINT('',(-10.9126005829417,91.6192584272484,-96.2938519874721));
#1686=CARTESIAN_POINT('Origin',(-4.55118608224193,98.1191682492737,-91.3058528583605));
#1687=CARTESIAN_POINT('',(-0.601186082226207,96.1191682492735,-91.3058528609031));
#1688=CARTESIAN_POINT('',(-0.601186082226238,98.119168246731,-89.3058528583607));
#1689=CARTESIAN_POINT('Origin',(-0.601186082226465,98.1191682492734,-91.3058528583607));
#1690=CARTESIAN_POINT('',(-3.3011860822488,98.1191682467312,-89.3058528583605));
#1691=CARTESIAN_POINT('',(-4.5511860822418,98.1191682467312,-89.3058528583605));
#1692=CARTESIAN_POINT('',(-3.30118608224892,96.1191682492736,-91.305852860903));
#1693=CARTESIAN_POINT('Origin',(-3.30118608224832,98.1191682492736,-91.3058528583605));
#1694=CARTESIAN_POINT('',(-4.55118608224204,96.1191682492737,-91.3058528609029));
#1695=CARTESIAN_POINT('Origin',(-0.601186082227175,90.9941678600349,-96.2058528971001));
#1696=CARTESIAN_POINT('',(-0.60118608222632,96.1191682515617,-93.1058528609032));
#1697=CARTESIAN_POINT('',(-0.60118608222632,96.1191682515617,-93.1058528609032));
#1698=CARTESIAN_POINT('',(-0.601186082225653,96.1191682679241,-99.5415281965642));
#1699=CARTESIAN_POINT('',(-0.60118608222663,96.1191682529016,-93.6328843688424));
#1700=CARTESIAN_POINT('',(-0.601186082227603,96.1158312285696,-99.5428309942408));
#1701=CARTESIAN_POINT('Origin',(-0.601186082226934,94.619167475461,-95.7042899158643));
#1702=CARTESIAN_POINT('',(-0.601186082227844,96.1158312332261,-103.205852342408));
#1703=CARTESIAN_POINT('',(-0.601186082226558,90.6316681048082,-89.305852867879));
#1704=CARTESIAN_POINT('Origin',(-3.30118608225053,96.1191682515618,-93.105852860903));
#1705=CARTESIAN_POINT('',(-3.30118608225053,96.119168251602,-93.0601269967189));
#1706=CARTESIAN_POINT('',(-3.30118608224906,96.1191682522562,-93.6521070059227));
#1707=CARTESIAN_POINT('',(-3.30118608225053,96.1191682515618,-93.105852860903));
#1708=CARTESIAN_POINT('',(-3.30118608225035,96.1191682441303,-90.182884355354));
#1709=CARTESIAN_POINT('',(-4.10118608226897,96.1191682515619,-93.1058528609029));
#1710=CARTESIAN_POINT('Origin',(-3.20118608223205,98.1191682444514,-73.5058868759556));
#1711=CARTESIAN_POINT('',(-0.601186082228741,98.1191682469936,-75.5058868759558));
#1712=CARTESIAN_POINT('',(-0.601186082228439,96.1191682444512,-73.5058868784982));
#1713=CARTESIAN_POINT('Origin',(-0.601186082228692,98.1191682444512,-73.5058868759558));
#1714=CARTESIAN_POINT('',(-3.20118608223216,96.1191682444514,-73.505886878498));
#1715=CARTESIAN_POINT('',(-3.20118608223219,98.1191682469937,-75.5058868759556));
#1716=CARTESIAN_POINT('Origin',(-5.80118608223636,90.2691683583614,-75.5058868859342));
#1717=CARTESIAN_POINT('',(-0.601186082229061,90.6316681048165,-75.5058868854738));
#1718=CARTESIAN_POINT('Origin',(-5.80118608223386,90.2691683583531,-89.3058528683395));
#1719=CARTESIAN_POINT('',(-3.3011860822488,88.9971685269094,-89.3058528699566));
#1720=CARTESIAN_POINT('Origin',(-0.601186082228302,96.1191682419089,-71.5058868784982));
#1721=CARTESIAN_POINT('',(-0.601186082228302,96.1191682419089,-71.5058868784982));
#1722=CARTESIAN_POINT('',(-0.601186082228302,96.1191682419089,-71.5058868784982));
#1723=CARTESIAN_POINT('',(-3.30118608224771,96.119168241909,-71.505886878498));
#1724=CARTESIAN_POINT('',(-4.10118608227094,96.1191682419091,-71.5058868784979));
#1725=CARTESIAN_POINT('',(-3.30118608224792,96.1191682419089,-74.6288553801719));
#1726=CARTESIAN_POINT('Origin',(-3.30118608224909,87.7251687016852,-94.1983611616131));
#1727=CARTESIAN_POINT('Origin',(-3.30118608225068,94.6191674754612,-95.7042899158641));
#1728=CARTESIAN_POINT('Origin',(-4.90118608230392,94.6191674754613,-95.704289915864));
#1729=CARTESIAN_POINT('',(-0.601186082225088,93.1191682484121,-91.8670510232344));
#1730=CARTESIAN_POINT('Origin',(-0.601186082226934,94.619167475461,-95.7042899158643));
#1731=CARTESIAN_POINT('',(-7.10118608225019,93.1191682575434,-95.4585210278599));
#1732=CARTESIAN_POINT('Ctrl Pts',(-7.10118608225019,93.1191682577034,-95.4585210303281));
#1733=CARTESIAN_POINT('Ctrl Pts',(-6.89279152063576,93.1191682563926,-94.9429802298761));
#1734=CARTESIAN_POINT('Ctrl Pts',(-4.24272222727331,93.1191682525483,-93.4310015151741));
#1735=CARTESIAN_POINT('Ctrl Pts',(-0.601186071823554,93.1191682485718,-91.8670510474534));
#1736=CARTESIAN_POINT('',(-7.10118608225,96.1191682575436,-95.4585305746003));
#1737=CARTESIAN_POINT('Origin',(-7.10118608224999,94.6191674754614,-95.7042899158638));
#1738=CARTESIAN_POINT('Ctrl Pts',(-7.10118608225023,96.1191682577001,-95.4585305788775));
#1739=CARTESIAN_POINT('Ctrl Pts',(-6.8927981900329,96.1191682563893,-94.9429862316137));
#1740=CARTESIAN_POINT('Ctrl Pts',(-4.80405918384098,96.1191682533593,-93.7512696096815));
#1741=CARTESIAN_POINT('Ctrl Pts',(-3.30118608225053,96.119168251602,-93.0601269967189));
#1742=CARTESIAN_POINT('Origin',(-2.40118608230404,96.1191682463601,-91.0599158536145));
#1743=CARTESIAN_POINT('',(-7.10118608225026,96.1191682589497,-95.9500492451234));
#1744=CARTESIAN_POINT('',(-7.10118608224924,96.1191682182125,-79.9889384969429));
#1745=CARTESIAN_POINT('Ctrl Pts',(-0.601186071817989,96.1191682680806,-99.5415281723308));
#1746=CARTESIAN_POINT('Ctrl Pts',(-2.66757332554398,96.1191682658244,-98.6540653847843));
#1747=CARTESIAN_POINT('Ctrl Pts',(-5.92974473131316,96.1191682618884,-97.1059140074385));
#1748=CARTESIAN_POINT('Ctrl Pts',(-6.99188323302319,96.1191682596372,-96.2204606661483));
#1749=CARTESIAN_POINT('Ctrl Pts',(-7.10118608225026,96.1191682589497,-95.9500492451234));
#1750=CARTESIAN_POINT('Origin',(-6.63818608225526,90.269258633722,-98.105851935622));
#1751=CARTESIAN_POINT('',(-6.63818608225533,89.019258633722,-93.105851935622));
#1752=CARTESIAN_POINT('',(-6.63818608225533,89.019258633722,-98.105851935622));
#1753=CARTESIAN_POINT('Origin',(-6.63818608225528,90.269258633722,-93.105851935622));
#1754=CARTESIAN_POINT('Origin',(-6.63818608225528,90.269258633722,-93.105851935622));
#1755=CARTESIAN_POINT('Origin',(-11.0011860822557,99.2192580922935,-107.405852935621));
#1756=CARTESIAN_POINT('Origin',(-7.10118608224841,87.7251687016851,-68.9179611616129));
#1757=CARTESIAN_POINT('',(-7.10118608225022,93.1191682589531,-95.9500588090892));
#1758=CARTESIAN_POINT('',(-7.10118608224908,93.119168213601,-78.1751371387482));
#1759=CARTESIAN_POINT('Origin',(-7.10118608224999,94.6191674754614,-95.7042899158638));
#1760=CARTESIAN_POINT('Origin',(-0.501186082228479,94.6191682607195,-89.20585286281));
#1761=CARTESIAN_POINT('',(-0.601186082227727,93.1225053191504,-99.5428316168388));
#1762=CARTESIAN_POINT('Ctrl Pts',(-0.601186082227738,93.1225053191504,-99.5428316168388));
#1763=CARTESIAN_POINT('Ctrl Pts',(-0.640239558453441,93.1251146892696,-99.5270822026026));
#1764=CARTESIAN_POINT('Ctrl Pts',(-0.679081833113074,93.1292478279957,-99.5120144186494));
#1765=CARTESIAN_POINT('Ctrl Pts',(-0.879467834688574,93.1584550277607,-99.4373708159611));
#1766=CARTESIAN_POINT('Ctrl Pts',(-1.05355135989886,93.2127424348611,-99.3843501027315));
#1767=CARTESIAN_POINT('Ctrl Pts',(-1.3739389112393,93.3857004815481,-99.3107060919505));
#1768=CARTESIAN_POINT('Ctrl Pts',(-1.52000543836306,93.5045825572425,-99.2895474457514));
#1769=CARTESIAN_POINT('Ctrl Pts',(-1.74582103893613,93.7647980962044,-99.2674440682951));
#1770=CARTESIAN_POINT('Ctrl Pts',(-1.84249014423896,93.9233373096048,-99.2643413049435));
#1771=CARTESIAN_POINT('Ctrl Pts',(-1.97017149915312,94.2651073169749,-99.2631204508511));
#1772=CARTESIAN_POINT('Ctrl Pts',(-2.00118606919377,94.4483343279761,-99.264289953912));
#1773=CARTESIAN_POINT('Ctrl Pts',(-2.00118609526297,94.7900019941693,-99.2642898778769));
#1774=CARTESIAN_POINT('Ctrl Pts',(-1.97017155184345,94.9732290135107,-99.2631202931243));
#1775=CARTESIAN_POINT('Ctrl Pts',(-1.8424902435869,95.3149990469629,-99.2643409904349));
#1776=CARTESIAN_POINT('Ctrl Pts',(-1.74582115835373,95.4735382784462,-99.2674436784491));
#1777=CARTESIAN_POINT('Ctrl Pts',(-1.52000559134058,95.7337538490395,-99.2895469295632));
#1778=CARTESIAN_POINT('Ctrl Pts',(-1.37393908442231,95.8526359424364,-99.3107055150927));
#1779=CARTESIAN_POINT('Ctrl Pts',(-1.05355156512301,96.0255940313221,-99.3843494359275));
#1780=CARTESIAN_POINT('Ctrl Pts',(-0.879468051694982,96.0798814628251,-99.4373701202966));
#1781=CARTESIAN_POINT('Ctrl Pts',(-0.717532349326113,96.1034843764953,-99.4976910116905));
#1782=CARTESIAN_POINT('Ctrl Pts',(-0.679081985101097,96.1090887034851,-99.5120137349105));
#1783=CARTESIAN_POINT('Ctrl Pts',(-0.640239634607681,96.1132218533221,-99.5270815478398));
#1784=CARTESIAN_POINT('Ctrl Pts',(-0.601186082227367,96.1158312285696,-99.5428309942408));
#1785=CARTESIAN_POINT('',(-0.601186082228683,93.1225057636543,-46.7754868674664));
#1786=CARTESIAN_POINT('Origin',(-0.900843637238981,93.119168237137,-87.4323131295979));
#1787=CARTESIAN_POINT('',(-0.601186082227507,93.1191682679242,-99.5415288161208));
#1788=CARTESIAN_POINT('',(-0.601186082226528,93.1191682482902,-91.8190830106477));
#1789=CARTESIAN_POINT('Ctrl Pts',(-0.601186071849465,93.1191682680839,-99.5415287919564));
#1790=CARTESIAN_POINT('Ctrl Pts',(-2.66758333626476,93.1191682658277,-98.6540618466273));
#1791=CARTESIAN_POINT('Ctrl Pts',(-5.92975486242647,93.1191682618918,-97.1059098824793));
#1792=CARTESIAN_POINT('Ctrl Pts',(-6.99188136594946,93.1191682596406,-96.2204643345423));
#1793=CARTESIAN_POINT('Ctrl Pts',(-7.10118608225022,93.1191682589531,-95.9500588090892));
#1794=CARTESIAN_POINT('Origin',(-4.90118608230392,94.6191674754613,-95.704289915864));
#1795=CARTESIAN_POINT('Origin',(-0.60118608223241,94.619167475461,-95.7042899158643));
#1796=CARTESIAN_POINT('Origin',(-0.501186082233751,85.919168018581,-75.5058869091976));
#1797=CARTESIAN_POINT('',(-0.601186082228811,88.5172442123923,-61.7058874066612));
#1798=CARTESIAN_POINT('',(-0.601186082228896,88.5172442299345,-75.5058869091976));
#1799=CARTESIAN_POINT('Origin',(-0.501186082233751,85.919168018581,-61.7058874037324));
#1800=CARTESIAN_POINT('Origin',(-0.601186082228757,90.9941678425007,-68.6058868553311));
#1801=CARTESIAN_POINT('',(-0.60118608222723,93.1191682419088,-72.9446887237942));
#1802=CARTESIAN_POINT('Origin',(-0.601186082228597,94.6191674592019,-69.1074498273507));
#1803=CARTESIAN_POINT('',(-0.601186082228651,93.1191682419093,-65.2702109309078));
#1804=CARTESIAN_POINT('',(-0.601186082228704,93.1191682419088,-72.9926567363809));
#1805=CARTESIAN_POINT('',(-0.601186082228864,93.1225052931321,-65.2689081301813));
#1806=CARTESIAN_POINT('Origin',(-0.601186082228597,94.6191674592019,-69.1074498273507));
#1807=CARTESIAN_POINT('',(-0.601186082228633,93.1225052886029,-61.705887400807));
#1808=CARTESIAN_POINT('',(-0.601186082228633,93.1225052884758,-61.6058874008071));
#1809=CARTESIAN_POINT('',(-0.60118608222874,90.631668090818,-61.7058874039734));
#1810=CARTESIAN_POINT('Origin',(-10.9011860822518,81.3191684569458,-66.0194946235339));
#1811=CARTESIAN_POINT('',(-14.9011860822517,81.3191684569458,-66.0194946235335));
#1812=CARTESIAN_POINT('',(-10.9011860822518,81.3191684569458,-66.0194946235339));
#1813=CARTESIAN_POINT('Origin',(-10.9011860822535,81.3191684569458,-71.016368668442));
#1814=CARTESIAN_POINT('',(-10.9011860822516,81.3191684569458,-63.5194946235339));
#1815=CARTESIAN_POINT('Origin',(-14.9011860822515,81.3191684569458,-63.5194946235335));
#1816=CARTESIAN_POINT('',(-14.9011860822515,81.3191684569458,-63.5194946235335));
#1817=CARTESIAN_POINT('Origin',(-14.9011860822537,81.3191684569458,-73.5163686684415));
#1818=CARTESIAN_POINT('Origin',(-14.9011860822537,81.3191684569458,-73.5163686684415));
#1819=CARTESIAN_POINT('',(-14.9011860822534,81.3191684569458,-71.0163686684416));
#1820=CARTESIAN_POINT('Origin',(-10.9011860822535,81.3191684569458,-71.016368668442));
#1821=CARTESIAN_POINT('',(-10.9011860822535,81.3191684569458,-71.016368668442));
#1822=CARTESIAN_POINT('Origin',(-14.9011860822534,81.3191684569458,-71.0163686684416));
#1823=CARTESIAN_POINT('Origin',(-7.10118608224843,87.7251687016851,-94.198361161613));
#1824=CARTESIAN_POINT('',(-7.10118608224694,96.1191682420653,-69.3532091594407));
#1825=CARTESIAN_POINT('',(-7.10118608224659,96.1191682419094,-68.8616904898881));
#1826=CARTESIAN_POINT('',(-7.10118608224788,96.1191682419083,-83.9750925237));
#1827=CARTESIAN_POINT('',(-7.10118608224687,93.1191682417736,-68.8616809407878));
#1828=CARTESIAN_POINT('Origin',(-7.10118608224658,94.6191674592023,-69.1074498273503));
#1829=CARTESIAN_POINT('',(-7.10118608224658,93.1191682419094,-69.3532187191825));
#1830=CARTESIAN_POINT('',(-7.10118608224796,93.1191682419082,-85.7888938895219));
#1831=CARTESIAN_POINT('Origin',(-7.10118608224658,94.6191674592023,-69.1074498273503));
#1832=CARTESIAN_POINT('Origin',(-13.8001860822565,93.3701688900396,-57.4058868379745));
#1833=CARTESIAN_POINT('',(-11.0011860822559,96.2947134681619,-57.4058868342571));
#1834=CARTESIAN_POINT('Origin',(-11.0011860822557,99.2192580922935,-107.405852935621));
#1835=CARTESIAN_POINT('',(-11.0011860822565,96.2947134918018,-61.7058874037326));
#1836=CARTESIAN_POINT('Origin',(-4.90118608230558,94.6191674592022,-69.1074498273504));
#1837=CARTESIAN_POINT('',(-0.601186082226786,96.1191682419092,-65.2702115428372));
#1838=CARTESIAN_POINT('Ctrl Pts',(-7.10118608224691,96.1191682420654,-68.8616904951991));
#1839=CARTESIAN_POINT('Ctrl Pts',(-6.89279818857421,96.1191682420654,-68.3461461463328));
#1840=CARTESIAN_POINT('Ctrl Pts',(-4.24272187609667,96.1191682420653,-66.834162140331));
#1841=CARTESIAN_POINT('Ctrl Pts',(-0.601186068853122,96.1191682420652,-65.2702115739766));
#1842=CARTESIAN_POINT('',(-0.60118608222874,96.1158312025514,-65.268908745169));
#1843=CARTESIAN_POINT('Origin',(-0.601186082228597,94.6191674592019,-69.1074498273507));
#1844=CARTESIAN_POINT('Ctrl Pts',(-0.601186082228873,93.1225052931321,-65.2689081301813));
#1845=CARTESIAN_POINT('Ctrl Pts',(-0.640239558454585,93.1251146632914,-65.2846575444108));
#1846=CARTESIAN_POINT('Ctrl Pts',(-0.679081833114221,93.1292478020558,-65.2997253283535));
#1847=CARTESIAN_POINT('Ctrl Pts',(-0.87946783468972,93.1584550020106,-65.3743689309675));
#1848=CARTESIAN_POINT('Ctrl Pts',(-1.05355135990003,93.2127424092458,-65.4273896440591));
#1849=CARTESIAN_POINT('Ctrl Pts',(-1.37393891124047,93.38570045612,-65.5010336544003));
#1850=CARTESIAN_POINT('Ctrl Pts',(-1.52000543836426,93.5045825318682,-65.5221923002972));
#1851=CARTESIAN_POINT('Ctrl Pts',(-1.74582103893732,93.7647980708863,-65.5442956770918));
#1852=CARTESIAN_POINT('Ctrl Pts',(-1.84249014424013,93.9233372842946,-65.5473984400403));
#1853=CARTESIAN_POINT('Ctrl Pts',(-1.97017149915432,94.2651072916679,-65.5486192932638));
#1854=CARTESIAN_POINT('Ctrl Pts',(-2.00118606919494,94.4483343026661,-65.5474497897371));
#1855=CARTESIAN_POINT('Ctrl Pts',(-2.00118609526413,94.7900019688593,-65.5474498649035));
#1856=CARTESIAN_POINT('Ctrl Pts',(-1.97017155184465,94.9732289882037,-65.5486194491903));
#1857=CARTESIAN_POINT('Ctrl Pts',(-1.84249024358808,95.3149990216527,-65.5473987510108));
#1858=CARTESIAN_POINT('Ctrl Pts',(-1.74582115835491,95.4735382531281,-65.5442960625935));
#1859=CARTESIAN_POINT('Ctrl Pts',(-1.52000559134176,95.7337538236652,-65.522192810818));
#1860=CARTESIAN_POINT('Ctrl Pts',(-1.3739390844235,95.8526359170083,-65.5010342249862));
#1861=CARTESIAN_POINT('Ctrl Pts',(-1.05355156512417,96.0255940057068,-65.4273903037117));
#1862=CARTESIAN_POINT('Ctrl Pts',(-0.879468051696133,96.079881437075,-65.3743696192046));
#1863=CARTESIAN_POINT('Ctrl Pts',(-0.717532349327268,96.1034843505918,-65.3140487277507));
#1864=CARTESIAN_POINT('Ctrl Pts',(-0.679081985102241,96.1090886775452,-65.2997260045164));
#1865=CARTESIAN_POINT('Ctrl Pts',(-0.640239634608827,96.1132218273439,-65.2846581915766));
#1866=CARTESIAN_POINT('Ctrl Pts',(-0.601186082228504,96.1158312025514,-65.268908745169));
#1867=CARTESIAN_POINT('Ctrl Pts',(-0.6011860686042,93.1191682417734,-65.2702109626312));
#1868=CARTESIAN_POINT('Ctrl Pts',(-2.66758339321094,93.1191682417735,-66.1576779330514));
#1869=CARTESIAN_POINT('Ctrl Pts',(-5.9297549118615,93.1191682417736,-67.7058298979085));
#1870=CARTESIAN_POINT('Ctrl Pts',(-6.99188137079159,93.1191682417736,-68.5912754264984));
#1871=CARTESIAN_POINT('Ctrl Pts',(-7.10118608224687,93.1191682417736,-68.8616809407878));
#1872=CARTESIAN_POINT('Origin',(-2.40118608230629,96.1191682419089,-73.7518238857866));
#1873=CARTESIAN_POINT('',(-0.601186082228544,96.1191682419089,-71.178855370559));
#1874=CARTESIAN_POINT('Ctrl Pts',(-3.30118608224772,96.119168242065,-71.7516127355616));
#1875=CARTESIAN_POINT('Ctrl Pts',(-3.63559821528285,96.119168242065,-71.5978229878547));
#1876=CARTESIAN_POINT('Ctrl Pts',(-5.92974477927408,96.1191682420652,-70.5090738908666));
#1877=CARTESIAN_POINT('Ctrl Pts',(-6.99188323722624,96.1191682420653,-69.6236205690112));
#1878=CARTESIAN_POINT('Ctrl Pts',(-7.10118608224694,96.1191682420653,-69.3532091594407));
#1879=CARTESIAN_POINT('Origin',(-0.601186082228757,90.9941678425007,-68.6058868553311));
#1880=CARTESIAN_POINT('',(-0.601186082228473,96.1158311980221,-61.705887397002));
#1881=CARTESIAN_POINT('',(-0.60118608222874,90.631668090818,-61.7058874039734));
#1882=CARTESIAN_POINT('',(-0.601186082228509,96.115831197895,-61.605887397002));
#1883=CARTESIAN_POINT('Origin',(-0.900843637241699,93.1191682419086,-77.3794266174307));
#1884=CARTESIAN_POINT('Ctrl Pts',(-7.1011860822469,93.1191682417735,-69.3532187138722));
#1885=CARTESIAN_POINT('Ctrl Pts',(-6.89279152030769,93.1191682417735,-69.8687595166983));
#1886=CARTESIAN_POINT('Ctrl Pts',(-4.2427222023756,93.1191682417732,-71.380738234957));
#1887=CARTESIAN_POINT('Ctrl Pts',(-0.601186068588129,93.119168241773,-72.9446886920367));
#1888=CARTESIAN_POINT('Origin',(-0.501186082230998,94.6191682609821,-75.605886880405));
#1889=CARTESIAN_POINT('Origin',(-0.501186082230084,94.6191682433127,-61.7058874037333));
#1890=CARTESIAN_POINT('Origin',(-6.63818608225066,90.2692585436171,-71.705887403734));
#1891=CARTESIAN_POINT('',(-6.63818608225059,91.5192585436171,-71.705887403734));
#1892=CARTESIAN_POINT('Origin',(-6.63818608225066,90.2692585436171,-71.705887403734));
#1893=CARTESIAN_POINT('Origin',(-6.63818608225066,90.2692585436171,-66.705887403734));
#1894=CARTESIAN_POINT('',(-6.63818608225059,91.5192585436171,-61.7058874037323));
#1895=CARTESIAN_POINT('Origin',(-6.63818608225066,90.2692585436171,-61.7058874037324));
#1896=CARTESIAN_POINT('',(-6.63818608225059,91.5192585436171,-66.705887403734));
#1897=CARTESIAN_POINT('Origin',(-4.90118608230558,94.6191674592022,-69.1074498273504));
#1898=CARTESIAN_POINT('Origin',(-12.8891860822561,93.3701689373194,-61.7058874037324));
#1899=UNCERTAINTY_MEASURE_WITH_UNIT(LENGTH_MEASURE(0.01),#1903,
'DISTANCE_ACCURACY_VALUE',
'Maximum model space distance between geometric entities at asserted c
onnectivities');
#1900=UNCERTAINTY_MEASURE_WITH_UNIT(LENGTH_MEASURE(0.01),#1903,
'DISTANCE_ACCURACY_VALUE',
'Maximum model space distance between geometric entities at asserted c
onnectivities');
#1901=(
GEOMETRIC_REPRESENTATION_CONTEXT(3)
GLOBAL_UNCERTAINTY_ASSIGNED_CONTEXT((#1899))
GLOBAL_UNIT_ASSIGNED_CONTEXT((#1903,#1905,#1906))
REPRESENTATION_CONTEXT('','3D')
);
#1902=(
GEOMETRIC_REPRESENTATION_CONTEXT(3)
GLOBAL_UNCERTAINTY_ASSIGNED_CONTEXT((#1900))
GLOBAL_UNIT_ASSIGNED_CONTEXT((#1903,#1905,#1906))
REPRESENTATION_CONTEXT('','3D')
);
#1903=(
LENGTH_UNIT()
NAMED_UNIT(*)
SI_UNIT(.MILLI.,.METRE.)
);
#1904=(
LENGTH_UNIT()
NAMED_UNIT(*)
SI_UNIT($,.METRE.)
);
#1905=(
NAMED_UNIT(*)
PLANE_ANGLE_UNIT()
SI_UNIT($,.RADIAN.)
);
#1906=(
NAMED_UNIT(*)
SI_UNIT($,.STERADIAN.)
SOLID_ANGLE_UNIT()
);
#1907=SHAPE_DEFINITION_REPRESENTATION(#1908,#1909);
#1908=PRODUCT_DEFINITION_SHAPE('',$,#1911);
#1909=SHAPE_REPRESENTATION('',(#1121),#1901);
#1910=PRODUCT_DEFINITION_CONTEXT('part definition',#1915,'design');
#1911=PRODUCT_DEFINITION('mount-bottom-right (1)',
'mount-bottom-right (1)',#1912,#1910);
#1912=PRODUCT_DEFINITION_FORMATION('',$,#1917);
#1913=PRODUCT_RELATED_PRODUCT_CATEGORY('mount-bottom-right (1)',
'mount-bottom-right (1)',(#1917));
#1914=APPLICATION_PROTOCOL_DEFINITION('international standard',
'automotive_design',2009,#1915);
#1915=APPLICATION_CONTEXT(
'Core Data for Automotive Mechanical Design Process');
#1916=PRODUCT_CONTEXT('part definition',#1915,'mechanical');
#1917=PRODUCT('mount-bottom-right (1)','mount-bottom-right (1)',$,(#1916));
#1918=PRESENTATION_STYLE_ASSIGNMENT((#1920));
#1919=PRESENTATION_STYLE_ASSIGNMENT((#1921));
#1920=SURFACE_STYLE_USAGE(.BOTH.,#1922);
#1921=SURFACE_STYLE_USAGE(.BOTH.,#1923);
#1922=SURFACE_SIDE_STYLE('',(#1924));
#1923=SURFACE_SIDE_STYLE('',(#1925));
#1924=SURFACE_STYLE_FILL_AREA(#1926);
#1925=SURFACE_STYLE_FILL_AREA(#1927);
#1926=FILL_AREA_STYLE('Steel - Satin',(#1928));
#1927=FILL_AREA_STYLE('ABS (White)',(#1929));
#1928=FILL_AREA_STYLE_COLOUR('Steel - Satin',#1930);
#1929=FILL_AREA_STYLE_COLOUR('ABS (White)',#1931);
#1930=COLOUR_RGB('Steel - Satin',0.627450980392157,0.627450980392157,0.627450980392157);
#1931=COLOUR_RGB('ABS (White)',0.964705882352941,0.964705882352941,0.952941176470588);
ENDSEC;
END-ISO-10303-21;
