ISO-10303-21;
HEADER;
/* Generated by software containing ST-Developer
 * from STEP Tools, Inc. (www.steptools.com) 
 */

FILE_DESCRIPTION(
/* description */ (''),
/* implementation_level */ '2;1');

FILE_NAME(
/* name */ 'mount-top-right.step',
/* time_stamp */ '2026-02-02T10:19:32-08:00',
/* author */ (''),
/* organization */ (''),
/* preprocessor_version */ 'ST-DEVELOPER v20.1',
/* originating_system */ 'Autodesk Translation Framework v14.24.0.0',
/* authorisation */ '');

FILE_SCHEMA (('AUTOMOTIVE_DESIGN { 1 0 10303 214 3 1 1 }'));
ENDSEC;

DATA;
#10=MECHANICAL_DESIGN_GEOMETRIC_PRESENTATION_REPRESENTATION('',(#13),#2008);
#11=SHAPE_REPRESENTATION_RELATIONSHIP('SRR','None',#2015,#12);
#12=ADVANCED_BREP_SHAPE_REPRESENTATION('',(#14),#2007);
#13=STYLED_ITEM('',(#2025),#14);
#14=MANIFOLD_SOLID_BREP('Body5',#1201);
#15=CYLINDRICAL_SURFACE('',#1245,5.);
#16=CYLINDRICAL_SURFACE('',#1252,5.);
#17=CYLINDRICAL_SURFACE('',#1271,2.);
#18=CYLINDRICAL_SURFACE('',#1278,2.);
#19=CYLINDRICAL_SURFACE('',#1279,3.);
#20=CYLINDRICAL_SURFACE('',#1282,2.);
#21=CYLINDRICAL_SURFACE('',#1284,1.49999999999999);
#22=CYLINDRICAL_SURFACE('',#1286,2.75);
#23=CYLINDRICAL_SURFACE('',#1288,1.25);
#24=CYLINDRICAL_SURFACE('',#1289,1.7);
#25=CYLINDRICAL_SURFACE('',#1299,3.);
#26=CYLINDRICAL_SURFACE('',#1304,2.);
#27=CYLINDRICAL_SURFACE('',#1306,1.5);
#28=CYLINDRICAL_SURFACE('',#1308,2.75);
#29=CYLINDRICAL_SURFACE('',#1310,1.25);
#30=CYLINDRICAL_SURFACE('',#1313,1.7);
#31=CYLINDRICAL_SURFACE('',#1319,2.6);
#32=ELLIPSE('',#1242,7.07106781194051,5.);
#33=ELLIPSE('',#1243,7.07106781194051,5.);
#34=ELLIPSE('',#1259,4.24264068716471,3.);
#35=ELLIPSE('',#1260,4.24264068716471,3.);
#36=ELLIPSE('',#1264,4.24264068711917,3.);
#37=ELLIPSE('',#1265,4.24264068711917,3.);
#38=FACE_BOUND('',#370,.T.);
#39=FACE_BOUND('',#371,.T.);
#40=FACE_BOUND('',#383,.T.);
#41=FACE_BOUND('',#384,.T.);
#42=FACE_BOUND('',#401,.T.);
#43=FACE_BOUND('',#404,.T.);
#44=FACE_BOUND('',#416,.T.);
#45=FACE_BOUND('',#417,.T.);
#46=FACE_BOUND('',#419,.T.);
#47=FACE_BOUND('',#431,.T.);
#48=FACE_BOUND('',#434,.T.);
#49=FACE_BOUND('',#435,.T.);
#50=CONICAL_SURFACE('',#1220,2.50000000000012,0.785398163397468);
#51=CONICAL_SURFACE('',#1302,2.49999999999999,0.785398163397433);
#52=LINE('',#1674,#176);
#53=LINE('',#1676,#177);
#54=LINE('',#1678,#178);
#55=LINE('',#1680,#179);
#56=LINE('',#1681,#180);
#57=LINE('',#1685,#181);
#58=LINE('',#1689,#182);
#59=LINE('',#1691,#183);
#60=LINE('',#1693,#184);
#61=LINE('',#1695,#185);
#62=LINE('',#1696,#186);
#63=LINE('',#1703,#187);
#64=LINE('',#1705,#188);
#65=LINE('',#1706,#189);
#66=LINE('',#1714,#190);
#67=LINE('',#1716,#191);
#68=LINE('',#1718,#192);
#69=LINE('',#1720,#193);
#70=LINE('',#1721,#194);
#71=LINE('',#1724,#195);
#72=LINE('',#1726,#196);
#73=LINE('',#1727,#197);
#74=LINE('',#1729,#198);
#75=LINE('',#1731,#199);
#76=LINE('',#1733,#200);
#77=LINE('',#1735,#201);
#78=LINE('',#1736,#202);
#79=LINE('',#1739,#203);
#80=LINE('',#1741,#204);
#81=LINE('',#1742,#205);
#82=LINE('',#1745,#206);
#83=LINE('',#1746,#207);
#84=LINE('',#1749,#208);
#85=LINE('',#1750,#209);
#86=LINE('',#1753,#210);
#87=LINE('',#1754,#211);
#88=LINE('',#1757,#212);
#89=LINE('',#1758,#213);
#90=LINE('',#1762,#214);
#91=LINE('',#1763,#215);
#92=LINE('',#1765,#216);
#93=LINE('',#1766,#217);
#94=LINE('',#1768,#218);
#95=LINE('',#1771,#219);
#96=LINE('',#1773,#220);
#97=LINE('',#1774,#221);
#98=LINE('',#1776,#222);
#99=LINE('',#1784,#223);
#100=LINE('',#1786,#224);
#101=LINE('',#1787,#225);
#102=LINE('',#1793,#226);
#103=LINE('',#1795,#227);
#104=LINE('',#1797,#228);
#105=LINE('',#1801,#229);
#106=LINE('',#1805,#230);
#107=LINE('',#1807,#231);
#108=LINE('',#1808,#232);
#109=LINE('',#1813,#233);
#110=LINE('',#1817,#234);
#111=LINE('',#1821,#235);
#112=LINE('',#1823,#236);
#113=LINE('',#1824,#237);
#114=LINE('',#1828,#238);
#115=LINE('',#1830,#239);
#116=LINE('',#1832,#240);
#117=LINE('',#1835,#241);
#118=LINE('',#1838,#242);
#119=LINE('',#1841,#243);
#120=LINE('',#1844,#244);
#121=LINE('',#1845,#245);
#122=LINE('',#1847,#246);
#123=LINE('',#1850,#247);
#124=LINE('',#1851,#248);
#125=LINE('',#1853,#249);
#126=LINE('',#1854,#250);
#127=LINE('',#1857,#251);
#128=LINE('',#1858,#252);
#129=LINE('',#1860,#253);
#130=LINE('',#1861,#254);
#131=LINE('',#1864,#255);
#132=LINE('',#1865,#256);
#133=LINE('',#1871,#257);
#134=LINE('',#1873,#258);
#135=LINE('',#1875,#259);
#136=LINE('',#1876,#260);
#137=LINE('',#1879,#261);
#138=LINE('',#1881,#262);
#139=LINE('',#1882,#263);
#140=LINE('',#1888,#264);
#141=LINE('',#1889,#265);
#142=LINE('',#1892,#266);
#143=LINE('',#1894,#267);
#144=LINE('',#1895,#268);
#145=LINE('',#1898,#269);
#146=LINE('',#1900,#270);
#147=LINE('',#1901,#271);
#148=LINE('',#1904,#272);
#149=LINE('',#1910,#273);
#150=LINE('',#1915,#274);
#151=LINE('',#1920,#275);
#152=LINE('',#1922,#276);
#153=LINE('',#1925,#277);
#154=LINE('',#1928,#278);
#155=LINE('',#1932,#279);
#156=LINE('',#1933,#280);
#157=LINE('',#1937,#281);
#158=LINE('',#1939,#282);
#159=LINE('',#1943,#283);
#160=LINE('',#1946,#284);
#161=LINE('',#1951,#285);
#162=LINE('',#1954,#286);
#163=LINE('',#1957,#287);
#164=LINE('',#1960,#288);
#165=LINE('',#1965,#289);
#166=LINE('',#1966,#290);
#167=LINE('',#1970,#291);
#168=LINE('',#1973,#292);
#169=LINE('',#1977,#293);
#170=LINE('',#1981,#294);
#171=LINE('',#1986,#295);
#172=LINE('',#1989,#296);
#173=LINE('',#1995,#297);
#174=LINE('',#1999,#298);
#175=LINE('',#2002,#299);
#176=VECTOR('',#1332,10.);
#177=VECTOR('',#1333,10.);
#178=VECTOR('',#1334,10.);
#179=VECTOR('',#1335,10.);
#180=VECTOR('',#1336,10.);
#181=VECTOR('',#1341,2.50000000000013);
#182=VECTOR('',#1346,10.);
#183=VECTOR('',#1347,10.);
#184=VECTOR('',#1348,10.);
#185=VECTOR('',#1349,10.);
#186=VECTOR('',#1350,10.);
#187=VECTOR('',#1355,10.);
#188=VECTOR('',#1356,10.);
#189=VECTOR('',#1357,10.);
#190=VECTOR('',#1360,10.);
#191=VECTOR('',#1361,10.);
#192=VECTOR('',#1362,10.);
#193=VECTOR('',#1363,10.);
#194=VECTOR('',#1364,10.);
#195=VECTOR('',#1367,10.);
#196=VECTOR('',#1368,10.);
#197=VECTOR('',#1369,10.);
#198=VECTOR('',#1370,10.);
#199=VECTOR('',#1371,10.);
#200=VECTOR('',#1372,10.);
#201=VECTOR('',#1373,10.);
#202=VECTOR('',#1374,10.);
#203=VECTOR('',#1377,10.);
#204=VECTOR('',#1378,10.);
#205=VECTOR('',#1379,10.);
#206=VECTOR('',#1382,10.);
#207=VECTOR('',#1383,10.);
#208=VECTOR('',#1386,10.);
#209=VECTOR('',#1387,10.);
#210=VECTOR('',#1390,10.);
#211=VECTOR('',#1391,10.);
#212=VECTOR('',#1394,10.);
#213=VECTOR('',#1395,10.);
#214=VECTOR('',#1398,10.);
#215=VECTOR('',#1399,10.);
#216=VECTOR('',#1400,10.);
#217=VECTOR('',#1401,10.);
#218=VECTOR('',#1404,10.);
#219=VECTOR('',#1407,10.);
#220=VECTOR('',#1408,10.);
#221=VECTOR('',#1409,10.);
#222=VECTOR('',#1412,10.);
#223=VECTOR('',#1419,10.);
#224=VECTOR('',#1420,10.);
#225=VECTOR('',#1421,10.);
#226=VECTOR('',#1426,10.);
#227=VECTOR('',#1427,10.);
#228=VECTOR('',#1428,10.);
#229=VECTOR('',#1431,10.);
#230=VECTOR('',#1436,10.);
#231=VECTOR('',#1437,10.);
#232=VECTOR('',#1438,10.);
#233=VECTOR('',#1443,10.);
#234=VECTOR('',#1448,10.);
#235=VECTOR('',#1451,10.);
#236=VECTOR('',#1452,10.);
#237=VECTOR('',#1453,10.);
#238=VECTOR('',#1456,10.);
#239=VECTOR('',#1457,10.);
#240=VECTOR('',#1458,10.);
#241=VECTOR('',#1461,10.);
#242=VECTOR('',#1464,10.);
#243=VECTOR('',#1467,10.);
#244=VECTOR('',#1470,10.);
#245=VECTOR('',#1471,10.);
#246=VECTOR('',#1474,10.);
#247=VECTOR('',#1477,10.);
#248=VECTOR('',#1478,10.);
#249=VECTOR('',#1479,10.);
#250=VECTOR('',#1480,10.);
#251=VECTOR('',#1483,10.);
#252=VECTOR('',#1484,10.);
#253=VECTOR('',#1485,10.);
#254=VECTOR('',#1486,10.);
#255=VECTOR('',#1489,10.);
#256=VECTOR('',#1490,10.);
#257=VECTOR('',#1497,10.);
#258=VECTOR('',#1498,10.);
#259=VECTOR('',#1499,10.);
#260=VECTOR('',#1500,10.);
#261=VECTOR('',#1503,10.);
#262=VECTOR('',#1504,10.);
#263=VECTOR('',#1505,10.);
#264=VECTOR('',#1512,10.);
#265=VECTOR('',#1513,10.);
#266=VECTOR('',#1516,10.);
#267=VECTOR('',#1517,10.);
#268=VECTOR('',#1518,10.);
#269=VECTOR('',#1521,10.);
#270=VECTOR('',#1522,10.);
#271=VECTOR('',#1523,10.);
#272=VECTOR('',#1526,10.);
#273=VECTOR('',#1533,10.);
#274=VECTOR('',#1540,10.);
#275=VECTOR('',#1545,10.);
#276=VECTOR('',#1546,10.);
#277=VECTOR('',#1551,10.);
#278=VECTOR('',#1554,3.);
#279=VECTOR('',#1559,10.);
#280=VECTOR('',#1560,10.);
#281=VECTOR('',#1565,1.74999999999999);
#282=VECTOR('',#1568,10.);
#283=VECTOR('',#1573,2.75);
#284=VECTOR('',#1578,1.4);
#285=VECTOR('',#1583,1.7);
#286=VECTOR('',#1588,10.);
#287=VECTOR('',#1591,10.);
#288=VECTOR('',#1594,10.);
#289=VECTOR('',#1601,10.);
#290=VECTOR('',#1602,10.);
#291=VECTOR('',#1607,3.);
#292=VECTOR('',#1612,10.);
#293=VECTOR('',#1617,2.5);
#294=VECTOR('',#1622,1.74999999999999);
#295=VECTOR('',#1629,2.75);
#296=VECTOR('',#1634,1.4);
#297=VECTOR('',#1641,1.7);
#298=VECTOR('',#1646,10.);
#299=VECTOR('',#1651,10.);
#300=(
BOUNDED_CURVE()
B_SPLINE_CURVE(2,(#1666,#1667,#1668),.UNSPECIFIED.,.F.,.F.)
B_SPLINE_CURVE_WITH_KNOTS((3,3),(0.,0.152315379911372),.UNSPECIFIED.)
CURVE()
GEOMETRIC_REPRESENTATION_ITEM()
RATIONAL_B_SPLINE_CURVE((1.,1.,1.))
REPRESENTATION_ITEM('')
);
#301=(
BOUNDED_CURVE()
B_SPLINE_CURVE(2,(#1670,#1671,#1672),.UNSPECIFIED.,.F.,.F.)
B_SPLINE_CURVE_WITH_KNOTS((3,3),(0.152315379911372,0.304630759822777),
 .UNSPECIFIED.)
CURVE()
GEOMETRIC_REPRESENTATION_ITEM()
RATIONAL_B_SPLINE_CURVE((1.,1.,1.))
REPRESENTATION_ITEM('')
);
#302=(
BOUNDED_CURVE()
B_SPLINE_CURVE(2,(#1710,#1711,#1712),.UNSPECIFIED.,.F.,.F.)
B_SPLINE_CURVE_WITH_KNOTS((3,3),(0.,0.304630759810075),.UNSPECIFIED.)
CURVE()
GEOMETRIC_REPRESENTATION_ITEM()
RATIONAL_B_SPLINE_CURVE((1.,1.,1.))
REPRESENTATION_ITEM('')
);
#303=FACE_OUTER_BOUND('',#365,.T.);
#304=FACE_OUTER_BOUND('',#366,.T.);
#305=FACE_OUTER_BOUND('',#367,.T.);
#306=FACE_OUTER_BOUND('',#368,.T.);
#307=FACE_OUTER_BOUND('',#369,.T.);
#308=FACE_OUTER_BOUND('',#372,.T.);
#309=FACE_OUTER_BOUND('',#373,.T.);
#310=FACE_OUTER_BOUND('',#374,.T.);
#311=FACE_OUTER_BOUND('',#375,.T.);
#312=FACE_OUTER_BOUND('',#376,.T.);
#313=FACE_OUTER_BOUND('',#377,.T.);
#314=FACE_OUTER_BOUND('',#378,.T.);
#315=FACE_OUTER_BOUND('',#379,.T.);
#316=FACE_OUTER_BOUND('',#380,.T.);
#317=FACE_OUTER_BOUND('',#381,.T.);
#318=FACE_OUTER_BOUND('',#382,.T.);
#319=FACE_OUTER_BOUND('',#385,.T.);
#320=FACE_OUTER_BOUND('',#386,.T.);
#321=FACE_OUTER_BOUND('',#387,.T.);
#322=FACE_OUTER_BOUND('',#388,.T.);
#323=FACE_OUTER_BOUND('',#389,.T.);
#324=FACE_OUTER_BOUND('',#390,.T.);
#325=FACE_OUTER_BOUND('',#391,.T.);
#326=FACE_OUTER_BOUND('',#392,.T.);
#327=FACE_OUTER_BOUND('',#393,.T.);
#328=FACE_OUTER_BOUND('',#394,.T.);
#329=FACE_OUTER_BOUND('',#395,.T.);
#330=FACE_OUTER_BOUND('',#396,.T.);
#331=FACE_OUTER_BOUND('',#397,.T.);
#332=FACE_OUTER_BOUND('',#398,.T.);
#333=FACE_OUTER_BOUND('',#399,.T.);
#334=FACE_OUTER_BOUND('',#400,.T.);
#335=FACE_OUTER_BOUND('',#402,.T.);
#336=FACE_OUTER_BOUND('',#403,.T.);
#337=FACE_OUTER_BOUND('',#405,.T.);
#338=FACE_OUTER_BOUND('',#406,.T.);
#339=FACE_OUTER_BOUND('',#407,.T.);
#340=FACE_OUTER_BOUND('',#408,.T.);
#341=FACE_OUTER_BOUND('',#409,.T.);
#342=FACE_OUTER_BOUND('',#410,.T.);
#343=FACE_OUTER_BOUND('',#411,.T.);
#344=FACE_OUTER_BOUND('',#412,.T.);
#345=FACE_OUTER_BOUND('',#413,.T.);
#346=FACE_OUTER_BOUND('',#414,.T.);
#347=FACE_OUTER_BOUND('',#415,.T.);
#348=FACE_OUTER_BOUND('',#418,.T.);
#349=FACE_OUTER_BOUND('',#420,.T.);
#350=FACE_OUTER_BOUND('',#421,.T.);
#351=FACE_OUTER_BOUND('',#422,.T.);
#352=FACE_OUTER_BOUND('',#423,.T.);
#353=FACE_OUTER_BOUND('',#424,.T.);
#354=FACE_OUTER_BOUND('',#425,.T.);
#355=FACE_OUTER_BOUND('',#426,.T.);
#356=FACE_OUTER_BOUND('',#427,.T.);
#357=FACE_OUTER_BOUND('',#428,.T.);
#358=FACE_OUTER_BOUND('',#429,.T.);
#359=FACE_OUTER_BOUND('',#430,.T.);
#360=FACE_OUTER_BOUND('',#432,.T.);
#361=FACE_OUTER_BOUND('',#433,.T.);
#362=FACE_OUTER_BOUND('',#436,.T.);
#363=FACE_OUTER_BOUND('',#437,.T.);
#364=FACE_OUTER_BOUND('',#438,.T.);
#365=EDGE_LOOP('',(#756));
#366=EDGE_LOOP('',(#757));
#367=EDGE_LOOP('',(#758,#759,#760,#761,#762,#763,#764));
#368=EDGE_LOOP('',(#765,#766,#767,#768,#769,#770));
#369=EDGE_LOOP('',(#771,#772,#773,#774,#775,#776,#777,#778));
#370=EDGE_LOOP('',(#779));
#371=EDGE_LOOP('',(#780,#781,#782,#783));
#372=EDGE_LOOP('',(#784,#785,#786,#787,#788,#789));
#373=EDGE_LOOP('',(#790,#791,#792,#793,#794,#795,#796,#797,#798,#799));
#374=EDGE_LOOP('',(#800,#801,#802,#803,#804));
#375=EDGE_LOOP('',(#805,#806,#807,#808,#809));
#376=EDGE_LOOP('',(#810,#811,#812,#813));
#377=EDGE_LOOP('',(#814,#815,#816,#817));
#378=EDGE_LOOP('',(#818,#819,#820,#821));
#379=EDGE_LOOP('',(#822,#823,#824,#825));
#380=EDGE_LOOP('',(#826,#827,#828,#829,#830));
#381=EDGE_LOOP('',(#831,#832,#833,#834));
#382=EDGE_LOOP('',(#835,#836,#837,#838,#839,#840,#841,#842,#843));
#383=EDGE_LOOP('',(#844,#845,#846,#847));
#384=EDGE_LOOP('',(#848));
#385=EDGE_LOOP('',(#849,#850,#851,#852,#853,#854));
#386=EDGE_LOOP('',(#855,#856,#857,#858));
#387=EDGE_LOOP('',(#859,#860,#861,#862,#863));
#388=EDGE_LOOP('',(#864,#865,#866,#867,#868,#869,#870,#871,#872,#873,#874,
#875,#876,#877,#878,#879));
#389=EDGE_LOOP('',(#880,#881,#882,#883,#884));
#390=EDGE_LOOP('',(#885,#886,#887,#888));
#391=EDGE_LOOP('',(#889,#890,#891,#892));
#392=EDGE_LOOP('',(#893,#894,#895,#896,#897,#898,#899));
#393=EDGE_LOOP('',(#900,#901,#902,#903,#904,#905,#906));
#394=EDGE_LOOP('',(#907,#908,#909,#910,#911,#912,#913));
#395=EDGE_LOOP('',(#914,#915,#916,#917,#918,#919,#920));
#396=EDGE_LOOP('',(#921,#922,#923,#924,#925,#926,#927));
#397=EDGE_LOOP('',(#928,#929,#930,#931,#932,#933,#934));
#398=EDGE_LOOP('',(#935,#936,#937,#938,#939,#940,#941));
#399=EDGE_LOOP('',(#942,#943,#944,#945,#946,#947,#948));
#400=EDGE_LOOP('',(#949,#950,#951,#952,#953));
#401=EDGE_LOOP('',(#954));
#402=EDGE_LOOP('',(#955,#956,#957,#958));
#403=EDGE_LOOP('',(#959,#960,#961,#962,#963));
#404=EDGE_LOOP('',(#964));
#405=EDGE_LOOP('',(#965,#966,#967,#968,#969));
#406=EDGE_LOOP('',(#970,#971,#972,#973));
#407=EDGE_LOOP('',(#974,#975,#976,#977,#978,#979));
#408=EDGE_LOOP('',(#980,#981,#982,#983,#984));
#409=EDGE_LOOP('',(#985,#986,#987,#988));
#410=EDGE_LOOP('',(#989,#990,#991,#992));
#411=EDGE_LOOP('',(#993,#994,#995,#996));
#412=EDGE_LOOP('',(#997,#998,#999,#1000));
#413=EDGE_LOOP('',(#1001,#1002,#1003,#1004));
#414=EDGE_LOOP('',(#1005,#1006,#1007,#1008,#1009));
#415=EDGE_LOOP('',(#1010,#1011,#1012,#1013,#1014,#1015,#1016,#1017));
#416=EDGE_LOOP('',(#1018));
#417=EDGE_LOOP('',(#1019));
#418=EDGE_LOOP('',(#1020));
#419=EDGE_LOOP('',(#1021));
#420=EDGE_LOOP('',(#1022,#1023,#1024,#1025,#1026));
#421=EDGE_LOOP('',(#1027,#1028,#1029,#1030));
#422=EDGE_LOOP('',(#1031));
#423=EDGE_LOOP('',(#1032,#1033,#1034,#1035,#1036,#1037));
#424=EDGE_LOOP('',(#1038,#1039,#1040,#1041,#1042));
#425=EDGE_LOOP('',(#1043,#1044,#1045,#1046,#1047,#1048));
#426=EDGE_LOOP('',(#1049,#1050,#1051,#1052));
#427=EDGE_LOOP('',(#1053,#1054,#1055,#1056));
#428=EDGE_LOOP('',(#1057,#1058,#1059,#1060));
#429=EDGE_LOOP('',(#1061,#1062,#1063,#1064));
#430=EDGE_LOOP('',(#1065));
#431=EDGE_LOOP('',(#1066));
#432=EDGE_LOOP('',(#1067,#1068,#1069,#1070));
#433=EDGE_LOOP('',(#1071,#1072,#1073,#1074,#1075,#1076,#1077,#1078));
#434=EDGE_LOOP('',(#1079));
#435=EDGE_LOOP('',(#1080));
#436=EDGE_LOOP('',(#1081,#1082,#1083,#1084,#1085,#1086,#1087,#1088,#1089,
#1090));
#437=EDGE_LOOP('',(#1091));
#438=EDGE_LOOP('',(#1092,#1093,#1094,#1095));
#439=CIRCLE('',#1216,1.25);
#440=CIRCLE('',#1218,1.25);
#441=CIRCLE('',#1221,2.);
#442=CIRCLE('',#1222,3.00000000000025);
#443=CIRCLE('',#1224,2.75);
#444=CIRCLE('',#1225,1.49999999999999);
#445=CIRCLE('',#1237,2.99999999999998);
#446=CIRCLE('',#1238,2.99999999999998);
#447=CIRCLE('',#1239,1.5);
#448=CIRCLE('',#1240,2.75);
#449=CIRCLE('',#1246,5.);
#450=CIRCLE('',#1247,5.);
#451=CIRCLE('',#1249,3.);
#452=CIRCLE('',#1250,5.);
#453=CIRCLE('',#1251,3.);
#454=CIRCLE('',#1253,5.);
#455=CIRCLE('',#1269,2.);
#456=CIRCLE('',#1270,1.25);
#457=CIRCLE('',#1272,2.);
#458=CIRCLE('',#1274,2.);
#459=CIRCLE('',#1275,1.25);
#460=CIRCLE('',#1277,2.);
#461=CIRCLE('',#1280,3.);
#462=CIRCLE('',#1283,2.);
#463=CIRCLE('',#1285,1.49999999999999);
#464=CIRCLE('',#1287,2.75);
#465=CIRCLE('',#1290,1.7);
#466=CIRCLE('',#1291,1.7);
#467=CIRCLE('',#1294,2.6);
#468=CIRCLE('',#1300,3.);
#469=CIRCLE('',#1303,2.);
#470=CIRCLE('',#1305,2.);
#471=CIRCLE('',#1307,1.5);
#472=CIRCLE('',#1309,2.75);
#473=CIRCLE('',#1312,1.7);
#474=CIRCLE('',#1314,1.7);
#475=CIRCLE('',#1316,2.6);
#476=VERTEX_POINT('',#1658);
#477=VERTEX_POINT('',#1661);
#478=VERTEX_POINT('',#1664);
#479=VERTEX_POINT('',#1665);
#480=VERTEX_POINT('',#1669);
#481=VERTEX_POINT('',#1673);
#482=VERTEX_POINT('',#1675);
#483=VERTEX_POINT('',#1677);
#484=VERTEX_POINT('',#1679);
#485=VERTEX_POINT('',#1683);
#486=VERTEX_POINT('',#1688);
#487=VERTEX_POINT('',#1690);
#488=VERTEX_POINT('',#1692);
#489=VERTEX_POINT('',#1694);
#490=VERTEX_POINT('',#1697);
#491=VERTEX_POINT('',#1699);
#492=VERTEX_POINT('',#1700);
#493=VERTEX_POINT('',#1702);
#494=VERTEX_POINT('',#1704);
#495=VERTEX_POINT('',#1708);
#496=VERTEX_POINT('',#1709);
#497=VERTEX_POINT('',#1713);
#498=VERTEX_POINT('',#1715);
#499=VERTEX_POINT('',#1717);
#500=VERTEX_POINT('',#1719);
#501=VERTEX_POINT('',#1723);
#502=VERTEX_POINT('',#1725);
#503=VERTEX_POINT('',#1728);
#504=VERTEX_POINT('',#1730);
#505=VERTEX_POINT('',#1732);
#506=VERTEX_POINT('',#1734);
#507=VERTEX_POINT('',#1738);
#508=VERTEX_POINT('',#1740);
#509=VERTEX_POINT('',#1744);
#510=VERTEX_POINT('',#1748);
#511=VERTEX_POINT('',#1752);
#512=VERTEX_POINT('',#1756);
#513=VERTEX_POINT('',#1760);
#514=VERTEX_POINT('',#1761);
#515=VERTEX_POINT('',#1764);
#516=VERTEX_POINT('',#1770);
#517=VERTEX_POINT('',#1772);
#518=VERTEX_POINT('',#1777);
#519=VERTEX_POINT('',#1780);
#520=VERTEX_POINT('',#1781);
#521=VERTEX_POINT('',#1783);
#522=VERTEX_POINT('',#1785);
#523=VERTEX_POINT('',#1788);
#524=VERTEX_POINT('',#1791);
#525=VERTEX_POINT('',#1792);
#526=VERTEX_POINT('',#1794);
#527=VERTEX_POINT('',#1796);
#528=VERTEX_POINT('',#1798);
#529=VERTEX_POINT('',#1800);
#530=VERTEX_POINT('',#1804);
#531=VERTEX_POINT('',#1806);
#532=VERTEX_POINT('',#1810);
#533=VERTEX_POINT('',#1812);
#534=VERTEX_POINT('',#1816);
#535=VERTEX_POINT('',#1818);
#536=VERTEX_POINT('',#1820);
#537=VERTEX_POINT('',#1822);
#538=VERTEX_POINT('',#1825);
#539=VERTEX_POINT('',#1827);
#540=VERTEX_POINT('',#1829);
#541=VERTEX_POINT('',#1831);
#542=VERTEX_POINT('',#1833);
#543=VERTEX_POINT('',#1837);
#544=VERTEX_POINT('',#1839);
#545=VERTEX_POINT('',#1843);
#546=VERTEX_POINT('',#1849);
#547=VERTEX_POINT('',#1852);
#548=VERTEX_POINT('',#1856);
#549=VERTEX_POINT('',#1859);
#550=VERTEX_POINT('',#1863);
#551=VERTEX_POINT('',#1866);
#552=VERTEX_POINT('',#1870);
#553=VERTEX_POINT('',#1872);
#554=VERTEX_POINT('',#1874);
#555=VERTEX_POINT('',#1878);
#556=VERTEX_POINT('',#1880);
#557=VERTEX_POINT('',#1884);
#558=VERTEX_POINT('',#1887);
#559=VERTEX_POINT('',#1891);
#560=VERTEX_POINT('',#1893);
#561=VERTEX_POINT('',#1897);
#562=VERTEX_POINT('',#1899);
#563=VERTEX_POINT('',#1903);
#564=VERTEX_POINT('',#1906);
#565=VERTEX_POINT('',#1909);
#566=VERTEX_POINT('',#1913);
#567=VERTEX_POINT('',#1916);
#568=VERTEX_POINT('',#1919);
#569=VERTEX_POINT('',#1921);
#570=VERTEX_POINT('',#1927);
#571=VERTEX_POINT('',#1931);
#572=VERTEX_POINT('',#1935);
#573=VERTEX_POINT('',#1942);
#574=VERTEX_POINT('',#1948);
#575=VERTEX_POINT('',#1950);
#576=VERTEX_POINT('',#1956);
#577=VERTEX_POINT('',#1958);
#578=VERTEX_POINT('',#1964);
#579=VERTEX_POINT('',#1969);
#580=VERTEX_POINT('',#1975);
#581=VERTEX_POINT('',#1979);
#582=VERTEX_POINT('',#1985);
#583=VERTEX_POINT('',#1991);
#584=VERTEX_POINT('',#1994);
#585=VERTEX_POINT('',#1998);
#586=EDGE_CURVE('',#476,#476,#439,.T.);
#587=EDGE_CURVE('',#477,#477,#440,.T.);
#588=EDGE_CURVE('',#478,#479,#300,.T.);
#589=EDGE_CURVE('',#479,#480,#301,.T.);
#590=EDGE_CURVE('',#480,#481,#52,.T.);
#591=EDGE_CURVE('',#481,#482,#53,.T.);
#592=EDGE_CURVE('',#482,#483,#54,.T.);
#593=EDGE_CURVE('',#483,#484,#55,.T.);
#594=EDGE_CURVE('',#484,#478,#56,.T.);
#595=EDGE_CURVE('',#485,#485,#441,.T.);
#596=EDGE_CURVE('',#485,#479,#57,.T.);
#597=EDGE_CURVE('',#478,#480,#442,.T.);
#598=EDGE_CURVE('',#484,#486,#58,.T.);
#599=EDGE_CURVE('',#486,#487,#59,.T.);
#600=EDGE_CURVE('',#488,#487,#60,.T.);
#601=EDGE_CURVE('',#489,#488,#61,.T.);
#602=EDGE_CURVE('',#481,#489,#62,.T.);
#603=EDGE_CURVE('',#490,#490,#443,.T.);
#604=EDGE_CURVE('',#491,#492,#444,.T.);
#605=EDGE_CURVE('',#491,#493,#63,.T.);
#606=EDGE_CURVE('',#493,#494,#64,.T.);
#607=EDGE_CURVE('',#494,#492,#65,.T.);
#608=EDGE_CURVE('',#495,#496,#302,.T.);
#609=EDGE_CURVE('',#496,#497,#66,.T.);
#610=EDGE_CURVE('',#497,#498,#67,.T.);
#611=EDGE_CURVE('',#498,#499,#68,.T.);
#612=EDGE_CURVE('',#499,#500,#69,.T.);
#613=EDGE_CURVE('',#500,#495,#70,.T.);
#614=EDGE_CURVE('',#501,#482,#71,.T.);
#615=EDGE_CURVE('',#502,#501,#72,.T.);
#616=EDGE_CURVE('',#499,#502,#73,.T.);
#617=EDGE_CURVE('',#498,#503,#74,.T.);
#618=EDGE_CURVE('',#503,#504,#75,.T.);
#619=EDGE_CURVE('',#505,#504,#76,.T.);
#620=EDGE_CURVE('',#506,#505,#77,.T.);
#621=EDGE_CURVE('',#506,#483,#78,.T.);
#622=EDGE_CURVE('',#507,#497,#79,.T.);
#623=EDGE_CURVE('',#508,#507,#80,.T.);
#624=EDGE_CURVE('',#503,#508,#81,.T.);
#625=EDGE_CURVE('',#489,#509,#82,.T.);
#626=EDGE_CURVE('',#509,#501,#83,.T.);
#627=EDGE_CURVE('',#488,#510,#84,.T.);
#628=EDGE_CURVE('',#510,#509,#85,.T.);
#629=EDGE_CURVE('',#487,#511,#86,.T.);
#630=EDGE_CURVE('',#511,#510,#87,.T.);
#631=EDGE_CURVE('',#509,#512,#88,.T.);
#632=EDGE_CURVE('',#502,#512,#89,.T.);
#633=EDGE_CURVE('',#513,#514,#90,.T.);
#634=EDGE_CURVE('',#514,#512,#91,.T.);
#635=EDGE_CURVE('',#512,#515,#92,.T.);
#636=EDGE_CURVE('',#515,#513,#93,.T.);
#637=EDGE_CURVE('',#514,#500,#94,.T.);
#638=EDGE_CURVE('',#515,#516,#95,.T.);
#639=EDGE_CURVE('',#516,#517,#96,.T.);
#640=EDGE_CURVE('',#517,#513,#97,.T.);
#641=EDGE_CURVE('',#507,#517,#98,.T.);
#642=EDGE_CURVE('',#518,#496,#445,.T.);
#643=EDGE_CURVE('',#495,#518,#446,.T.);
#644=EDGE_CURVE('',#519,#520,#447,.T.);
#645=EDGE_CURVE('',#519,#521,#99,.T.);
#646=EDGE_CURVE('',#521,#522,#100,.T.);
#647=EDGE_CURVE('',#522,#520,#101,.T.);
#648=EDGE_CURVE('',#523,#523,#448,.T.);
#649=EDGE_CURVE('',#524,#525,#102,.T.);
#650=EDGE_CURVE('',#526,#524,#103,.T.);
#651=EDGE_CURVE('',#527,#526,#104,.T.);
#652=EDGE_CURVE('',#528,#527,#32,.T.);
#653=EDGE_CURVE('',#529,#528,#105,.T.);
#654=EDGE_CURVE('',#525,#529,#33,.T.);
#655=EDGE_CURVE('',#530,#525,#106,.T.);
#656=EDGE_CURVE('',#530,#531,#107,.T.);
#657=EDGE_CURVE('',#524,#531,#108,.T.);
#658=EDGE_CURVE('',#529,#532,#449,.T.);
#659=EDGE_CURVE('',#532,#533,#109,.T.);
#660=EDGE_CURVE('',#533,#530,#450,.T.);
#661=EDGE_CURVE('',#534,#510,#110,.T.);
#662=EDGE_CURVE('',#534,#535,#451,.T.);
#663=EDGE_CURVE('',#536,#535,#111,.T.);
#664=EDGE_CURVE('',#536,#537,#112,.T.);
#665=EDGE_CURVE('',#537,#532,#113,.T.);
#666=EDGE_CURVE('',#538,#528,#452,.T.);
#667=EDGE_CURVE('',#538,#539,#114,.T.);
#668=EDGE_CURVE('',#539,#540,#115,.T.);
#669=EDGE_CURVE('',#541,#540,#116,.T.);
#670=EDGE_CURVE('',#541,#542,#453,.T.);
#671=EDGE_CURVE('',#515,#542,#117,.T.);
#672=EDGE_CURVE('',#527,#543,#118,.T.);
#673=EDGE_CURVE('',#543,#544,#454,.T.);
#674=EDGE_CURVE('',#544,#538,#119,.T.);
#675=EDGE_CURVE('',#545,#526,#120,.T.);
#676=EDGE_CURVE('',#543,#545,#121,.T.);
#677=EDGE_CURVE('',#531,#545,#122,.T.);
#678=EDGE_CURVE('',#546,#537,#123,.T.);
#679=EDGE_CURVE('',#493,#546,#124,.T.);
#680=EDGE_CURVE('',#547,#491,#125,.T.);
#681=EDGE_CURVE('',#547,#533,#126,.T.);
#682=EDGE_CURVE('',#544,#548,#127,.T.);
#683=EDGE_CURVE('',#548,#520,#128,.T.);
#684=EDGE_CURVE('',#522,#549,#129,.T.);
#685=EDGE_CURVE('',#549,#539,#130,.T.);
#686=EDGE_CURVE('',#511,#550,#131,.T.);
#687=EDGE_CURVE('',#550,#536,#132,.T.);
#688=EDGE_CURVE('',#535,#551,#34,.T.);
#689=EDGE_CURVE('',#551,#534,#35,.T.);
#690=EDGE_CURVE('',#552,#550,#133,.T.);
#691=EDGE_CURVE('',#552,#553,#134,.T.);
#692=EDGE_CURVE('',#553,#554,#135,.T.);
#693=EDGE_CURVE('',#546,#554,#136,.T.);
#694=EDGE_CURVE('',#486,#555,#137,.T.);
#695=EDGE_CURVE('',#556,#555,#138,.T.);
#696=EDGE_CURVE('',#552,#556,#139,.T.);
#697=EDGE_CURVE('',#542,#557,#36,.T.);
#698=EDGE_CURVE('',#557,#541,#37,.T.);
#699=EDGE_CURVE('',#540,#558,#140,.T.);
#700=EDGE_CURVE('',#558,#516,#141,.T.);
#701=EDGE_CURVE('',#558,#559,#142,.T.);
#702=EDGE_CURVE('',#559,#560,#143,.T.);
#703=EDGE_CURVE('',#508,#560,#144,.T.);
#704=EDGE_CURVE('',#549,#561,#145,.T.);
#705=EDGE_CURVE('',#561,#562,#146,.T.);
#706=EDGE_CURVE('',#559,#562,#147,.T.);
#707=EDGE_CURVE('',#521,#563,#148,.T.);
#708=EDGE_CURVE('',#561,#563,#455,.F.);
#709=EDGE_CURVE('',#564,#564,#456,.T.);
#710=EDGE_CURVE('',#563,#565,#149,.T.);
#711=EDGE_CURVE('',#565,#562,#457,.T.);
#712=EDGE_CURVE('',#566,#554,#458,.F.);
#713=EDGE_CURVE('',#566,#494,#150,.T.);
#714=EDGE_CURVE('',#567,#567,#459,.T.);
#715=EDGE_CURVE('',#556,#568,#151,.T.);
#716=EDGE_CURVE('',#568,#569,#152,.T.);
#717=EDGE_CURVE('',#553,#569,#460,.T.);
#718=EDGE_CURVE('',#569,#566,#153,.T.);
#719=EDGE_CURVE('',#551,#570,#154,.T.);
#720=EDGE_CURVE('',#570,#570,#461,.T.);
#721=EDGE_CURVE('',#571,#519,#155,.T.);
#722=EDGE_CURVE('',#565,#571,#156,.T.);
#723=EDGE_CURVE('',#572,#572,#462,.F.);
#724=EDGE_CURVE('',#572,#485,#157,.T.);
#725=EDGE_CURVE('',#568,#492,#158,.T.);
#726=EDGE_CURVE('',#547,#568,#463,.T.);
#727=EDGE_CURVE('',#490,#573,#159,.T.);
#728=EDGE_CURVE('',#573,#573,#464,.T.);
#729=EDGE_CURVE('',#476,#567,#160,.T.);
#730=EDGE_CURVE('',#574,#574,#465,.T.);
#731=EDGE_CURVE('',#574,#575,#161,.T.);
#732=EDGE_CURVE('',#575,#575,#466,.T.);
#733=EDGE_CURVE('',#555,#506,#162,.T.);
#734=EDGE_CURVE('',#576,#505,#163,.T.);
#735=EDGE_CURVE('',#577,#576,#467,.T.);
#736=EDGE_CURVE('',#547,#577,#164,.T.);
#737=EDGE_CURVE('',#504,#578,#165,.T.);
#738=EDGE_CURVE('',#578,#576,#166,.T.);
#739=EDGE_CURVE('',#557,#579,#167,.T.);
#740=EDGE_CURVE('',#579,#579,#468,.T.);
#741=EDGE_CURVE('',#571,#560,#168,.T.);
#742=EDGE_CURVE('',#580,#580,#469,.T.);
#743=EDGE_CURVE('',#580,#518,#169,.T.);
#744=EDGE_CURVE('',#581,#581,#470,.F.);
#745=EDGE_CURVE('',#581,#580,#170,.T.);
#746=EDGE_CURVE('',#571,#548,#471,.T.);
#747=EDGE_CURVE('',#523,#582,#171,.T.);
#748=EDGE_CURVE('',#582,#582,#472,.T.);
#749=EDGE_CURVE('',#477,#564,#172,.T.);
#750=EDGE_CURVE('',#583,#583,#473,.T.);
#751=EDGE_CURVE('',#583,#584,#173,.T.);
#752=EDGE_CURVE('',#584,#584,#474,.T.);
#753=EDGE_CURVE('',#585,#548,#174,.T.);
#754=EDGE_CURVE('',#578,#585,#475,.T.);
#755=EDGE_CURVE('',#585,#577,#175,.T.);
#756=ORIENTED_EDGE('',*,*,#586,.F.);
#757=ORIENTED_EDGE('',*,*,#587,.F.);
#758=ORIENTED_EDGE('',*,*,#588,.T.);
#759=ORIENTED_EDGE('',*,*,#589,.T.);
#760=ORIENTED_EDGE('',*,*,#590,.T.);
#761=ORIENTED_EDGE('',*,*,#591,.T.);
#762=ORIENTED_EDGE('',*,*,#592,.T.);
#763=ORIENTED_EDGE('',*,*,#593,.T.);
#764=ORIENTED_EDGE('',*,*,#594,.T.);
#765=ORIENTED_EDGE('',*,*,#595,.T.);
#766=ORIENTED_EDGE('',*,*,#596,.T.);
#767=ORIENTED_EDGE('',*,*,#588,.F.);
#768=ORIENTED_EDGE('',*,*,#597,.T.);
#769=ORIENTED_EDGE('',*,*,#589,.F.);
#770=ORIENTED_EDGE('',*,*,#596,.F.);
#771=ORIENTED_EDGE('',*,*,#590,.F.);
#772=ORIENTED_EDGE('',*,*,#597,.F.);
#773=ORIENTED_EDGE('',*,*,#594,.F.);
#774=ORIENTED_EDGE('',*,*,#598,.T.);
#775=ORIENTED_EDGE('',*,*,#599,.T.);
#776=ORIENTED_EDGE('',*,*,#600,.F.);
#777=ORIENTED_EDGE('',*,*,#601,.F.);
#778=ORIENTED_EDGE('',*,*,#602,.F.);
#779=ORIENTED_EDGE('',*,*,#603,.T.);
#780=ORIENTED_EDGE('',*,*,#604,.F.);
#781=ORIENTED_EDGE('',*,*,#605,.T.);
#782=ORIENTED_EDGE('',*,*,#606,.T.);
#783=ORIENTED_EDGE('',*,*,#607,.T.);
#784=ORIENTED_EDGE('',*,*,#608,.T.);
#785=ORIENTED_EDGE('',*,*,#609,.T.);
#786=ORIENTED_EDGE('',*,*,#610,.T.);
#787=ORIENTED_EDGE('',*,*,#611,.T.);
#788=ORIENTED_EDGE('',*,*,#612,.T.);
#789=ORIENTED_EDGE('',*,*,#613,.T.);
#790=ORIENTED_EDGE('',*,*,#592,.F.);
#791=ORIENTED_EDGE('',*,*,#614,.F.);
#792=ORIENTED_EDGE('',*,*,#615,.F.);
#793=ORIENTED_EDGE('',*,*,#616,.F.);
#794=ORIENTED_EDGE('',*,*,#611,.F.);
#795=ORIENTED_EDGE('',*,*,#617,.T.);
#796=ORIENTED_EDGE('',*,*,#618,.T.);
#797=ORIENTED_EDGE('',*,*,#619,.F.);
#798=ORIENTED_EDGE('',*,*,#620,.F.);
#799=ORIENTED_EDGE('',*,*,#621,.T.);
#800=ORIENTED_EDGE('',*,*,#610,.F.);
#801=ORIENTED_EDGE('',*,*,#622,.F.);
#802=ORIENTED_EDGE('',*,*,#623,.F.);
#803=ORIENTED_EDGE('',*,*,#624,.F.);
#804=ORIENTED_EDGE('',*,*,#617,.F.);
#805=ORIENTED_EDGE('',*,*,#591,.F.);
#806=ORIENTED_EDGE('',*,*,#602,.T.);
#807=ORIENTED_EDGE('',*,*,#625,.T.);
#808=ORIENTED_EDGE('',*,*,#626,.T.);
#809=ORIENTED_EDGE('',*,*,#614,.T.);
#810=ORIENTED_EDGE('',*,*,#601,.T.);
#811=ORIENTED_EDGE('',*,*,#627,.T.);
#812=ORIENTED_EDGE('',*,*,#628,.T.);
#813=ORIENTED_EDGE('',*,*,#625,.F.);
#814=ORIENTED_EDGE('',*,*,#600,.T.);
#815=ORIENTED_EDGE('',*,*,#629,.T.);
#816=ORIENTED_EDGE('',*,*,#630,.T.);
#817=ORIENTED_EDGE('',*,*,#627,.F.);
#818=ORIENTED_EDGE('',*,*,#626,.F.);
#819=ORIENTED_EDGE('',*,*,#631,.T.);
#820=ORIENTED_EDGE('',*,*,#632,.F.);
#821=ORIENTED_EDGE('',*,*,#615,.T.);
#822=ORIENTED_EDGE('',*,*,#633,.T.);
#823=ORIENTED_EDGE('',*,*,#634,.T.);
#824=ORIENTED_EDGE('',*,*,#635,.T.);
#825=ORIENTED_EDGE('',*,*,#636,.T.);
#826=ORIENTED_EDGE('',*,*,#612,.F.);
#827=ORIENTED_EDGE('',*,*,#616,.T.);
#828=ORIENTED_EDGE('',*,*,#632,.T.);
#829=ORIENTED_EDGE('',*,*,#634,.F.);
#830=ORIENTED_EDGE('',*,*,#637,.T.);
#831=ORIENTED_EDGE('',*,*,#638,.T.);
#832=ORIENTED_EDGE('',*,*,#639,.T.);
#833=ORIENTED_EDGE('',*,*,#640,.T.);
#834=ORIENTED_EDGE('',*,*,#636,.F.);
#835=ORIENTED_EDGE('',*,*,#613,.F.);
#836=ORIENTED_EDGE('',*,*,#637,.F.);
#837=ORIENTED_EDGE('',*,*,#633,.F.);
#838=ORIENTED_EDGE('',*,*,#640,.F.);
#839=ORIENTED_EDGE('',*,*,#641,.F.);
#840=ORIENTED_EDGE('',*,*,#622,.T.);
#841=ORIENTED_EDGE('',*,*,#609,.F.);
#842=ORIENTED_EDGE('',*,*,#642,.F.);
#843=ORIENTED_EDGE('',*,*,#643,.F.);
#844=ORIENTED_EDGE('',*,*,#644,.F.);
#845=ORIENTED_EDGE('',*,*,#645,.T.);
#846=ORIENTED_EDGE('',*,*,#646,.T.);
#847=ORIENTED_EDGE('',*,*,#647,.T.);
#848=ORIENTED_EDGE('',*,*,#648,.T.);
#849=ORIENTED_EDGE('',*,*,#649,.F.);
#850=ORIENTED_EDGE('',*,*,#650,.F.);
#851=ORIENTED_EDGE('',*,*,#651,.F.);
#852=ORIENTED_EDGE('',*,*,#652,.F.);
#853=ORIENTED_EDGE('',*,*,#653,.F.);
#854=ORIENTED_EDGE('',*,*,#654,.F.);
#855=ORIENTED_EDGE('',*,*,#649,.T.);
#856=ORIENTED_EDGE('',*,*,#655,.F.);
#857=ORIENTED_EDGE('',*,*,#656,.T.);
#858=ORIENTED_EDGE('',*,*,#657,.F.);
#859=ORIENTED_EDGE('',*,*,#654,.T.);
#860=ORIENTED_EDGE('',*,*,#658,.T.);
#861=ORIENTED_EDGE('',*,*,#659,.T.);
#862=ORIENTED_EDGE('',*,*,#660,.T.);
#863=ORIENTED_EDGE('',*,*,#655,.T.);
#864=ORIENTED_EDGE('',*,*,#628,.F.);
#865=ORIENTED_EDGE('',*,*,#661,.F.);
#866=ORIENTED_EDGE('',*,*,#662,.T.);
#867=ORIENTED_EDGE('',*,*,#663,.F.);
#868=ORIENTED_EDGE('',*,*,#664,.T.);
#869=ORIENTED_EDGE('',*,*,#665,.T.);
#870=ORIENTED_EDGE('',*,*,#658,.F.);
#871=ORIENTED_EDGE('',*,*,#653,.T.);
#872=ORIENTED_EDGE('',*,*,#666,.F.);
#873=ORIENTED_EDGE('',*,*,#667,.T.);
#874=ORIENTED_EDGE('',*,*,#668,.T.);
#875=ORIENTED_EDGE('',*,*,#669,.F.);
#876=ORIENTED_EDGE('',*,*,#670,.T.);
#877=ORIENTED_EDGE('',*,*,#671,.F.);
#878=ORIENTED_EDGE('',*,*,#635,.F.);
#879=ORIENTED_EDGE('',*,*,#631,.F.);
#880=ORIENTED_EDGE('',*,*,#652,.T.);
#881=ORIENTED_EDGE('',*,*,#672,.T.);
#882=ORIENTED_EDGE('',*,*,#673,.T.);
#883=ORIENTED_EDGE('',*,*,#674,.T.);
#884=ORIENTED_EDGE('',*,*,#666,.T.);
#885=ORIENTED_EDGE('',*,*,#651,.T.);
#886=ORIENTED_EDGE('',*,*,#675,.F.);
#887=ORIENTED_EDGE('',*,*,#676,.F.);
#888=ORIENTED_EDGE('',*,*,#672,.F.);
#889=ORIENTED_EDGE('',*,*,#650,.T.);
#890=ORIENTED_EDGE('',*,*,#657,.T.);
#891=ORIENTED_EDGE('',*,*,#677,.T.);
#892=ORIENTED_EDGE('',*,*,#675,.T.);
#893=ORIENTED_EDGE('',*,*,#659,.F.);
#894=ORIENTED_EDGE('',*,*,#665,.F.);
#895=ORIENTED_EDGE('',*,*,#678,.F.);
#896=ORIENTED_EDGE('',*,*,#679,.F.);
#897=ORIENTED_EDGE('',*,*,#605,.F.);
#898=ORIENTED_EDGE('',*,*,#680,.F.);
#899=ORIENTED_EDGE('',*,*,#681,.T.);
#900=ORIENTED_EDGE('',*,*,#674,.F.);
#901=ORIENTED_EDGE('',*,*,#682,.T.);
#902=ORIENTED_EDGE('',*,*,#683,.T.);
#903=ORIENTED_EDGE('',*,*,#647,.F.);
#904=ORIENTED_EDGE('',*,*,#684,.T.);
#905=ORIENTED_EDGE('',*,*,#685,.T.);
#906=ORIENTED_EDGE('',*,*,#667,.F.);
#907=ORIENTED_EDGE('',*,*,#630,.F.);
#908=ORIENTED_EDGE('',*,*,#686,.T.);
#909=ORIENTED_EDGE('',*,*,#687,.T.);
#910=ORIENTED_EDGE('',*,*,#663,.T.);
#911=ORIENTED_EDGE('',*,*,#688,.T.);
#912=ORIENTED_EDGE('',*,*,#689,.T.);
#913=ORIENTED_EDGE('',*,*,#661,.T.);
#914=ORIENTED_EDGE('',*,*,#687,.F.);
#915=ORIENTED_EDGE('',*,*,#690,.F.);
#916=ORIENTED_EDGE('',*,*,#691,.T.);
#917=ORIENTED_EDGE('',*,*,#692,.T.);
#918=ORIENTED_EDGE('',*,*,#693,.F.);
#919=ORIENTED_EDGE('',*,*,#678,.T.);
#920=ORIENTED_EDGE('',*,*,#664,.F.);
#921=ORIENTED_EDGE('',*,*,#629,.F.);
#922=ORIENTED_EDGE('',*,*,#599,.F.);
#923=ORIENTED_EDGE('',*,*,#694,.T.);
#924=ORIENTED_EDGE('',*,*,#695,.F.);
#925=ORIENTED_EDGE('',*,*,#696,.F.);
#926=ORIENTED_EDGE('',*,*,#690,.T.);
#927=ORIENTED_EDGE('',*,*,#686,.F.);
#928=ORIENTED_EDGE('',*,*,#638,.F.);
#929=ORIENTED_EDGE('',*,*,#671,.T.);
#930=ORIENTED_EDGE('',*,*,#697,.T.);
#931=ORIENTED_EDGE('',*,*,#698,.T.);
#932=ORIENTED_EDGE('',*,*,#669,.T.);
#933=ORIENTED_EDGE('',*,*,#699,.T.);
#934=ORIENTED_EDGE('',*,*,#700,.T.);
#935=ORIENTED_EDGE('',*,*,#639,.F.);
#936=ORIENTED_EDGE('',*,*,#700,.F.);
#937=ORIENTED_EDGE('',*,*,#701,.T.);
#938=ORIENTED_EDGE('',*,*,#702,.T.);
#939=ORIENTED_EDGE('',*,*,#703,.F.);
#940=ORIENTED_EDGE('',*,*,#623,.T.);
#941=ORIENTED_EDGE('',*,*,#641,.T.);
#942=ORIENTED_EDGE('',*,*,#699,.F.);
#943=ORIENTED_EDGE('',*,*,#668,.F.);
#944=ORIENTED_EDGE('',*,*,#685,.F.);
#945=ORIENTED_EDGE('',*,*,#704,.T.);
#946=ORIENTED_EDGE('',*,*,#705,.T.);
#947=ORIENTED_EDGE('',*,*,#706,.F.);
#948=ORIENTED_EDGE('',*,*,#701,.F.);
#949=ORIENTED_EDGE('',*,*,#704,.F.);
#950=ORIENTED_EDGE('',*,*,#684,.F.);
#951=ORIENTED_EDGE('',*,*,#646,.F.);
#952=ORIENTED_EDGE('',*,*,#707,.T.);
#953=ORIENTED_EDGE('',*,*,#708,.F.);
#954=ORIENTED_EDGE('',*,*,#709,.F.);
#955=ORIENTED_EDGE('',*,*,#705,.F.);
#956=ORIENTED_EDGE('',*,*,#708,.T.);
#957=ORIENTED_EDGE('',*,*,#710,.T.);
#958=ORIENTED_EDGE('',*,*,#711,.T.);
#959=ORIENTED_EDGE('',*,*,#693,.T.);
#960=ORIENTED_EDGE('',*,*,#712,.F.);
#961=ORIENTED_EDGE('',*,*,#713,.T.);
#962=ORIENTED_EDGE('',*,*,#606,.F.);
#963=ORIENTED_EDGE('',*,*,#679,.T.);
#964=ORIENTED_EDGE('',*,*,#714,.F.);
#965=ORIENTED_EDGE('',*,*,#696,.T.);
#966=ORIENTED_EDGE('',*,*,#715,.T.);
#967=ORIENTED_EDGE('',*,*,#716,.T.);
#968=ORIENTED_EDGE('',*,*,#717,.F.);
#969=ORIENTED_EDGE('',*,*,#691,.F.);
#970=ORIENTED_EDGE('',*,*,#692,.F.);
#971=ORIENTED_EDGE('',*,*,#717,.T.);
#972=ORIENTED_EDGE('',*,*,#718,.T.);
#973=ORIENTED_EDGE('',*,*,#712,.T.);
#974=ORIENTED_EDGE('',*,*,#688,.F.);
#975=ORIENTED_EDGE('',*,*,#662,.F.);
#976=ORIENTED_EDGE('',*,*,#689,.F.);
#977=ORIENTED_EDGE('',*,*,#719,.T.);
#978=ORIENTED_EDGE('',*,*,#720,.F.);
#979=ORIENTED_EDGE('',*,*,#719,.F.);
#980=ORIENTED_EDGE('',*,*,#710,.F.);
#981=ORIENTED_EDGE('',*,*,#707,.F.);
#982=ORIENTED_EDGE('',*,*,#645,.F.);
#983=ORIENTED_EDGE('',*,*,#721,.F.);
#984=ORIENTED_EDGE('',*,*,#722,.F.);
#985=ORIENTED_EDGE('',*,*,#723,.F.);
#986=ORIENTED_EDGE('',*,*,#724,.T.);
#987=ORIENTED_EDGE('',*,*,#595,.F.);
#988=ORIENTED_EDGE('',*,*,#724,.F.);
#989=ORIENTED_EDGE('',*,*,#604,.T.);
#990=ORIENTED_EDGE('',*,*,#725,.F.);
#991=ORIENTED_EDGE('',*,*,#726,.F.);
#992=ORIENTED_EDGE('',*,*,#680,.T.);
#993=ORIENTED_EDGE('',*,*,#603,.F.);
#994=ORIENTED_EDGE('',*,*,#727,.T.);
#995=ORIENTED_EDGE('',*,*,#728,.F.);
#996=ORIENTED_EDGE('',*,*,#727,.F.);
#997=ORIENTED_EDGE('',*,*,#586,.T.);
#998=ORIENTED_EDGE('',*,*,#729,.T.);
#999=ORIENTED_EDGE('',*,*,#714,.T.);
#1000=ORIENTED_EDGE('',*,*,#729,.F.);
#1001=ORIENTED_EDGE('',*,*,#730,.F.);
#1002=ORIENTED_EDGE('',*,*,#731,.T.);
#1003=ORIENTED_EDGE('',*,*,#732,.F.);
#1004=ORIENTED_EDGE('',*,*,#731,.F.);
#1005=ORIENTED_EDGE('',*,*,#593,.F.);
#1006=ORIENTED_EDGE('',*,*,#621,.F.);
#1007=ORIENTED_EDGE('',*,*,#733,.F.);
#1008=ORIENTED_EDGE('',*,*,#694,.F.);
#1009=ORIENTED_EDGE('',*,*,#598,.F.);
#1010=ORIENTED_EDGE('',*,*,#733,.T.);
#1011=ORIENTED_EDGE('',*,*,#620,.T.);
#1012=ORIENTED_EDGE('',*,*,#734,.F.);
#1013=ORIENTED_EDGE('',*,*,#735,.F.);
#1014=ORIENTED_EDGE('',*,*,#736,.F.);
#1015=ORIENTED_EDGE('',*,*,#726,.T.);
#1016=ORIENTED_EDGE('',*,*,#715,.F.);
#1017=ORIENTED_EDGE('',*,*,#695,.T.);
#1018=ORIENTED_EDGE('',*,*,#732,.T.);
#1019=ORIENTED_EDGE('',*,*,#723,.T.);
#1020=ORIENTED_EDGE('',*,*,#728,.T.);
#1021=ORIENTED_EDGE('',*,*,#730,.T.);
#1022=ORIENTED_EDGE('',*,*,#718,.F.);
#1023=ORIENTED_EDGE('',*,*,#716,.F.);
#1024=ORIENTED_EDGE('',*,*,#725,.T.);
#1025=ORIENTED_EDGE('',*,*,#607,.F.);
#1026=ORIENTED_EDGE('',*,*,#713,.F.);
#1027=ORIENTED_EDGE('',*,*,#619,.T.);
#1028=ORIENTED_EDGE('',*,*,#737,.T.);
#1029=ORIENTED_EDGE('',*,*,#738,.T.);
#1030=ORIENTED_EDGE('',*,*,#734,.T.);
#1031=ORIENTED_EDGE('',*,*,#720,.T.);
#1032=ORIENTED_EDGE('',*,*,#697,.F.);
#1033=ORIENTED_EDGE('',*,*,#670,.F.);
#1034=ORIENTED_EDGE('',*,*,#698,.F.);
#1035=ORIENTED_EDGE('',*,*,#739,.T.);
#1036=ORIENTED_EDGE('',*,*,#740,.F.);
#1037=ORIENTED_EDGE('',*,*,#739,.F.);
#1038=ORIENTED_EDGE('',*,*,#706,.T.);
#1039=ORIENTED_EDGE('',*,*,#711,.F.);
#1040=ORIENTED_EDGE('',*,*,#722,.T.);
#1041=ORIENTED_EDGE('',*,*,#741,.T.);
#1042=ORIENTED_EDGE('',*,*,#702,.F.);
#1043=ORIENTED_EDGE('',*,*,#742,.T.);
#1044=ORIENTED_EDGE('',*,*,#743,.T.);
#1045=ORIENTED_EDGE('',*,*,#642,.T.);
#1046=ORIENTED_EDGE('',*,*,#608,.F.);
#1047=ORIENTED_EDGE('',*,*,#643,.T.);
#1048=ORIENTED_EDGE('',*,*,#743,.F.);
#1049=ORIENTED_EDGE('',*,*,#744,.F.);
#1050=ORIENTED_EDGE('',*,*,#745,.T.);
#1051=ORIENTED_EDGE('',*,*,#742,.F.);
#1052=ORIENTED_EDGE('',*,*,#745,.F.);
#1053=ORIENTED_EDGE('',*,*,#644,.T.);
#1054=ORIENTED_EDGE('',*,*,#683,.F.);
#1055=ORIENTED_EDGE('',*,*,#746,.F.);
#1056=ORIENTED_EDGE('',*,*,#721,.T.);
#1057=ORIENTED_EDGE('',*,*,#648,.F.);
#1058=ORIENTED_EDGE('',*,*,#747,.T.);
#1059=ORIENTED_EDGE('',*,*,#748,.F.);
#1060=ORIENTED_EDGE('',*,*,#747,.F.);
#1061=ORIENTED_EDGE('',*,*,#587,.T.);
#1062=ORIENTED_EDGE('',*,*,#749,.T.);
#1063=ORIENTED_EDGE('',*,*,#709,.T.);
#1064=ORIENTED_EDGE('',*,*,#749,.F.);
#1065=ORIENTED_EDGE('',*,*,#748,.T.);
#1066=ORIENTED_EDGE('',*,*,#750,.T.);
#1067=ORIENTED_EDGE('',*,*,#750,.F.);
#1068=ORIENTED_EDGE('',*,*,#751,.T.);
#1069=ORIENTED_EDGE('',*,*,#752,.F.);
#1070=ORIENTED_EDGE('',*,*,#751,.F.);
#1071=ORIENTED_EDGE('',*,*,#624,.T.);
#1072=ORIENTED_EDGE('',*,*,#703,.T.);
#1073=ORIENTED_EDGE('',*,*,#741,.F.);
#1074=ORIENTED_EDGE('',*,*,#746,.T.);
#1075=ORIENTED_EDGE('',*,*,#753,.F.);
#1076=ORIENTED_EDGE('',*,*,#754,.F.);
#1077=ORIENTED_EDGE('',*,*,#737,.F.);
#1078=ORIENTED_EDGE('',*,*,#618,.F.);
#1079=ORIENTED_EDGE('',*,*,#752,.T.);
#1080=ORIENTED_EDGE('',*,*,#744,.T.);
#1081=ORIENTED_EDGE('',*,*,#755,.F.);
#1082=ORIENTED_EDGE('',*,*,#753,.T.);
#1083=ORIENTED_EDGE('',*,*,#682,.F.);
#1084=ORIENTED_EDGE('',*,*,#673,.F.);
#1085=ORIENTED_EDGE('',*,*,#676,.T.);
#1086=ORIENTED_EDGE('',*,*,#677,.F.);
#1087=ORIENTED_EDGE('',*,*,#656,.F.);
#1088=ORIENTED_EDGE('',*,*,#660,.F.);
#1089=ORIENTED_EDGE('',*,*,#681,.F.);
#1090=ORIENTED_EDGE('',*,*,#736,.T.);
#1091=ORIENTED_EDGE('',*,*,#740,.T.);
#1092=ORIENTED_EDGE('',*,*,#738,.F.);
#1093=ORIENTED_EDGE('',*,*,#754,.T.);
#1094=ORIENTED_EDGE('',*,*,#755,.T.);
#1095=ORIENTED_EDGE('',*,*,#735,.T.);
#1096=PLANE('',#1215);
#1097=PLANE('',#1217);
#1098=PLANE('',#1219);
#1099=PLANE('',#1223);
#1100=PLANE('',#1226);
#1101=PLANE('',#1227);
#1102=PLANE('',#1228);
#1103=PLANE('',#1229);
#1104=PLANE('',#1230);
#1105=PLANE('',#1231);
#1106=PLANE('',#1232);
#1107=PLANE('',#1233);
#1108=PLANE('',#1234);
#1109=PLANE('',#1235);
#1110=PLANE('',#1236);
#1111=PLANE('',#1241);
#1112=PLANE('',#1244);
#1113=PLANE('',#1248);
#1114=PLANE('',#1254);
#1115=PLANE('',#1255);
#1116=PLANE('',#1256);
#1117=PLANE('',#1257);
#1118=PLANE('',#1258);
#1119=PLANE('',#1261);
#1120=PLANE('',#1262);
#1121=PLANE('',#1263);
#1122=PLANE('',#1266);
#1123=PLANE('',#1267);
#1124=PLANE('',#1268);
#1125=PLANE('',#1273);
#1126=PLANE('',#1276);
#1127=PLANE('',#1281);
#1128=PLANE('',#1292);
#1129=PLANE('',#1293);
#1130=PLANE('',#1295);
#1131=PLANE('',#1296);
#1132=PLANE('',#1297);
#1133=PLANE('',#1298);
#1134=PLANE('',#1301);
#1135=PLANE('',#1311);
#1136=PLANE('',#1315);
#1137=PLANE('',#1317);
#1138=PLANE('',#1318);
#1139=ADVANCED_FACE('',(#303),#1096,.F.);
#1140=ADVANCED_FACE('',(#304),#1097,.F.);
#1141=ADVANCED_FACE('',(#305),#1098,.T.);
#1142=ADVANCED_FACE('',(#306),#50,.F.);
#1143=ADVANCED_FACE('',(#307,#38,#39),#1099,.T.);
#1144=ADVANCED_FACE('',(#308),#1100,.T.);
#1145=ADVANCED_FACE('',(#309),#1101,.T.);
#1146=ADVANCED_FACE('',(#310),#1102,.F.);
#1147=ADVANCED_FACE('',(#311),#1103,.T.);
#1148=ADVANCED_FACE('',(#312),#1104,.T.);
#1149=ADVANCED_FACE('',(#313),#1105,.T.);
#1150=ADVANCED_FACE('',(#314),#1106,.T.);
#1151=ADVANCED_FACE('',(#315),#1107,.T.);
#1152=ADVANCED_FACE('',(#316),#1108,.T.);
#1153=ADVANCED_FACE('',(#317),#1109,.T.);
#1154=ADVANCED_FACE('',(#318,#40,#41),#1110,.T.);
#1155=ADVANCED_FACE('',(#319),#1111,.F.);
#1156=ADVANCED_FACE('',(#320),#1112,.T.);
#1157=ADVANCED_FACE('',(#321),#15,.F.);
#1158=ADVANCED_FACE('',(#322),#1113,.T.);
#1159=ADVANCED_FACE('',(#323),#16,.F.);
#1160=ADVANCED_FACE('',(#324),#1114,.T.);
#1161=ADVANCED_FACE('',(#325),#1115,.T.);
#1162=ADVANCED_FACE('',(#326),#1116,.F.);
#1163=ADVANCED_FACE('',(#327),#1117,.F.);
#1164=ADVANCED_FACE('',(#328),#1118,.T.);
#1165=ADVANCED_FACE('',(#329),#1119,.T.);
#1166=ADVANCED_FACE('',(#330),#1120,.T.);
#1167=ADVANCED_FACE('',(#331),#1121,.T.);
#1168=ADVANCED_FACE('',(#332),#1122,.T.);
#1169=ADVANCED_FACE('',(#333),#1123,.T.);
#1170=ADVANCED_FACE('',(#334,#42),#1124,.T.);
#1171=ADVANCED_FACE('',(#335),#17,.T.);
#1172=ADVANCED_FACE('',(#336,#43),#1125,.T.);
#1173=ADVANCED_FACE('',(#337),#1126,.F.);
#1174=ADVANCED_FACE('',(#338),#18,.T.);
#1175=ADVANCED_FACE('',(#339),#19,.F.);
#1176=ADVANCED_FACE('',(#340),#1127,.T.);
#1177=ADVANCED_FACE('',(#341),#20,.F.);
#1178=ADVANCED_FACE('',(#342),#21,.F.);
#1179=ADVANCED_FACE('',(#343),#22,.F.);
#1180=ADVANCED_FACE('',(#344),#23,.F.);
#1181=ADVANCED_FACE('',(#345),#24,.F.);
#1182=ADVANCED_FACE('',(#346),#1128,.F.);
#1183=ADVANCED_FACE('',(#347,#44,#45),#1129,.T.);
#1184=ADVANCED_FACE('',(#348,#46),#1130,.F.);
#1185=ADVANCED_FACE('',(#349),#1131,.T.);
#1186=ADVANCED_FACE('',(#350),#1132,.F.);
#1187=ADVANCED_FACE('',(#351),#1133,.F.);
#1188=ADVANCED_FACE('',(#352),#25,.F.);
#1189=ADVANCED_FACE('',(#353),#1134,.F.);
#1190=ADVANCED_FACE('',(#354),#51,.F.);
#1191=ADVANCED_FACE('',(#355),#26,.F.);
#1192=ADVANCED_FACE('',(#356),#27,.F.);
#1193=ADVANCED_FACE('',(#357),#28,.F.);
#1194=ADVANCED_FACE('',(#358),#29,.F.);
#1195=ADVANCED_FACE('',(#359,#47),#1135,.F.);
#1196=ADVANCED_FACE('',(#360),#30,.F.);
#1197=ADVANCED_FACE('',(#361,#48,#49),#1136,.T.);
#1198=ADVANCED_FACE('',(#362),#1137,.F.);
#1199=ADVANCED_FACE('',(#363),#1138,.F.);
#1200=ADVANCED_FACE('',(#364),#31,.F.);
#1201=CLOSED_SHELL('',(#1139,#1140,#1141,#1142,#1143,#1144,#1145,#1146,
#1147,#1148,#1149,#1150,#1151,#1152,#1153,#1154,#1155,#1156,#1157,#1158,
#1159,#1160,#1161,#1162,#1163,#1164,#1165,#1166,#1167,#1168,#1169,#1170,
#1171,#1172,#1173,#1174,#1175,#1176,#1177,#1178,#1179,#1180,#1181,#1182,
#1183,#1184,#1185,#1186,#1187,#1188,#1189,#1190,#1191,#1192,#1193,#1194,
#1195,#1196,#1197,#1198,#1199,#1200));
#1202=DERIVED_UNIT_ELEMENT(#1204,1.);
#1203=DERIVED_UNIT_ELEMENT(#2010,-3.);
#1204=(
MASS_UNIT()
NAMED_UNIT(*)
SI_UNIT(.KILO.,.GRAM.)
);
#1205=DERIVED_UNIT((#1202,#1203));
#1206=MEASURE_REPRESENTATION_ITEM('density measure',
POSITIVE_RATIO_MEASURE(7850.),#1205);
#1207=PROPERTY_DEFINITION_REPRESENTATION(#1212,#1209);
#1208=PROPERTY_DEFINITION_REPRESENTATION(#1213,#1210);
#1209=REPRESENTATION('material name',(#1211),#2007);
#1210=REPRESENTATION('density',(#1206),#2007);
#1211=DESCRIPTIVE_REPRESENTATION_ITEM('Steel','Steel');
#1212=PROPERTY_DEFINITION('material property','material name',#2017);
#1213=PROPERTY_DEFINITION('material property','density of part',#2017);
#1214=AXIS2_PLACEMENT_3D('',#1656,#1320,#1321);
#1215=AXIS2_PLACEMENT_3D('',#1657,#1322,#1323);
#1216=AXIS2_PLACEMENT_3D('',#1659,#1324,#1325);
#1217=AXIS2_PLACEMENT_3D('',#1660,#1326,#1327);
#1218=AXIS2_PLACEMENT_3D('',#1662,#1328,#1329);
#1219=AXIS2_PLACEMENT_3D('',#1663,#1330,#1331);
#1220=AXIS2_PLACEMENT_3D('',#1682,#1337,#1338);
#1221=AXIS2_PLACEMENT_3D('',#1684,#1339,#1340);
#1222=AXIS2_PLACEMENT_3D('',#1686,#1342,#1343);
#1223=AXIS2_PLACEMENT_3D('',#1687,#1344,#1345);
#1224=AXIS2_PLACEMENT_3D('',#1698,#1351,#1352);
#1225=AXIS2_PLACEMENT_3D('',#1701,#1353,#1354);
#1226=AXIS2_PLACEMENT_3D('',#1707,#1358,#1359);
#1227=AXIS2_PLACEMENT_3D('',#1722,#1365,#1366);
#1228=AXIS2_PLACEMENT_3D('',#1737,#1375,#1376);
#1229=AXIS2_PLACEMENT_3D('',#1743,#1380,#1381);
#1230=AXIS2_PLACEMENT_3D('',#1747,#1384,#1385);
#1231=AXIS2_PLACEMENT_3D('',#1751,#1388,#1389);
#1232=AXIS2_PLACEMENT_3D('',#1755,#1392,#1393);
#1233=AXIS2_PLACEMENT_3D('',#1759,#1396,#1397);
#1234=AXIS2_PLACEMENT_3D('',#1767,#1402,#1403);
#1235=AXIS2_PLACEMENT_3D('',#1769,#1405,#1406);
#1236=AXIS2_PLACEMENT_3D('',#1775,#1410,#1411);
#1237=AXIS2_PLACEMENT_3D('',#1778,#1413,#1414);
#1238=AXIS2_PLACEMENT_3D('',#1779,#1415,#1416);
#1239=AXIS2_PLACEMENT_3D('',#1782,#1417,#1418);
#1240=AXIS2_PLACEMENT_3D('',#1789,#1422,#1423);
#1241=AXIS2_PLACEMENT_3D('',#1790,#1424,#1425);
#1242=AXIS2_PLACEMENT_3D('',#1799,#1429,#1430);
#1243=AXIS2_PLACEMENT_3D('',#1802,#1432,#1433);
#1244=AXIS2_PLACEMENT_3D('',#1803,#1434,#1435);
#1245=AXIS2_PLACEMENT_3D('',#1809,#1439,#1440);
#1246=AXIS2_PLACEMENT_3D('',#1811,#1441,#1442);
#1247=AXIS2_PLACEMENT_3D('',#1814,#1444,#1445);
#1248=AXIS2_PLACEMENT_3D('',#1815,#1446,#1447);
#1249=AXIS2_PLACEMENT_3D('',#1819,#1449,#1450);
#1250=AXIS2_PLACEMENT_3D('',#1826,#1454,#1455);
#1251=AXIS2_PLACEMENT_3D('',#1834,#1459,#1460);
#1252=AXIS2_PLACEMENT_3D('',#1836,#1462,#1463);
#1253=AXIS2_PLACEMENT_3D('',#1840,#1465,#1466);
#1254=AXIS2_PLACEMENT_3D('',#1842,#1468,#1469);
#1255=AXIS2_PLACEMENT_3D('',#1846,#1472,#1473);
#1256=AXIS2_PLACEMENT_3D('',#1848,#1475,#1476);
#1257=AXIS2_PLACEMENT_3D('',#1855,#1481,#1482);
#1258=AXIS2_PLACEMENT_3D('',#1862,#1487,#1488);
#1259=AXIS2_PLACEMENT_3D('',#1867,#1491,#1492);
#1260=AXIS2_PLACEMENT_3D('',#1868,#1493,#1494);
#1261=AXIS2_PLACEMENT_3D('',#1869,#1495,#1496);
#1262=AXIS2_PLACEMENT_3D('',#1877,#1501,#1502);
#1263=AXIS2_PLACEMENT_3D('',#1883,#1506,#1507);
#1264=AXIS2_PLACEMENT_3D('',#1885,#1508,#1509);
#1265=AXIS2_PLACEMENT_3D('',#1886,#1510,#1511);
#1266=AXIS2_PLACEMENT_3D('',#1890,#1514,#1515);
#1267=AXIS2_PLACEMENT_3D('',#1896,#1519,#1520);
#1268=AXIS2_PLACEMENT_3D('',#1902,#1524,#1525);
#1269=AXIS2_PLACEMENT_3D('',#1905,#1527,#1528);
#1270=AXIS2_PLACEMENT_3D('',#1907,#1529,#1530);
#1271=AXIS2_PLACEMENT_3D('',#1908,#1531,#1532);
#1272=AXIS2_PLACEMENT_3D('',#1911,#1534,#1535);
#1273=AXIS2_PLACEMENT_3D('',#1912,#1536,#1537);
#1274=AXIS2_PLACEMENT_3D('',#1914,#1538,#1539);
#1275=AXIS2_PLACEMENT_3D('',#1917,#1541,#1542);
#1276=AXIS2_PLACEMENT_3D('',#1918,#1543,#1544);
#1277=AXIS2_PLACEMENT_3D('',#1923,#1547,#1548);
#1278=AXIS2_PLACEMENT_3D('',#1924,#1549,#1550);
#1279=AXIS2_PLACEMENT_3D('',#1926,#1552,#1553);
#1280=AXIS2_PLACEMENT_3D('',#1929,#1555,#1556);
#1281=AXIS2_PLACEMENT_3D('',#1930,#1557,#1558);
#1282=AXIS2_PLACEMENT_3D('',#1934,#1561,#1562);
#1283=AXIS2_PLACEMENT_3D('',#1936,#1563,#1564);
#1284=AXIS2_PLACEMENT_3D('',#1938,#1566,#1567);
#1285=AXIS2_PLACEMENT_3D('',#1940,#1569,#1570);
#1286=AXIS2_PLACEMENT_3D('',#1941,#1571,#1572);
#1287=AXIS2_PLACEMENT_3D('',#1944,#1574,#1575);
#1288=AXIS2_PLACEMENT_3D('',#1945,#1576,#1577);
#1289=AXIS2_PLACEMENT_3D('',#1947,#1579,#1580);
#1290=AXIS2_PLACEMENT_3D('',#1949,#1581,#1582);
#1291=AXIS2_PLACEMENT_3D('',#1952,#1584,#1585);
#1292=AXIS2_PLACEMENT_3D('',#1953,#1586,#1587);
#1293=AXIS2_PLACEMENT_3D('',#1955,#1589,#1590);
#1294=AXIS2_PLACEMENT_3D('',#1959,#1592,#1593);
#1295=AXIS2_PLACEMENT_3D('',#1961,#1595,#1596);
#1296=AXIS2_PLACEMENT_3D('',#1962,#1597,#1598);
#1297=AXIS2_PLACEMENT_3D('',#1963,#1599,#1600);
#1298=AXIS2_PLACEMENT_3D('',#1967,#1603,#1604);
#1299=AXIS2_PLACEMENT_3D('',#1968,#1605,#1606);
#1300=AXIS2_PLACEMENT_3D('',#1971,#1608,#1609);
#1301=AXIS2_PLACEMENT_3D('',#1972,#1610,#1611);
#1302=AXIS2_PLACEMENT_3D('',#1974,#1613,#1614);
#1303=AXIS2_PLACEMENT_3D('',#1976,#1615,#1616);
#1304=AXIS2_PLACEMENT_3D('',#1978,#1618,#1619);
#1305=AXIS2_PLACEMENT_3D('',#1980,#1620,#1621);
#1306=AXIS2_PLACEMENT_3D('',#1982,#1623,#1624);
#1307=AXIS2_PLACEMENT_3D('',#1983,#1625,#1626);
#1308=AXIS2_PLACEMENT_3D('',#1984,#1627,#1628);
#1309=AXIS2_PLACEMENT_3D('',#1987,#1630,#1631);
#1310=AXIS2_PLACEMENT_3D('',#1988,#1632,#1633);
#1311=AXIS2_PLACEMENT_3D('',#1990,#1635,#1636);
#1312=AXIS2_PLACEMENT_3D('',#1992,#1637,#1638);
#1313=AXIS2_PLACEMENT_3D('',#1993,#1639,#1640);
#1314=AXIS2_PLACEMENT_3D('',#1996,#1642,#1643);
#1315=AXIS2_PLACEMENT_3D('',#1997,#1644,#1645);
#1316=AXIS2_PLACEMENT_3D('',#2000,#1647,#1648);
#1317=AXIS2_PLACEMENT_3D('',#2001,#1649,#1650);
#1318=AXIS2_PLACEMENT_3D('',#2003,#1652,#1653);
#1319=AXIS2_PLACEMENT_3D('',#2004,#1654,#1655);
#1320=DIRECTION('axis',(0.,0.,1.));
#1321=DIRECTION('refdir',(1.,0.,0.));
#1322=DIRECTION('center_axis',(1.,-2.55819075594407E-23,5.91645678915759E-30));
#1323=DIRECTION('ref_axis',(-2.5581913497427E-23,-1.,1.2711794068773E-9));
#1324=DIRECTION('center_axis',(1.,-2.55819075594407E-23,5.91645678915759E-30));
#1325=DIRECTION('ref_axis',(6.3766655773342E-14,3.3019463604251E-27,1.));
#1326=DIRECTION('center_axis',(1.,-2.55819075594407E-23,5.91645678915759E-30));
#1327=DIRECTION('ref_axis',(-2.5581913497427E-23,-1.,1.2711794068773E-9));
#1328=DIRECTION('center_axis',(1.,-2.55819075594407E-23,5.91645678915759E-30));
#1329=DIRECTION('ref_axis',(6.62616811619557E-14,2.10181620309956E-25,1.));
#1330=DIRECTION('center_axis',(-6.31724176399019E-15,-0.707106781180628,
-0.707106781192467));
#1331=DIRECTION('ref_axis',(-1.,0.,8.93392897934987E-15));
#1332=DIRECTION('',(1.,-8.93388031127546E-15,-4.86682239824316E-20));
#1333=DIRECTION('',(0.281084637702179,-0.678598344554147,0.678598344542783));
#1334=DIRECTION('',(-1.,8.93388031127546E-15,4.86682239824316E-20));
#1335=DIRECTION('',(-3.62898681288569E-14,0.707106781192467,-0.707106781180628));
#1336=DIRECTION('',(1.,-8.93388031127546E-15,-4.86682239824316E-20));
#1337=DIRECTION('center_axis',(0.,0.,-1.));
#1338=DIRECTION('ref_axis',(6.42013521155954E-14,1.,9.19464960678332E-16));
#1339=DIRECTION('center_axis',(4.86682239829275E-20,5.55111115306747E-17,
1.));
#1340=DIRECTION('ref_axis',(6.42013521155955E-14,1.,2.38192906899196E-15));
#1341=DIRECTION('',(-4.53106158366601E-14,-0.70710678118656,-0.707106781186535));
#1342=DIRECTION('center_axis',(-4.86682239829275E-20,-5.55111115306747E-17,
-1.));
#1343=DIRECTION('ref_axis',(6.42013521155955E-14,1.,-5.55111115306747E-17));
#1344=DIRECTION('center_axis',(-4.86682239829275E-20,-5.55111115306747E-17,
-1.));
#1345=DIRECTION('ref_axis',(6.42013521155955E-14,1.,-5.55111115306747E-17));
#1346=DIRECTION('',(-3.80135957660208E-14,1.,-4.02502365062257E-15));
#1347=DIRECTION('',(1.,3.85206460324653E-14,3.21811878164167E-9));
#1348=DIRECTION('',(-0.707106781194119,0.707106781178976,-3.92178697629156E-17));
#1349=DIRECTION('',(2.55819075594407E-23,1.,-5.55111115306747E-17));
#1350=DIRECTION('',(0.707106781186556,0.707106781186539,-3.9286697025749E-17));
#1351=DIRECTION('center_axis',(4.86682239829275E-20,5.55111115306747E-17,
1.));
#1352=DIRECTION('ref_axis',(6.42013521155955E-14,1.,-5.55111115306749E-17));
#1353=DIRECTION('center_axis',(-4.86682239829275E-20,-5.55111115306747E-17,
-1.));
#1354=DIRECTION('ref_axis',(6.42013521155955E-14,1.,-5.55111115306745E-17));
#1355=DIRECTION('',(1.,-6.73098378195463E-15,-8.88178906383962E-14));
#1356=DIRECTION('',(-9.31731995747676E-16,1.,-5.97670057619823E-15));
#1357=DIRECTION('',(-1.,-3.71817409688952E-15,8.35933116989747E-14));
#1358=DIRECTION('center_axis',(-4.55292356525958E-15,-0.707106781186562,
0.707106781186533));
#1359=DIRECTION('ref_axis',(1.,0.,6.43880625443829E-15));
#1360=DIRECTION('',(-1.,8.93388031127546E-15,2.49507405683752E-15));
#1361=DIRECTION('',(-5.34841023685567E-14,-0.707106781186533,-0.707106781186562));
#1362=DIRECTION('',(1.,-8.93388031127546E-15,-2.49507405683752E-15));
#1363=DIRECTION('',(-0.281084637714841,0.67859834454583,0.678598344545855));
#1364=DIRECTION('',(-1.,8.93388031127546E-15,2.49507405683752E-15));
#1365=DIRECTION('center_axis',(-8.93388031127546E-15,-1.,-3.4486846799474E-15));
#1366=DIRECTION('ref_axis',(-6.55586696042109E-14,3.44868467994798E-15,
-1.));
#1367=DIRECTION('',(-0.816496580927725,9.28558175689171E-15,-0.577350269189627));
#1368=DIRECTION('',(3.54987416171849E-30,3.4486846799474E-15,-1.));
#1369=DIRECTION('',(0.816496580927726,-5.30338370025618E-15,-0.577350269189626));
#1370=DIRECTION('',(-6.47272960073745E-14,3.44868467974116E-15,-1.));
#1371=DIRECTION('',(1.,-1.01161435210792E-14,-6.67573181936862E-14));
#1372=DIRECTION('',(6.55586696042108E-14,-4.9050610376922E-15,1.));
#1373=DIRECTION('',(1.,-1.0116143520749E-14,-6.40502608215899E-14));
#1374=DIRECTION('',(-6.22322706187609E-14,3.44868467994795E-15,-1.));
#1375=DIRECTION('center_axis',(1.,-1.09106469335883E-14,-6.47272960073745E-14));
#1376=DIRECTION('ref_axis',(-6.47272960073746E-14,-6.49985512821212E-15,
-1.));
#1377=DIRECTION('',(7.37392086174134E-14,-1.,2.06616693966957E-25));
#1378=DIRECTION('',(6.47272960073746E-14,6.4998551282121E-15,1.));
#1379=DIRECTION('',(1.09106469335885E-14,1.,3.13829882946342E-15));
#1380=DIRECTION('center_axis',(0.499999999999995,-0.500000000000007,-0.707106781186546));
#1381=DIRECTION('ref_axis',(-0.816496580927728,0.,-0.577350269189623));
#1382=DIRECTION('',(0.678598344545847,-0.281084637714821,0.678598344545847));
#1383=DIRECTION('',(-0.707106781186556,-0.707106781186539,3.9286697025749E-17));
#1384=DIRECTION('center_axis',(0.707106781186548,-3.92523014836831E-17,
-0.707106781186547));
#1385=DIRECTION('ref_axis',(-0.707106781186547,0.,-0.707106781186548));
#1386=DIRECTION('',(0.678598344545034,0.281084637718747,0.678598344545034));
#1387=DIRECTION('',(-2.55819075594407E-23,-1.,5.55111115306747E-17));
#1388=DIRECTION('center_axis',(0.499999999994644,0.500000000005351,-0.707106781186551));
#1389=DIRECTION('ref_axis',(-0.816496580930643,0.,-0.5773502691855));
#1390=DIRECTION('',(0.816496580930659,-4.86674913856861E-14,0.577350269185477));
#1391=DIRECTION('',(0.707106781194119,-0.707106781178976,3.92178697629156E-17));
#1392=DIRECTION('center_axis',(0.707106781186539,-0.707106781186556,-2.43858832336499E-15));
#1393=DIRECTION('ref_axis',(-3.44868467994748E-15,0.,-1.));
#1394=DIRECTION('',(-3.54987416171849E-30,-3.4486846799474E-15,1.));
#1395=DIRECTION('',(0.707106781186556,0.707106781186539,-1.80353606869323E-15));
#1396=DIRECTION('center_axis',(0.707106781186704,3.92522654516201E-17,0.707106781186391));
#1397=DIRECTION('ref_axis',(0.707106781186391,0.,-0.707106781186704));
#1398=DIRECTION('',(-2.55819075594407E-23,-1.,5.55111117374699E-17));
#1399=DIRECTION('',(0.678598344545849,-0.281084637714816,-0.678598344545847));
#1400=DIRECTION('',(2.55819075594407E-23,1.,-5.55111117374699E-17));
#1401=DIRECTION('',(-0.67859834454585,-0.281084637714812,0.678598344545848));
#1402=DIRECTION('center_axis',(0.499999999999996,-0.500000000000006,0.707106781186546));
#1403=DIRECTION('ref_axis',(0.816496580927728,0.,-0.577350269189623));
#1404=DIRECTION('',(-0.707106781186556,-0.707106781186539,1.80353606869323E-15));
#1405=DIRECTION('center_axis',(0.500000000000013,0.499999999999985,0.707106781186549));
#1406=DIRECTION('ref_axis',(0.81649658092772,0.,-0.577350269189635));
#1407=DIRECTION('',(-0.707106781186529,0.707106781186566,1.72503150161162E-15));
#1408=DIRECTION('',(-0.816496580927739,5.61728776012905E-14,0.577350269189608));
#1409=DIRECTION('',(0.707106781186529,-0.707106781186566,-1.72503150161162E-15));
#1410=DIRECTION('center_axis',(2.49507405683752E-15,5.55111117374699E-17,
1.));
#1411=DIRECTION('ref_axis',(-6.42013521155956E-14,-1.,5.55111117376301E-17));
#1412=DIRECTION('',(1.,6.85292146041447E-15,-7.3609080204376E-14));
#1413=DIRECTION('center_axis',(2.49507405683752E-15,5.55111117374699E-17,
1.));
#1414=DIRECTION('ref_axis',(-6.42013521155956E-14,-1.,5.551111173763E-17));
#1415=DIRECTION('center_axis',(2.49507405683752E-15,5.55111117374699E-17,
1.));
#1416=DIRECTION('ref_axis',(-6.42013521155956E-14,-1.,5.551111173763E-17));
#1417=DIRECTION('center_axis',(2.49507405683752E-15,5.55111117374699E-17,
1.));
#1418=DIRECTION('ref_axis',(-6.42013521155956E-14,-1.,5.55111117376305E-17));
#1419=DIRECTION('',(1.,-1.19555627213764E-14,-2.49502538861345E-15));
#1420=DIRECTION('',(9.31731995751018E-16,-1.,-5.51571138272316E-20));
#1421=DIRECTION('',(-1.,6.73098378195505E-15,2.54400578114058E-15));
#1422=DIRECTION('center_axis',(-2.49507405683752E-15,-5.55111117374699E-17,
-1.));
#1423=DIRECTION('ref_axis',(-6.42013521155956E-14,-1.,5.55111117376303E-17));
#1424=DIRECTION('center_axis',(-0.707106781179043,-0.707106781194052,-1.11260000088307E-14));
#1425=DIRECTION('ref_axis',(0.707106781194052,-0.707106781179043,1.11669613091343E-14));
#1426=DIRECTION('',(0.707106781194052,-0.707106781179043,-6.70248345992943E-16));
#1427=DIRECTION('',(1.57345401076186E-14,0.,-1.));
#1428=DIRECTION('',(-0.707106781194052,0.707106781179043,6.70248345992943E-16));
#1429=DIRECTION('center_axis',(0.707106781179043,0.707106781194052,1.11260000088307E-14));
#1430=DIRECTION('ref_axis',(0.707106781194052,-0.707106781179043,-1.25999919808036E-14));
#1431=DIRECTION('',(-3.5498744760141E-30,-1.57345401072846E-14,1.));
#1432=DIRECTION('center_axis',(0.707106781179043,0.707106781194052,1.11260000088307E-14));
#1433=DIRECTION('ref_axis',(0.707106781194052,-0.707106781179043,-1.25999919808036E-14));
#1434=DIRECTION('center_axis',(-9.47874301051295E-16,0.,-1.));
#1435=DIRECTION('ref_axis',(-1.,2.90197109587514E-28,9.47874301051295E-16));
#1436=DIRECTION('',(1.,3.053113317718E-16,-9.47874301051295E-16));
#1437=DIRECTION('',(0.,1.,0.));
#1438=DIRECTION('',(-1.,2.90197109587514E-28,9.47874301051295E-16));
#1439=DIRECTION('center_axis',(1.,3.053113317718E-16,-9.47874301051295E-16));
#1440=DIRECTION('ref_axis',(9.42055475210265E-16,-0.707106781186547,0.707106781186547));
#1441=DIRECTION('center_axis',(1.,-2.55819075594407E-23,3.54987407349455E-30));
#1442=DIRECTION('ref_axis',(9.42055475210265E-16,-0.707106781186547,0.707106781186547));
#1443=DIRECTION('',(-1.,-3.053113317718E-16,9.47874301051295E-16));
#1444=DIRECTION('center_axis',(-1.,-1.36642833800016E-14,6.37666557735301E-14));
#1445=DIRECTION('ref_axis',(9.42055475210265E-16,-0.707106781186547,0.707106781186547));
#1446=DIRECTION('center_axis',(1.,-2.55819075594407E-23,3.54987407349455E-30));
#1447=DIRECTION('ref_axis',(-2.5581913497427E-23,-1.,1.2711794068773E-9));
#1448=DIRECTION('',(3.54987390721586E-30,-6.4998551280093E-15,-1.));
#1449=DIRECTION('center_axis',(-1.,2.55819075594407E-23,-3.54987407349455E-30));
#1450=DIRECTION('ref_axis',(-2.55819177046852E-23,-1.,1.2711794068773E-9));
#1451=DIRECTION('',(3.54987390721586E-30,-6.4998551280093E-15,-1.));
#1452=DIRECTION('',(-2.55818615962407E-23,-0.999999999999997,7.39043255335662E-8));
#1453=DIRECTION('',(-1.77493703674728E-30,5.92250576417543E-11,1.));
#1454=DIRECTION('center_axis',(1.,-2.55819075594407E-23,3.54987407349455E-30));
#1455=DIRECTION('ref_axis',(-4.71027737605132E-16,-0.707106781186547,-0.707106781186547));
#1456=DIRECTION('',(-1.77493703674728E-30,5.92250576417543E-11,1.));
#1457=DIRECTION('',(2.55819343947707E-23,0.999999999999997,-7.3267550285158E-8));
#1458=DIRECTION('',(3.54987390721586E-30,-6.49985512821625E-15,-1.));
#1459=DIRECTION('center_axis',(-1.,2.55819075594407E-23,-3.54987407349455E-30));
#1460=DIRECTION('ref_axis',(-2.55819177046852E-23,-1.,1.2711794068773E-9));
#1461=DIRECTION('',(3.54987390721586E-30,-6.49985512821625E-15,-1.));
#1462=DIRECTION('center_axis',(-1.,-3.053113317718E-16,9.47874301051295E-16));
#1463=DIRECTION('ref_axis',(-4.71027737605132E-16,-0.707106781186547,-0.707106781186547));
#1464=DIRECTION('',(-1.,-3.053113317718E-16,9.47874301051295E-16));
#1465=DIRECTION('center_axis',(-1.,-1.36642833800016E-14,6.37666557735301E-14));
#1466=DIRECTION('ref_axis',(-4.71027737605132E-16,-0.707106781186547,-0.707106781186547));
#1467=DIRECTION('',(1.,3.053113317718E-16,-9.47874301051295E-16));
#1468=DIRECTION('center_axis',(9.47874301051295E-16,0.,1.));
#1469=DIRECTION('ref_axis',(1.,-2.90197109587514E-28,-9.47874301051295E-16));
#1470=DIRECTION('',(1.,-2.90197109587514E-28,-9.47874301051295E-16));
#1471=DIRECTION('',(0.,1.,0.));
#1472=DIRECTION('center_axis',(0.,1.,0.));
#1473=DIRECTION('ref_axis',(0.,0.,1.));
#1474=DIRECTION('',(2.52873989233467E-14,1.03397576569128E-24,1.));
#1475=DIRECTION('center_axis',(3.053113317718E-16,-1.,-2.57304240569129E-31));
#1476=DIRECTION('ref_axis',(3.7470027081099E-16,3.71704479265688E-31,-1.));
#1477=DIRECTION('',(1.,0.,0.));
#1478=DIRECTION('',(1.09075902266518E-14,-1.51461293802434E-28,1.));
#1479=DIRECTION('',(-1.75154965822817E-15,1.95898696437294E-15,-1.));
#1480=DIRECTION('',(6.37666557735301E-14,1.92113783562813E-29,1.));
#1481=DIRECTION('center_axis',(3.053113317718E-16,-1.,-2.57304240569129E-31));
#1482=DIRECTION('ref_axis',(3.7470027081099E-16,3.71704479265688E-31,-1.));
#1483=DIRECTION('',(6.37666557735301E-14,1.92113783562813E-29,1.));
#1484=DIRECTION('',(2.55480662836557E-15,2.05896302971549E-15,1.));
#1485=DIRECTION('',(-3.87650888904718E-14,-1.1578116674833E-29,-1.));
#1486=DIRECTION('',(1.,0.,0.));
#1487=DIRECTION('center_axis',(0.707106781178976,0.707106781194119,-4.59609163779474E-15));
#1488=DIRECTION('ref_axis',(-6.49985512814849E-15,0.,-1.));
#1489=DIRECTION('',(-3.54987390721586E-30,6.4998551280093E-15,1.));
#1490=DIRECTION('',(0.707106781194118,-0.707106781178975,5.22582497432433E-8));
#1491=DIRECTION('center_axis',(-0.707106781178976,-0.707106781194119,4.59609163779474E-15));
#1492=DIRECTION('ref_axis',(0.707106781194119,-0.707106781178976,8.98859578698011E-10));
#1493=DIRECTION('center_axis',(-0.707106781178976,-0.707106781194119,4.59609163779474E-15));
#1494=DIRECTION('ref_axis',(0.707106781194119,-0.707106781178976,8.98859578698011E-10));
#1495=DIRECTION('center_axis',(0.,7.39043255335662E-8,0.999999999999997));
#1496=DIRECTION('ref_axis',(-2.55818615962407E-23,-0.999999999999997,7.39043255335662E-8));
#1497=DIRECTION('',(1.,0.,0.));
#1498=DIRECTION('',(1.36642880926333E-14,-0.999999999999997,7.39043255335662E-8));
#1499=DIRECTION('',(1.,1.40999642339826E-28,-3.52079466603085E-14));
#1500=DIRECTION('',(-9.31732000165775E-16,0.999999999999997,-7.39043255335662E-8));
#1501=DIRECTION('center_axis',(6.42013521155952E-14,1.,-6.4998551280093E-15));
#1502=DIRECTION('ref_axis',(3.51844621813382E-14,6.49985512800704E-15,1.));
#1503=DIRECTION('',(6.2232270618761E-14,6.4998551280053E-15,1.));
#1504=DIRECTION('',(-1.,1.11597732028527E-14,6.405026082159E-14));
#1505=DIRECTION('',(-6.22322706187611E-14,-6.49985512800533E-15,-1.));
#1506=DIRECTION('center_axis',(0.707106781186566,0.707106781186529,-4.59609163789175E-15));
#1507=DIRECTION('ref_axis',(-6.49985512821592E-15,0.,-1.));
#1508=DIRECTION('center_axis',(-0.707106781186566,-0.707106781186529,4.59609163789175E-15));
#1509=DIRECTION('ref_axis',(0.707106781186529,-0.707106781186566,8.98859578707659E-10));
#1510=DIRECTION('center_axis',(-0.707106781186566,-0.707106781186529,4.59609163789175E-15));
#1511=DIRECTION('ref_axis',(0.707106781186529,-0.707106781186566,8.98859578707659E-10));
#1512=DIRECTION('',(-0.707106781186528,0.707106781186565,-5.18079816475629E-8));
#1513=DIRECTION('',(-3.54987390721586E-30,6.49985512821625E-15,1.));
#1514=DIRECTION('center_axis',(6.42013521155953E-14,1.,-6.49985512821625E-15));
#1515=DIRECTION('ref_axis',(3.76794875699517E-14,6.49985512821383E-15,1.));
#1516=DIRECTION('',(-1.,6.42013521155953E-14,-4.70387579450453E-21));
#1517=DIRECTION('',(6.62616811621435E-14,6.82182959007558E-17,1.));
#1518=DIRECTION('',(1.,-1.11597732028529E-14,-6.67573181936862E-14));
#1519=DIRECTION('center_axis',(0.,-7.3267550285158E-8,-0.999999999999997));
#1520=DIRECTION('ref_axis',(2.55819343947707E-23,0.999999999999997,-7.3267550285158E-8));
#1521=DIRECTION('',(-9.31732182935067E-16,0.999999999999997,-7.3267550285158E-8));
#1522=DIRECTION('',(-1.,-8.0454917947906E-30,3.87650888904526E-14));
#1523=DIRECTION('',(1.36642882348325E-14,-0.999999999999997,7.3267550285158E-8));
#1524=DIRECTION('center_axis',(-1.,-9.31731995750647E-16,2.55480662836512E-15));
#1525=DIRECTION('ref_axis',(-9.3173199575063E-16,1.,5.86567835293037E-15));
#1526=DIRECTION('',(-1.34026156152655E-14,-2.06725733378597E-25,-1.));
#1527=DIRECTION('center_axis',(1.,9.31731995750647E-16,-2.55480662836512E-15));
#1528=DIRECTION('ref_axis',(-2.74766180266826E-14,-0.707106781193845,-0.70710678117925));
#1529=DIRECTION('center_axis',(-1.,-9.31731995750647E-16,2.55480662836512E-15));
#1530=DIRECTION('ref_axis',(6.62616811619557E-14,2.10181620309956E-25,1.));
#1531=DIRECTION('center_axis',(-1.,-8.0454917947906E-30,3.87650888904526E-14));
#1532=DIRECTION('ref_axis',(-2.74766180266826E-14,-0.707106781193845,-0.70710678117925));
#1533=DIRECTION('',(-1.,-8.0454917947906E-30,3.87650888904526E-14));
#1534=DIRECTION('center_axis',(1.,1.36642833800015E-14,-6.62616811621436E-14));
#1535=DIRECTION('ref_axis',(-2.74766180266826E-14,-0.707106781193845,-0.70710678117925));
#1536=DIRECTION('center_axis',(-1.,-9.31731995747685E-16,5.97812397515878E-17));
#1537=DIRECTION('ref_axis',(9.31731995747676E-16,-1.,5.97670057619823E-15));
#1538=DIRECTION('center_axis',(1.,9.31731995747685E-16,-5.97812397515878E-17));
#1539=DIRECTION('ref_axis',(2.49252177818619E-14,-0.707106781179253,0.707106781193842));
#1540=DIRECTION('',(-6.22322706187611E-14,-6.49985512800533E-15,-1.));
#1541=DIRECTION('center_axis',(-1.,-9.31731995747685E-16,5.97812397515878E-17));
#1542=DIRECTION('ref_axis',(6.3766655773342E-14,3.3019463604251E-27,1.));
#1543=DIRECTION('center_axis',(1.,1.36642833800016E-14,-6.37666557735301E-14));
#1544=DIRECTION('ref_axis',(-6.37666557735307E-14,4.78506123613444E-14,
-1.));
#1545=DIRECTION('',(1.36642833800018E-14,-1.,3.24917447554691E-15));
#1546=DIRECTION('',(3.52079466603085E-14,2.06189431016052E-11,1.));
#1547=DIRECTION('center_axis',(1.,1.36642833800016E-14,-6.37666557735301E-14));
#1548=DIRECTION('ref_axis',(2.49252177818619E-14,-0.707106781179253,0.707106781193842));
#1549=DIRECTION('center_axis',(1.,1.40999642339826E-28,-3.52079466603085E-14));
#1550=DIRECTION('ref_axis',(2.49252177818619E-14,-0.707106781179253,0.707106781193842));
#1551=DIRECTION('',(1.,1.40999642339826E-28,-3.52079466603085E-14));
#1552=DIRECTION('center_axis',(1.,0.,0.));
#1553=DIRECTION('ref_axis',(0.,-1.,1.2711794068773E-9));
#1554=DIRECTION('',(-1.,0.,0.));
#1555=DIRECTION('center_axis',(1.,1.36642833984371E-14,-6.37666557733422E-14));
#1556=DIRECTION('ref_axis',(0.,-1.,1.2711794068773E-9));
#1557=DIRECTION('center_axis',(8.04549180280704E-30,-1.,2.06795153138257E-25));
#1558=DIRECTION('ref_axis',(-1.36019170547711E-14,-2.06795153138257E-25,
-1.));
#1559=DIRECTION('',(2.55480662836557E-15,2.05896302971549E-15,1.));
#1560=DIRECTION('',(6.80536949928244E-14,-4.90506103748541E-15,1.));
#1561=DIRECTION('center_axis',(5.97812397515941E-17,-2.38192906899196E-15,
1.));
#1562=DIRECTION('ref_axis',(6.42013521155955E-14,1.,2.38192906899196E-15));
#1563=DIRECTION('center_axis',(6.40502608215901E-14,3.24917447554779E-15,
1.));
#1564=DIRECTION('ref_axis',(6.42013521155955E-14,1.,2.38192906899196E-15));
#1565=DIRECTION('',(-5.97812397515941E-17,2.38192906899196E-15,-1.));
#1566=DIRECTION('center_axis',(1.75154965822817E-15,-1.95898696437294E-15,
1.));
#1567=DIRECTION('ref_axis',(6.42013521155955E-14,1.,1.95898696437282E-15));
#1568=DIRECTION('',(-1.75154965822817E-15,1.95898696437294E-15,-1.));
#1569=DIRECTION('center_axis',(-4.86682239829275E-20,-5.55111115306747E-17,
-1.));
#1570=DIRECTION('ref_axis',(6.42013521155955E-14,1.,-5.55111115306745E-17));
#1571=DIRECTION('center_axis',(-3.28952094775232E-15,1.574494141992E-15,
-1.));
#1572=DIRECTION('ref_axis',(6.42013521155955E-14,1.,1.57449414199179E-15));
#1573=DIRECTION('',(3.28952094775232E-15,-1.574494141992E-15,1.));
#1574=DIRECTION('center_axis',(-6.34535159458536E-14,-3.2491744602763E-15,
-1.));
#1575=DIRECTION('ref_axis',(6.42013521155955E-14,1.,1.57449414199179E-15));
#1576=DIRECTION('center_axis',(-1.,-1.36642833793417E-14,6.3766655773342E-14));
#1577=DIRECTION('ref_axis',(6.3766655773342E-14,3.3019463604251E-27,1.));
#1578=DIRECTION('',(-1.,-1.36642833793417E-14,6.3766655773342E-14));
#1579=DIRECTION('center_axis',(4.86682239766166E-20,5.55111115306731E-17,
1.));
#1580=DIRECTION('ref_axis',(6.42013521155954E-14,1.,-5.55111115306721E-17));
#1581=DIRECTION('center_axis',(6.34535159458536E-14,3.2491744602763E-15,
1.));
#1582=DIRECTION('ref_axis',(6.42013521155954E-14,1.,-5.55111115306721E-17));
#1583=DIRECTION('',(4.86682239766166E-20,5.55111115306731E-17,1.));
#1584=DIRECTION('center_axis',(-6.40502608215901E-14,-3.24917447554779E-15,
-1.));
#1585=DIRECTION('ref_axis',(6.42013521155954E-14,1.,-5.55111115306721E-17));
#1586=DIRECTION('center_axis',(1.,-1.09106469335881E-14,-6.2232270618761E-14));
#1587=DIRECTION('ref_axis',(-6.2232270618761E-14,-6.49985512800533E-15,
-1.));
#1588=DIRECTION('',(-1.09106469335879E-14,-1.,3.24917447554849E-15));
#1589=DIRECTION('center_axis',(6.40502608215901E-14,3.24917447554779E-15,
1.));
#1590=DIRECTION('ref_axis',(-3.2428285271508E-15,1.,-3.2491744755476E-15));
#1591=DIRECTION('',(1.36642833800018E-14,-1.,3.24917447554691E-15));
#1592=DIRECTION('center_axis',(-4.86682239829275E-20,-5.55111115306747E-17,
-1.));
#1593=DIRECTION('ref_axis',(-5.33358079926717E-14,-1.,3.37893964048713E-17));
#1594=DIRECTION('',(1.36642833800018E-14,-1.,3.24917447554691E-15));
#1595=DIRECTION('center_axis',(6.34535159458536E-14,3.2491744602763E-15,
1.));
#1596=DIRECTION('ref_axis',(-1.36642833974469E-14,1.,-3.24917446027545E-15));
#1597=DIRECTION('center_axis',(1.40999642339826E-28,-1.,4.36924861176478E-41));
#1598=DIRECTION('ref_axis',(-1.11068916661576E-14,-4.5252242651536E-41,
-1.));
#1599=DIRECTION('center_axis',(1.,1.36642833800016E-14,-6.37666557735301E-14));
#1600=DIRECTION('ref_axis',(-6.37666557735307E-14,4.78506123613444E-14,
-1.));
#1601=DIRECTION('',(-1.36642833800013E-14,1.,3.13829882946506E-15));
#1602=DIRECTION('',(-6.47272960073747E-14,-6.49985512821212E-15,-1.));
#1603=DIRECTION('center_axis',(-1.,-1.36642833984371E-14,6.37666557733422E-14));
#1604=DIRECTION('ref_axis',(6.37666557733422E-14,7.88860905221012E-30,1.));
#1605=DIRECTION('center_axis',(1.,0.,0.));
#1606=DIRECTION('ref_axis',(0.,-1.,1.2711794068773E-9));
#1607=DIRECTION('',(-1.,0.,0.));
#1608=DIRECTION('center_axis',(1.,1.36642833984371E-14,-6.37666557733422E-14));
#1609=DIRECTION('ref_axis',(0.,-1.,1.2711794068773E-9));
#1610=DIRECTION('center_axis',(1.,1.36642833800015E-14,-6.62616811621436E-14));
#1611=DIRECTION('ref_axis',(-6.62616811621443E-14,4.78506123611376E-14,
-1.));
#1612=DIRECTION('',(-1.36642833800013E-14,1.,3.13829882946506E-15));
#1613=DIRECTION('center_axis',(2.49502538861353E-15,2.06795153138257E-25,
1.));
#1614=DIRECTION('ref_axis',(-6.42013521155956E-14,-1.,-9.19464960471428E-16));
#1615=DIRECTION('center_axis',(-2.49507405683752E-15,-5.55111117374699E-17,
-1.));
#1616=DIRECTION('ref_axis',(-6.42013521155956E-14,-1.,-2.38192906878501E-15));
#1617=DIRECTION('',(4.72480564194269E-14,0.707106781186535,0.70710678118656));
#1618=DIRECTION('center_axis',(-2.55480662836513E-15,2.38192906878517E-15,
-1.));
#1619=DIRECTION('ref_axis',(-6.42013521155956E-14,-1.,-2.38192906878501E-15));
#1620=DIRECTION('center_axis',(-6.67573181936863E-14,3.13829882946415E-15,
-1.));
#1621=DIRECTION('ref_axis',(-6.42013521155956E-14,-1.,-2.38192906878501E-15));
#1622=DIRECTION('',(2.55480662836513E-15,-2.38192906878517E-15,1.));
#1623=DIRECTION('center_axis',(-2.55480662836557E-15,-2.05896302971549E-15,
-1.));
#1624=DIRECTION('ref_axis',(-6.42013521155956E-14,-1.,2.05896302971566E-15));
#1625=DIRECTION('center_axis',(2.49507405683742E-15,5.5511111737477E-17,
1.));
#1626=DIRECTION('ref_axis',(-6.42013520971604E-14,-1.,5.5511111737637E-17));
#1627=DIRECTION('center_axis',(5.78454633636585E-15,-1.57449414178521E-15,
1.));
#1628=DIRECTION('ref_axis',(-6.42013521155956E-14,-1.,-1.57449414178484E-15));
#1629=DIRECTION('',(-5.78454633636585E-15,1.57449414178521E-15,-1.));
#1630=DIRECTION('center_axis',(6.61605733179499E-14,-3.13829884473564E-15,
1.));
#1631=DIRECTION('ref_axis',(-6.42013521155956E-14,-1.,-1.57449414178484E-15));
#1632=DIRECTION('center_axis',(-1.,-1.36642833796717E-14,6.62616811619557E-14));
#1633=DIRECTION('ref_axis',(6.62616811619557E-14,2.10181620309956E-25,1.));
#1634=DIRECTION('',(-1.,-1.36642833796717E-14,6.62616811619557E-14));
#1635=DIRECTION('center_axis',(-6.61605733179499E-14,3.13829884473564E-15,
-1.));
#1636=DIRECTION('ref_axis',(1.36642833974465E-14,-1.,-3.13829884473653E-15));
#1637=DIRECTION('center_axis',(-6.61605733179499E-14,3.13829884473564E-15,
-1.));
#1638=DIRECTION('ref_axis',(-6.42013521155956E-14,-1.,-2.381929068785E-15));
#1639=DIRECTION('center_axis',(-2.55480662836513E-15,2.38192906878517E-15,
-1.));
#1640=DIRECTION('ref_axis',(-6.42013521155956E-14,-1.,-2.381929068785E-15));
#1641=DIRECTION('',(-2.55480662836513E-15,2.38192906878517E-15,-1.));
#1642=DIRECTION('center_axis',(6.67573181936863E-14,-3.13829882946415E-15,
1.));
#1643=DIRECTION('ref_axis',(-6.42013521155956E-14,-1.,-2.381929068785E-15));
#1644=DIRECTION('center_axis',(-6.67573181936863E-14,3.13829882946415E-15,
-1.));
#1645=DIRECTION('ref_axis',(3.24282852715034E-15,-1.,-3.13829882946435E-15));
#1646=DIRECTION('',(-1.36642833800013E-14,1.,3.13829882946506E-15));
#1647=DIRECTION('center_axis',(2.49507405683752E-15,5.55111117374699E-17,
1.));
#1648=DIRECTION('ref_axis',(-5.33358079926719E-14,-1.,3.37893966117995E-17));
#1649=DIRECTION('center_axis',(1.,1.36642833800016E-14,-6.37666557735301E-14));
#1650=DIRECTION('ref_axis',(-6.37666557735307E-14,4.78506123613444E-14,
-1.));
#1651=DIRECTION('',(-2.66316786127918E-15,-3.37893966116596E-17,-1.));
#1652=DIRECTION('center_axis',(-1.,-1.36642833984371E-14,6.37666557733422E-14));
#1653=DIRECTION('ref_axis',(6.37666557733422E-14,7.88860905221012E-30,1.));
#1654=DIRECTION('center_axis',(-1.68142472665645E-16,-3.37893964048645E-17,
-1.));
#1655=DIRECTION('ref_axis',(-5.33358079926717E-14,-1.,3.37893964048713E-17));
#1656=CARTESIAN_POINT('',(0.,0.,0.));
#1657=CARTESIAN_POINT('Origin',(4.49881391774091,93.8190413095863,-68.9080019209806));
#1658=CARTESIAN_POINT('',(4.49881391774085,93.8190413095865,-70.1580019209783));
#1659=CARTESIAN_POINT('Origin',(4.49881391774091,93.8190413095865,-68.9080019209783));
#1660=CARTESIAN_POINT('Origin',(4.49881391774091,93.8190413123476,-42.72479185054));
#1661=CARTESIAN_POINT('',(4.49881391774085,93.8190413123479,-43.9747918505375));
#1662=CARTESIAN_POINT('Origin',(4.49881391774091,93.8190413123479,-42.7247918505375));
#1663=CARTESIAN_POINT('Origin',(-5.01968608225393,81.5190423123656,-79.6095649209757));
#1664=CARTESIAN_POINT('',(-1.99784826010191,82.5190423123825,-80.6095649209759));
#1665=CARTESIAN_POINT('',(-0.501186082244447,82.3190425359739,-80.4095651445708));
#1666=CARTESIAN_POINT('Ctrl Pts',(-1.99784826010191,82.5190423123825,-80.6095649209759));
#1667=CARTESIAN_POINT('Ctrl Pts',(-1.24951717117318,82.319042535974,-80.4095651445708));
#1668=CARTESIAN_POINT('Ctrl Pts',(-0.501186082244447,82.3190425359739,-80.4095651445708));
#1669=CARTESIAN_POINT('',(0.995476095613334,82.5190423123824,-80.6095649209759));
#1670=CARTESIAN_POINT('Ctrl Pts',(-0.501186082244447,82.3190425359739,-80.4095651445708));
#1671=CARTESIAN_POINT('Ctrl Pts',(0.247145006684444,82.3190425359739,-80.4095651445707));
#1672=CARTESIAN_POINT('Ctrl Pts',(0.995476095613327,82.5190423123824,-80.6095649209759));
#1673=CARTESIAN_POINT('',(2.55617323065542,82.5190423123824,-80.6095649209759));
#1674=CARTESIAN_POINT('',(-5.01968608225392,82.5190423123825,-80.6095649209759));
#1675=CARTESIAN_POINT('',(3.38460035536821,80.5190423123487,-78.6095649209756));
#1676=CARTESIAN_POINT('',(2.68908324319906,82.198169157506,-80.2886917661049));
#1677=CARTESIAN_POINT('',(-10.9011860822548,80.5190423123489,-78.6095649209756));
#1678=CARTESIAN_POINT('',(-5.01968608225394,80.5190423123487,-78.6095649209756));
#1679=CARTESIAN_POINT('',(-10.9011860822547,82.5190423123826,-80.6095649209752));
#1680=CARTESIAN_POINT('',(-10.9011860822548,80.4690423123713,-78.559564920999));
#1681=CARTESIAN_POINT('',(-5.01968608225392,82.5190423123825,-80.6095649209759));
#1682=CARTESIAN_POINT('Origin',(-0.501186082244267,85.1190427595693,-80.1095649209758));
#1683=CARTESIAN_POINT('',(-0.501186082244395,83.1190427595693,-79.6095649209757));
#1684=CARTESIAN_POINT('Origin',(-0.501186082244267,85.1190427595693,-79.6095649209757));
#1685=CARTESIAN_POINT('',(-0.501186082244427,82.6190427595692,-80.1095649209758));
#1686=CARTESIAN_POINT('Origin',(-0.501186082244267,85.1190427595693,-80.6095649209759));
#1687=CARTESIAN_POINT('Origin',(-3.63818608225454,89.4690422023216,-80.6095649209759));
#1688=CARTESIAN_POINT('',(-10.9011860822553,98.4190420922933,-80.6095649209752));
#1689=CARTESIAN_POINT('',(-10.9011860822546,80.5190423124047,-80.6095649209752));
#1690=CARTESIAN_POINT('',(0.556173230576886,98.4190420922937,-80.6095648841041));
#1691=CARTESIAN_POINT('',(-10.9011860822553,98.4190420922933,-80.6095649209752));
#1692=CARTESIAN_POINT('',(3.99881391774089,94.9764014052034,-80.6095649209759));
#1693=CARTESIAN_POINT('',(3.35574354665308,95.6194717762775,-80.6095649209759));
#1694=CARTESIAN_POINT('',(3.99881391774089,83.9616829994679,-80.6095649209759));
#1695=CARTESIAN_POINT('',(3.99881391774089,91.6440417573347,-80.6095649209759));
#1696=CARTESIAN_POINT('',(3.35574354667561,83.3186126284026,-80.6095649209759));
#1697=CARTESIAN_POINT('',(-6.63818608225364,86.71904220232,-80.6095649209759));
#1698=CARTESIAN_POINT('Origin',(-6.63818608225347,89.46904220232,-80.6095649209759));
#1699=CARTESIAN_POINT('',(-0.501186082245066,92.3190420922926,-80.6095649209752));
#1700=CARTESIAN_POINT('',(-0.501186082244871,95.3190420922926,-80.6095649209752));
#1701=CARTESIAN_POINT('Origin',(-0.501186082244978,93.8190420922926,-80.6095649209752));
#1702=CARTESIAN_POINT('',(1.29881391767057,92.3190420922932,-80.6095649209761));
#1703=CARTESIAN_POINT('',(-3.10118608232331,92.3190420922933,-80.6095649209759));
#1704=CARTESIAN_POINT('',(1.29881391767057,95.3190420922932,-80.6095649209762));
#1705=CARTESIAN_POINT('',(1.29881391767057,92.3190420922932,-80.6095649209761));
#1706=CARTESIAN_POINT('',(0.298813917670575,95.3190420922932,-80.6095649209762));
#1707=CARTESIAN_POINT('Origin',(-5.01968608225273,81.5190423123485,-31.6095988505352));
#1708=CARTESIAN_POINT('',(0.995476095552976,82.5190423123484,-30.6095988505352));
#1709=CARTESIAN_POINT('',(-1.99784826004234,82.5190423123485,-30.6095988505352));
#1710=CARTESIAN_POINT('Ctrl Pts',(0.995476095552947,82.5190423123484,-30.6095988505352));
#1711=CARTESIAN_POINT('Ctrl Pts',(-0.501186082244671,82.1190427595695,-31.0095984033141));
#1712=CARTESIAN_POINT('Ctrl Pts',(-1.99784826004231,82.5190423123484,-30.6095988505352));
#1713=CARTESIAN_POINT('',(-10.9011860822538,82.5190423123485,-30.6095988505352));
#1714=CARTESIAN_POINT('',(-5.01968608225272,82.5190423123485,-30.6095988505352));
#1715=CARTESIAN_POINT('',(-10.9011860822545,80.5190423123488,-32.6095988505352));
#1716=CARTESIAN_POINT('',(-10.9011860822541,84.9440422690218,-28.1845988938618));
#1717=CARTESIAN_POINT('',(3.3846003553678,80.5190423123485,-32.6095988505352));
#1718=CARTESIAN_POINT('',(-5.01968608225274,80.5190423123486,-32.6095988505352));
#1719=CARTESIAN_POINT('',(2.55617323062156,82.5190423123484,-30.6095988505352));
#1720=CARTESIAN_POINT('',(2.68908324315845,82.1981691575067,-30.9304720053769));
#1721=CARTESIAN_POINT('',(-5.01968608225272,82.5190423123485,-30.6095988505352));
#1722=CARTESIAN_POINT('Origin',(-6.40118608225325,80.5190423123488,-94.1983611616145));
#1723=CARTESIAN_POINT('',(4.7988139177409,80.5190423123486,-77.6095649209759));
#1724=CARTESIAN_POINT('',(-3.32555964377141,80.5190423123487,-83.354364559214));
#1725=CARTESIAN_POINT('',(4.7988139177409,80.5190423123485,-33.6095988505352));
#1726=CARTESIAN_POINT('',(4.7988139177409,80.5190423123486,-68.4615765060766));
#1727=CARTESIAN_POINT('',(14.8653653586759,80.5190423123484,-40.7277256375836));
#1728=CARTESIAN_POINT('',(-10.9011860822531,80.5190423123488,-34.809598850535));
#1729=CARTESIAN_POINT('',(-10.9011860822553,80.5190423123488,-44.5637967061038));
#1730=CARTESIAN_POINT('',(-0.501186082242926,80.5190423123487,-34.8095988505357));
#1731=CARTESIAN_POINT('',(-1.38818608224558,80.5190423123488,-34.8095988505357));
#1732=CARTESIAN_POINT('',(-0.501186082243965,80.5190423123486,-76.4095649209766));
#1733=CARTESIAN_POINT('',(-0.501186082248211,80.5190423123488,-75.1035954037297));
#1734=CARTESIAN_POINT('',(-10.9011860822538,80.5190423124051,-76.4095649209759));
#1735=CARTESIAN_POINT('',(-1.38818608224812,80.5190423123486,-76.4095649209765));
#1736=CARTESIAN_POINT('',(-10.9011860822545,80.5190423123489,-72.6637630412951));
#1737=CARTESIAN_POINT('Origin',(-10.9011860822544,98.4190420922939,-34.8095988037871));
#1738=CARTESIAN_POINT('',(-10.901186082255,98.4190420922933,-30.6095988505352));
#1739=CARTESIAN_POINT('',(-10.901186082255,98.4190420922933,-30.6095988505352));
#1740=CARTESIAN_POINT('',(-10.9011860822544,98.4190420922939,-34.8095988037871));
#1741=CARTESIAN_POINT('',(-10.9011860822544,98.419041669784,-34.8095987712784));
#1742=CARTESIAN_POINT('',(-10.9011860822544,97.5095420922941,-34.8095988505351));
#1743=CARTESIAN_POINT('Origin',(4.41640371845542,82.2579524566228,-79.1095649209759));
#1744=CARTESIAN_POINT('',(6.99881391774089,82.7190423123486,-77.6095649209759));
#1745=CARTESIAN_POINT('',(3.99881391774089,83.9616829994679,-80.6095649209759));
#1746=CARTESIAN_POINT('',(5.47706389023522,81.1972922848429,-77.6095649209759));
#1747=CARTESIAN_POINT('Origin',(5.49881391774089,91.6440417573347,-79.1095649209759));
#1748=CARTESIAN_POINT('',(6.99881391774089,96.2190420923416,-77.6095649209759));
#1749=CARTESIAN_POINT('',(3.99881391774089,94.9764014052034,-80.6095649209759));
#1750=CARTESIAN_POINT('',(6.99881391774089,91.6440417573347,-77.6095649209759));
#1751=CARTESIAN_POINT('Origin',(4.41640371842155,96.6801319480687,-79.1095649209759));
#1752=CARTESIAN_POINT('',(4.79881391774088,98.4190420922945,-77.6095649209759));
#1753=CARTESIAN_POINT('',(10.573260783062,98.4190420922941,-73.5264143849499));
#1754=CARTESIAN_POINT('',(5.47706389019003,97.7407921198599,-77.6095649209759));
#1755=CARTESIAN_POINT('Origin',(5.8988139177409,81.6190423123486,-68.4615765060766));
#1756=CARTESIAN_POINT('',(6.99881391774089,82.7190423123484,-33.6095988505366));
#1757=CARTESIAN_POINT('',(6.99881391774089,82.7190423123485,-68.4615765060766));
#1758=CARTESIAN_POINT('',(5.47706389023572,81.1972922848433,-33.6095988505352));
#1759=CARTESIAN_POINT('Origin',(5.49881391774088,91.6440417573344,-32.1095988505359));
#1760=CARTESIAN_POINT('',(3.99881391774088,94.9764009826636,-30.6095988505352));
#1761=CARTESIAN_POINT('',(3.99881391774087,83.9616829994677,-30.6095988505352));
#1762=CARTESIAN_POINT('',(3.99881391774088,91.6440417573344,-30.6095988505352));
#1763=CARTESIAN_POINT('',(3.99881391774087,83.9616829994677,-30.6095988505352));
#1764=CARTESIAN_POINT('',(6.99881391774089,96.2190416697829,-33.6095988505352));
#1765=CARTESIAN_POINT('',(6.99881391774089,91.6440417573344,-33.6095988505366));
#1766=CARTESIAN_POINT('',(6.99881391774089,96.2190416697829,-33.6095988505352));
#1767=CARTESIAN_POINT('Origin',(4.41640371845592,82.2579524566231,-32.1095988505352));
#1768=CARTESIAN_POINT('',(3.35574354667612,83.3186126284029,-30.6095988505352));
#1769=CARTESIAN_POINT('Origin',(4.41640361282836,96.6801316311358,-32.1095988505352));
#1770=CARTESIAN_POINT('',(4.79881391774089,98.419041669783,-33.6095988505352));
#1771=CARTESIAN_POINT('',(5.47706378460821,97.7407918029156,-33.6095988505352));
#1772=CARTESIAN_POINT('',(0.556172808111093,98.4190420922936,-30.6095988505349));
#1773=CARTESIAN_POINT('',(4.20929977831139,98.419041669783,-33.1927494049393));
#1774=CARTESIAN_POINT('',(3.3557434410485,95.619471459356,-30.6095988505352));
#1775=CARTESIAN_POINT('Origin',(-3.6381860822523,89.469042202321,-30.6095988505352));
#1776=CARTESIAN_POINT('',(3.79881391774808,98.4190420922936,-30.6095988505351));
#1777=CARTESIAN_POINT('',(-0.501186082244463,88.1190427595695,-30.6095988505352));
#1778=CARTESIAN_POINT('Origin',(-0.501186082244656,85.1190427595695,-30.6095988505352));
#1779=CARTESIAN_POINT('Origin',(-0.501186082244656,85.1190427595695,-30.6095988505352));
#1780=CARTESIAN_POINT('',(-0.501186082245225,95.3190420922927,-30.6095988505347));
#1781=CARTESIAN_POINT('',(-0.501185757537959,92.3190420922927,-30.6095988505347));
#1782=CARTESIAN_POINT('Origin',(-0.501186082245331,93.8190420922927,-30.6095988505347));
#1783=CARTESIAN_POINT('',(2.29881391767149,95.3190420922932,-30.6095988505352));
#1784=CARTESIAN_POINT('',(-3.10118608232237,95.3190420922932,-30.6095988505352));
#1785=CARTESIAN_POINT('',(2.29881391767149,92.3190420922933,-30.6095988505352));
#1786=CARTESIAN_POINT('',(2.29881391767149,95.3190420922932,-30.6095988505352));
#1787=CARTESIAN_POINT('',(0.298813917671501,92.3190420922933,-30.6095988505352));
#1788=CARTESIAN_POINT('',(-6.63818608225249,92.2190422023205,-30.6095988505352));
#1789=CARTESIAN_POINT('Origin',(-6.63818608225266,89.4690422023205,-30.6095988505352));
#1790=CARTESIAN_POINT('Origin',(4.79881391774055,98.4190420922942,-80.609564920977));
#1791=CARTESIAN_POINT('',(4.79881391773967,98.4190420922937,-56.7095818857585));
#1792=CARTESIAN_POINT('',(5.89881391776429,97.3190420922934,-56.7095818857585));
#1793=CARTESIAN_POINT('',(6.87381391775213,96.3440420923263,-56.7095818857585));
#1794=CARTESIAN_POINT('',(4.79881391773963,98.4190420922937,-54.5095818857585));
#1795=CARTESIAN_POINT('',(4.79881391774124,98.4190420922933,-68.1095734033677));
#1796=CARTESIAN_POINT('',(5.89881391776426,97.3190420922934,-54.5095818857585));
#1797=CARTESIAN_POINT('',(4.99881391771645,98.2190420923222,-54.5095818857585));
#1798=CARTESIAN_POINT('',(6.99881391773963,96.2190420923414,-54.3870812450722));
#1799=CARTESIAN_POINT('Origin',(5.89881391776418,97.3190420922934,-49.5095818857585));
#1800=CARTESIAN_POINT('',(6.99881391773967,96.2190420923414,-56.8320825264448));
#1801=CARTESIAN_POINT('',(6.99881391774089,96.2190420923403,-61.6671783857579));
#1802=CARTESIAN_POINT('Origin',(5.89881391776437,97.3190420922934,-61.7095818857585));
#1803=CARTESIAN_POINT('Origin',(6.99881391774003,92.3190420922933,-56.7095818857585));
#1804=CARTESIAN_POINT('',(-0.501186082243503,97.3190420922934,-56.7095818857585));
#1805=CARTESIAN_POINT('',(3.04898514023916,97.3190420922934,-56.7095818857585));
#1806=CARTESIAN_POINT('',(-0.501186082243503,98.4190420922933,-56.7095818857585));
#1807=CARTESIAN_POINT('',(-0.501186082243503,92.3190420922933,-56.7095818857585));
#1808=CARTESIAN_POINT('',(-3.30118608226293,98.4190420922933,-56.7095818857585));
#1809=CARTESIAN_POINT('Origin',(3.04898514023915,97.3190420922934,-61.7095818857585));
#1810=CARTESIAN_POINT('',(6.99881391774088,92.3190420923407,-61.7095818857585));
#1811=CARTESIAN_POINT('Origin',(6.99881391774087,97.3190420922934,-61.7095818857585));
#1812=CARTESIAN_POINT('',(-0.501186082245952,92.3190420922934,-61.7095818857585));
#1813=CARTESIAN_POINT('',(3.04898514023916,92.3190420922934,-61.7095818857585));
#1814=CARTESIAN_POINT('Origin',(-0.501186082247601,97.3190420922934,-61.7095818857585));
#1815=CARTESIAN_POINT('Origin',(6.99881391774089,93.8190413123477,-42.7247918505387));
#1816=CARTESIAN_POINT('',(6.99881391774091,96.2190420923416,-70.7080008773053));
#1817=CARTESIAN_POINT('',(6.99881391774089,96.2190420923418,-46.0671785712515));
#1818=CARTESIAN_POINT('',(6.99881391774091,96.2190420923417,-67.1080029646536));
#1819=CARTESIAN_POINT('Origin',(6.99881391774091,93.8190413095864,-68.9080019209794));
#1820=CARTESIAN_POINT('',(6.99881391774088,96.2190420923417,-62.5095646532031));
#1821=CARTESIAN_POINT('',(6.99881391774089,96.2190420923418,-46.0671785712515));
#1822=CARTESIAN_POINT('',(6.99881391774088,92.3190420922933,-62.5095643649763));
#1823=CARTESIAN_POINT('',(6.99881391774088,98.4190420923896,-62.5095648157927));
#1824=CARTESIAN_POINT('',(6.99881391774088,92.3190420922933,-62.5095643649763));
#1825=CARTESIAN_POINT('',(6.99881391774088,92.3190420930633,-49.5095818857585));
#1826=CARTESIAN_POINT('Origin',(6.99881391774089,97.3190420922934,-49.5095818857585));
#1827=CARTESIAN_POINT('',(6.99881391774088,92.3190420931107,-48.7095989457652));
#1828=CARTESIAN_POINT('',(6.99881391774088,92.3190420922933,-62.5095643649763));
#1829=CARTESIAN_POINT('',(6.99881391774088,96.2190416697828,-48.7095992315086));
#1830=CARTESIAN_POINT('',(6.99881391774088,92.3190420931107,-48.7095989457652));
#1831=CARTESIAN_POINT('',(6.99881391774089,96.2190416697828,-44.5247913739585));
#1832=CARTESIAN_POINT('',(6.99881391774089,96.2190416697828,-38.7671952946547));
#1833=CARTESIAN_POINT('',(6.99881391774089,96.2190416697828,-40.9247923271189));
#1834=CARTESIAN_POINT('Origin',(6.99881391774089,93.8190413123477,-42.7247918505387));
#1835=CARTESIAN_POINT('',(6.99881391774089,96.2190416697828,-38.7671952946547));
#1836=CARTESIAN_POINT('Origin',(-0.701014859752575,97.3190420922934,-49.5095818857585));
#1837=CARTESIAN_POINT('',(-0.50118608224345,97.3190420922934,-54.5095818857585));
#1838=CARTESIAN_POINT('',(-0.70101485975258,97.3190420922934,-54.5095818857585));
#1839=CARTESIAN_POINT('',(-0.501186082245174,92.3190420922934,-49.5095818857585));
#1840=CARTESIAN_POINT('Origin',(-0.50118608224759,97.3190420922934,-49.5095818857585));
#1841=CARTESIAN_POINT('',(-0.701014859752574,92.3190420922934,-49.5095818857585));
#1842=CARTESIAN_POINT('Origin',(-0.50118608224345,92.3190420922933,-54.5095818857585));
#1843=CARTESIAN_POINT('',(-0.50118608224345,98.4190420922933,-54.5095818857585));
#1844=CARTESIAN_POINT('',(-3.30118608226307,98.4190420922933,-54.5095818857585));
#1845=CARTESIAN_POINT('',(-0.50118608224345,92.3190420922933,-54.5095818857585));
#1846=CARTESIAN_POINT('Origin',(3.24881391774827,98.4190420922933,-55.6095818857585));
#1847=CARTESIAN_POINT('',(-0.501186082244001,98.4190420922933,-76.4095649209778));
#1848=CARTESIAN_POINT('Origin',(-0.900843637261755,92.3190420922934,-104.373776130897));
#1849=CARTESIAN_POINT('',(1.29881391766995,92.3190420923874,-62.5095649209761));
#1850=CARTESIAN_POINT('',(4.79881391774088,92.3190420922933,-62.5095643649763));
#1851=CARTESIAN_POINT('',(1.29881391767231,92.3190420922938,-71.6262025182703));
#1852=CARTESIAN_POINT('',(-0.501186082243219,92.3190420922937,-76.4095649209767));
#1853=CARTESIAN_POINT('',(-0.501186082244977,92.3190420922934,-80.6095649209752));
#1854=CARTESIAN_POINT('',(-0.501186082248163,92.3190420922934,-96.3852781466247));
#1855=CARTESIAN_POINT('Origin',(-0.900843637261755,92.3190420922934,-104.373776130897));
#1856=CARTESIAN_POINT('',(-0.501186082242162,92.3190420922938,-34.8095988505358));
#1857=CARTESIAN_POINT('',(-0.501186082248163,92.3190420922934,-96.3852781466247));
#1858=CARTESIAN_POINT('',(-0.501186082245331,92.3190420922935,-30.6095988505347));
#1859=CARTESIAN_POINT('',(2.29881391767246,92.3190420922126,-48.7095993776532));
#1860=CARTESIAN_POINT('',(2.29881391766931,92.3190420922934,-76.4199689907161));
#1861=CARTESIAN_POINT('',(4.79881391774088,92.3190420931107,-48.7095989457652));
#1862=CARTESIAN_POINT('Origin',(5.89881391774089,97.3190420923183,-46.0671785712515));
#1863=CARTESIAN_POINT('',(4.79881391774088,98.4190420923896,-62.5095648157927));
#1864=CARTESIAN_POINT('',(4.79881391774088,98.4190420922947,-46.0671785712516));
#1865=CARTESIAN_POINT('',(5.34881422150797,97.8690417885393,-62.5095647751453));
#1866=CARTESIAN_POINT('',(6.39881470048333,96.8190413095864,-68.908001924793));
#1867=CARTESIAN_POINT('Origin',(9.39881470054758,93.8190413095864,-68.9080019209794));
#1868=CARTESIAN_POINT('Origin',(9.39881470054758,93.8190413095864,-68.9080019209794));
#1869=CARTESIAN_POINT('Origin',(4.79881391774088,98.4190420923896,-62.5095648157927));
#1870=CARTESIAN_POINT('',(-0.501186082250019,98.4190420923888,-62.5095649458895));
#1871=CARTESIAN_POINT('',(4.79881391774088,98.4190420923896,-62.5095648157927));
#1872=CARTESIAN_POINT('',(-0.501186082250086,97.3190420923345,-62.5095649458668));
#1873=CARTESIAN_POINT('',(-0.501186082247641,94.30654191987,-62.5095645118611));
#1874=CARTESIAN_POINT('',(1.29881391767057,97.3190420923345,-62.5095643650781));
#1875=CARTESIAN_POINT('',(0.611813917710877,97.3190422401019,-62.5095647344979));
#1876=CARTESIAN_POINT('',(1.29881391767057,96.8690426798808,-62.509564701241));
#1877=CARTESIAN_POINT('Origin',(3.62481391775024,98.4190420922947,-49.4095652919644));
#1878=CARTESIAN_POINT('',(-10.9011860822545,98.4190420922939,-76.4095649209759));
#1879=CARTESIAN_POINT('',(-10.9011860822537,98.4190420922956,-62.9095651064698));
#1880=CARTESIAN_POINT('',(-0.501186082244054,98.4190420922938,-76.4095649209767));
#1881=CARTESIAN_POINT('',(1.56181391775359,98.4190420922938,-76.4095649209768));
#1882=CARTESIAN_POINT('',(-0.501186082250751,98.4190420922941,-76.4095648742293));
#1883=CARTESIAN_POINT('Origin',(5.89881391774089,97.3190416697829,-38.7671952946547));
#1884=CARTESIAN_POINT('',(6.398814275176,96.8190413123477,-42.7247918543522));
#1885=CARTESIAN_POINT('Origin',(9.39881427517585,93.8190413123477,-42.7247918505387));
#1886=CARTESIAN_POINT('Origin',(9.39881427517585,93.8190413123477,-42.7247918505387));
#1887=CARTESIAN_POINT('',(4.79881391774089,98.4190416697829,-48.7095993926972));
#1888=CARTESIAN_POINT('',(6.87381399402283,96.3440415935008,-48.709599240667));
#1889=CARTESIAN_POINT('',(4.79881391774089,98.4190416697829,-38.7671952946547));
#1890=CARTESIAN_POINT('Origin',(3.6248139177503,98.419041669783,-34.8095987387706));
#1891=CARTESIAN_POINT('',(-0.501186082247715,98.4190416697782,-48.7095993926958));
#1892=CARTESIAN_POINT('',(4.21181391774578,98.4190416697829,-48.7095993926972));
#1893=CARTESIAN_POINT('',(-0.501186082244311,98.4190420922938,-34.8095988037868));
#1894=CARTESIAN_POINT('',(-0.501186082247934,98.4190420922945,-41.6630061739647));
#1895=CARTESIAN_POINT('',(1.56181391775632,98.4190420922938,-34.8095988505359));
#1896=CARTESIAN_POINT('Origin',(4.79881391774088,92.3190420931107,-48.7095989457652));
#1897=CARTESIAN_POINT('',(2.29881391767142,97.3190420922519,-48.7095989458671));
#1898=CARTESIAN_POINT('',(2.29881391767143,92.319041510225,-48.7095989457651));
#1899=CARTESIAN_POINT('',(-0.5011860822477,97.3190420922519,-48.7095993926731));
#1900=CARTESIAN_POINT('',(-2.7241341679984,97.3190419457581,-48.7095993121029));
#1901=CARTESIAN_POINT('',(-0.501186082247624,91.2565418907302,-48.7095988679184));
#1902=CARTESIAN_POINT('Origin',(2.29881391767147,92.3190420922933,-32.8095988505354));
#1903=CARTESIAN_POINT('',(2.29881391767346,95.3190420922936,-46.7095989458671));
#1904=CARTESIAN_POINT('',(2.29881391767333,95.3190420922936,-56.1417446014938));
#1905=CARTESIAN_POINT('Origin',(2.29881391767093,97.3190420922933,-46.7095989458671));
#1906=CARTESIAN_POINT('',(2.2988139176709,93.8190413123479,-43.9747918505372));
#1907=CARTESIAN_POINT('Origin',(2.29881391767098,93.8190413123479,-42.7247918505372));
#1908=CARTESIAN_POINT('Origin',(-2.72413416799832,97.3190420922933,-46.7095989458669));
#1909=CARTESIAN_POINT('',(-0.501186082248327,95.3190420922938,-46.7095989458669));
#1910=CARTESIAN_POINT('',(-2.72413416799832,95.3190420922933,-46.7095989458669));
#1911=CARTESIAN_POINT('Origin',(-0.501186082247526,97.3190420922933,-46.7095989458669));
#1912=CARTESIAN_POINT('Origin',(1.29881391767057,95.3190420922932,-78.4095649209762));
#1913=CARTESIAN_POINT('',(1.29881391767222,95.3190420922938,-64.5095643650781));
#1914=CARTESIAN_POINT('Origin',(1.29881391767106,97.3190420922932,-64.5095643650781));
#1915=CARTESIAN_POINT('',(1.29881391767148,95.3190420922938,-76.4095649209768));
#1916=CARTESIAN_POINT('',(1.29881391767094,93.8190413095865,-70.1580019209781));
#1917=CARTESIAN_POINT('Origin',(1.29881391767102,93.8190413095865,-68.9080019209781));
#1918=CARTESIAN_POINT('Origin',(-0.501186082247624,90.1940417025041,-63.1163801623528));
#1919=CARTESIAN_POINT('',(-0.501186082243219,95.3190420922937,-76.4095649209767));
#1920=CARTESIAN_POINT('',(-0.501186082248428,86.9910415074264,-76.4095649209767));
#1921=CARTESIAN_POINT('',(-0.501186082248632,95.3190420923469,-64.509564365078));
#1922=CARTESIAN_POINT('',(-0.501186082248722,95.3190420922942,-67.0661279458256));
#1923=CARTESIAN_POINT('Origin',(-0.501186082247673,97.3190420922932,-64.509564365078));
#1924=CARTESIAN_POINT('Origin',(0.611813917710806,97.3190420922932,-64.509564365078));
#1925=CARTESIAN_POINT('',(0.611813917710806,95.3190420922932,-64.509564365078));
#1926=CARTESIAN_POINT('Origin',(4.79881391774091,93.8190413095864,-68.9080019209794));
#1927=CARTESIAN_POINT('',(4.79881391774091,96.8190413095864,-68.9080019247929));
#1928=CARTESIAN_POINT('',(4.79881391774091,96.8190413095864,-68.908001924793));
#1929=CARTESIAN_POINT('Origin',(4.7988139177518,93.8190413095864,-68.9080019209794));
#1930=CARTESIAN_POINT('Origin',(-2.40118608232581,95.3190420922933,-23.5181028505371));
#1931=CARTESIAN_POINT('',(-0.501186082242162,95.3190420922936,-34.8095988505358));
#1932=CARTESIAN_POINT('',(-0.501186082245331,95.3190420922933,-30.6095988505347));
#1933=CARTESIAN_POINT('',(-0.501186082247545,95.3190420922938,-35.2232288505359));
#1934=CARTESIAN_POINT('Origin',(-0.501186082244267,85.1190427595693,-78.4095649209763));
#1935=CARTESIAN_POINT('',(-0.501186082244395,83.1190427595693,-76.4095649209769));
#1936=CARTESIAN_POINT('Origin',(-0.501186082244267,85.1190427595693,-76.4095649209769));
#1937=CARTESIAN_POINT('',(-0.501186082244395,83.1190427595693,-78.4095649209763));
#1938=CARTESIAN_POINT('Origin',(-0.501186082244978,93.8190420922926,-80.6095649209752));
#1939=CARTESIAN_POINT('',(-0.501186082244978,95.3190420922932,-80.6095649209752));
#1940=CARTESIAN_POINT('Origin',(-0.501186082244978,93.8190420922926,-76.4095649209752));
#1941=CARTESIAN_POINT('Origin',(-6.63818608225347,89.46904220232,-78.4095649209759));
#1942=CARTESIAN_POINT('',(-6.63818608225364,86.71904220232,-78.4095649209759));
#1943=CARTESIAN_POINT('',(-6.63818608225364,86.71904220232,-78.4095649209759));
#1944=CARTESIAN_POINT('Origin',(-6.63818608225347,89.46904220232,-78.409564920977));
#1945=CARTESIAN_POINT('Origin',(1.84881391774995,93.8190413095865,-68.9080019209782));
#1946=CARTESIAN_POINT('',(1.84881391774987,93.8190413095865,-70.1580019209782));
#1947=CARTESIAN_POINT('Origin',(-6.63818608225274,89.4690422023205,-77.4095649209759));
#1948=CARTESIAN_POINT('',(-6.63818608225285,87.7690422023205,-78.4095649209771));
#1949=CARTESIAN_POINT('Origin',(-6.63818608225274,89.4690422023205,-78.409564920977));
#1950=CARTESIAN_POINT('',(-6.63818608225285,87.7690422023205,-76.4095649209768));
#1951=CARTESIAN_POINT('',(-6.63818608225285,87.7690422023205,-77.4095649209759));
#1952=CARTESIAN_POINT('Origin',(-6.63818608225274,89.4690422023205,-76.4095649209769));
#1953=CARTESIAN_POINT('Origin',(-10.9011860822547,80.5190423124051,-76.409564920976));
#1954=CARTESIAN_POINT('',(-10.9011860822547,82.153541812377,-76.409564920976));
#1955=CARTESIAN_POINT('Origin',(3.62481391775393,83.7880413123487,-76.4095649209769));
#1956=CARTESIAN_POINT('',(-0.501186082243219,82.5190427595698,-76.4095649209769));
#1957=CARTESIAN_POINT('',(-0.501186082248445,85.7566050074263,-76.4095649209767));
#1958=CARTESIAN_POINT('',(-0.501186082243237,87.7190427595698,-76.4095649209769));
#1959=CARTESIAN_POINT('Origin',(-0.501186082242602,85.1190427595699,-76.4095649209757));
#1960=CARTESIAN_POINT('',(-0.501186082248428,86.9910415074264,-76.4095649209767));
#1961=CARTESIAN_POINT('Origin',(3.62481391774782,83.7880413123488,-78.409564920977));
#1962=CARTESIAN_POINT('Origin',(-2.4011860823259,95.3190420922932,-38.1180694037309));
#1963=CARTESIAN_POINT('Origin',(-0.501186082247624,87.7251687025041,-88.3967801623528));
#1964=CARTESIAN_POINT('',(-0.50118608224218,82.5190427595699,-34.8095988505361));
#1965=CARTESIAN_POINT('',(-0.501186082246749,92.162605397399,-34.8095988505358));
#1966=CARTESIAN_POINT('',(-0.501186082249193,82.5190427595699,-36.5291983677833));
#1967=CARTESIAN_POINT('Origin',(4.7988139177518,93.8280413123224,-96.1017993561502));
#1968=CARTESIAN_POINT('Origin',(4.79881391774089,93.8190413123477,-42.7247918505387));
#1969=CARTESIAN_POINT('',(4.79881391774089,96.8190413123477,-42.7247918543522));
#1970=CARTESIAN_POINT('',(4.79881391774089,96.8190413123477,-42.7247918543522));
#1971=CARTESIAN_POINT('Origin',(4.7988139177518,93.8190413123477,-42.7247918505387));
#1972=CARTESIAN_POINT('Origin',(-0.501186082247596,90.1940417025041,-48.516413609159));
#1973=CARTESIAN_POINT('',(-0.501186082246732,93.397041897399,-34.8095988505358));
#1974=CARTESIAN_POINT('Origin',(-0.501186082244657,85.1190427595695,-31.1095988505352));
#1975=CARTESIAN_POINT('',(-0.50118608224453,87.1190427595695,-31.6095988505352));
#1976=CARTESIAN_POINT('Origin',(-0.501186082244659,85.1190427595695,-31.6095988505352));
#1977=CARTESIAN_POINT('',(-0.501186082244496,87.6190427595695,-31.1095988505352));
#1978=CARTESIAN_POINT('Origin',(-0.501186082244662,85.1190427595695,-32.8095988505357));
#1979=CARTESIAN_POINT('',(-0.501186082244538,87.1190427595695,-34.8095988505361));
#1980=CARTESIAN_POINT('Origin',(-0.501186082244667,85.1190427595695,-34.8095988505361));
#1981=CARTESIAN_POINT('',(-0.501186082244533,87.1190427595695,-32.8095988505356));
#1982=CARTESIAN_POINT('Origin',(-0.501186082245331,93.8190420922927,-30.6095988505347));
#1983=CARTESIAN_POINT('Origin',(-0.501186082246141,93.8190420922926,-34.8095988505346));
#1984=CARTESIAN_POINT('Origin',(-6.63818608225269,89.4690422023205,-32.8095988505352));
#1985=CARTESIAN_POINT('',(-6.63818608225251,92.2190422023205,-32.8095988505352));
#1986=CARTESIAN_POINT('',(-6.63818608225251,92.2190422023205,-32.8095988505352));
#1987=CARTESIAN_POINT('Origin',(-6.63818608225269,89.4690422023205,-32.8095988505361));
#1988=CARTESIAN_POINT('Origin',(1.84881391775393,93.8190413123479,-42.7247918505373));
#1989=CARTESIAN_POINT('',(1.84881391775385,93.8190413123479,-43.9747918505373));
#1990=CARTESIAN_POINT('Origin',(3.62481391775176,96.6000420922942,-32.8095988505362));
#1991=CARTESIAN_POINT('',(-6.63818608225185,91.169042202321,-32.8095988505361));
#1992=CARTESIAN_POINT('Origin',(-6.63818608225196,89.469042202321,-32.8095988505362));
#1993=CARTESIAN_POINT('Origin',(-6.63818608225196,89.469042202321,-32.809598850535));
#1994=CARTESIAN_POINT('',(-6.63818608225186,91.169042202321,-34.8095988505362));
#1995=CARTESIAN_POINT('',(-6.63818608225185,91.169042202321,-32.809598850535));
#1996=CARTESIAN_POINT('Origin',(-6.63818608225196,89.469042202321,-34.8095988505361));
#1997=CARTESIAN_POINT('Origin',(3.62481391775776,96.6000420922941,-34.8095988505361));
#1998=CARTESIAN_POINT('',(-0.50118608224218,87.7190427595699,-34.8095988505361));
#1999=CARTESIAN_POINT('',(-0.501186082246732,93.397041897399,-34.8095988505358));
#2000=CARTESIAN_POINT('Origin',(-0.501186082242535,85.1190427595699,-34.809598850535));
#2001=CARTESIAN_POINT('Origin',(-0.501186082247624,90.1940417025041,-88.3967801623528));
#2002=CARTESIAN_POINT('',(-0.501186082246715,87.7190427595699,-35.2232288505352));
#2003=CARTESIAN_POINT('Origin',(4.7988139177518,93.8280413123224,-96.1017993561502));
#2004=CARTESIAN_POINT('Origin',(-0.501186082242597,85.1190427595699,-75.1035954037289));
#2005=UNCERTAINTY_MEASURE_WITH_UNIT(LENGTH_MEASURE(0.01),#2009,
'DISTANCE_ACCURACY_VALUE',
'Maximum model space distance between geometric entities at asserted c
onnectivities');
#2006=UNCERTAINTY_MEASURE_WITH_UNIT(LENGTH_MEASURE(0.01),#2009,
'DISTANCE_ACCURACY_VALUE',
'Maximum model space distance between geometric entities at asserted c
onnectivities');
#2007=(
GEOMETRIC_REPRESENTATION_CONTEXT(3)
GLOBAL_UNCERTAINTY_ASSIGNED_CONTEXT((#2005))
GLOBAL_UNIT_ASSIGNED_CONTEXT((#2009,#2011,#2012))
REPRESENTATION_CONTEXT('','3D')
);
#2008=(
GEOMETRIC_REPRESENTATION_CONTEXT(3)
GLOBAL_UNCERTAINTY_ASSIGNED_CONTEXT((#2006))
GLOBAL_UNIT_ASSIGNED_CONTEXT((#2009,#2011,#2012))
REPRESENTATION_CONTEXT('','3D')
);
#2009=(
LENGTH_UNIT()
NAMED_UNIT(*)
SI_UNIT(.MILLI.,.METRE.)
);
#2010=(
LENGTH_UNIT()
NAMED_UNIT(*)
SI_UNIT($,.METRE.)
);
#2011=(
NAMED_UNIT(*)
PLANE_ANGLE_UNIT()
SI_UNIT($,.RADIAN.)
);
#2012=(
NAMED_UNIT(*)
SI_UNIT($,.STERADIAN.)
SOLID_ANGLE_UNIT()
);
#2013=SHAPE_DEFINITION_REPRESENTATION(#2014,#2015);
#2014=PRODUCT_DEFINITION_SHAPE('',$,#2017);
#2015=SHAPE_REPRESENTATION('',(#1214),#2007);
#2016=PRODUCT_DEFINITION_CONTEXT('part definition',#2021,'design');
#2017=PRODUCT_DEFINITION('mount-top-right','mount-top-right',#2018,#2016);
#2018=PRODUCT_DEFINITION_FORMATION('',$,#2023);
#2019=PRODUCT_RELATED_PRODUCT_CATEGORY('mount-top-right',
'mount-top-right',(#2023));
#2020=APPLICATION_PROTOCOL_DEFINITION('international standard',
'automotive_design',2009,#2021);
#2021=APPLICATION_CONTEXT(
'Core Data for Automotive Mechanical Design Process');
#2022=PRODUCT_CONTEXT('part definition',#2021,'mechanical');
#2023=PRODUCT('mount-top-right','mount-top-right',$,(#2022));
#2024=PRESENTATION_STYLE_ASSIGNMENT((#2026));
#2025=PRESENTATION_STYLE_ASSIGNMENT((#2027));
#2026=SURFACE_STYLE_USAGE(.BOTH.,#2028);
#2027=SURFACE_STYLE_USAGE(.BOTH.,#2029);
#2028=SURFACE_SIDE_STYLE('',(#2030));
#2029=SURFACE_SIDE_STYLE('',(#2031));
#2030=SURFACE_STYLE_FILL_AREA(#2032);
#2031=SURFACE_STYLE_FILL_AREA(#2033);
#2032=FILL_AREA_STYLE('Steel - Satin',(#2034));
#2033=FILL_AREA_STYLE('ABS (White)',(#2035));
#2034=FILL_AREA_STYLE_COLOUR('Steel - Satin',#2036);
#2035=FILL_AREA_STYLE_COLOUR('ABS (White)',#2037);
#2036=COLOUR_RGB('Steel - Satin',0.627450980392157,0.627450980392157,0.627450980392157);
#2037=COLOUR_RGB('ABS (White)',0.964705882352941,0.964705882352941,0.952941176470588);
ENDSEC;
END-ISO-10303-21;
